cellid,x,y,z,nonzero_voxels,vth,order_used,n_coeffs,delta_final,t_read,t_moments,t_transform
1824,-6912500.0,0.0,-1787500.0,184144,238164.85176632894,4,20,0.013960842327260643,0.10518370800127741,0.01848745800089091,0.06286141699820291
69088,-5312500.0,0.0,1012500.0,187968,238951.16671249084,4,20,0.0160154389406755,0.11293833301169798,0.028609625005628914,0.04920808400493115
6624,-6912500.0,0.0,-1587500.0,182839,238073.77070345578,4,20,0.013961914980910633,0.10864991700509563,0.023128667002310976,0.06436966700130142
66688,-5312500.0,0.0,912500.0,188800,239842.79998835016,4,20,0.023554355209305537,0.11349262499425095,0.02638937499432359,0.05874283300363459
4224,-6912500.0,0.0,-1687500.0,183824,238132.02123269913,4,20,0.013885082968885167,0.11470312500023283,0.0338142910040915,0.07327333300781902
928,687500.0,0.0,-1837500.0,188667,239494.13193563375,4,20,0.016403910265130744,0.06109712499892339,0.007591208006488159,0.0532384580001235
1536,887500.0,0.0,-1812500.0,189252,239486.36633299474,4,20,0.016322065195992354,0.057910709001589566,0.00601266699959524,0.057258959001046605
3328,687500.0,0.0,-1737500.0,188747,239528.48324103688,4,20,0.01652132899997857,0.06905795801139902,0.006252000006497838,0.0620374999998603
6336,887500.0,0.0,-1612500.0,189235,239574.4314157603,4,20,0.016509973582691954,0.06842733299708925,0.006122625010902993,0.05373579201113898
3936,887500.0,0.0,-1712500.0,189044,239528.02165121317,4,20,0.016468738119691493,0.05716199999733362,0.006889041003887542,0.0630339999916032
448,3687500.0,0.0,-1862500.0,188480,240203.75279674088,4,20,0.0002743499266633751,0.0540737500123214,0.006010208002408035,0.05938674999924842
2848,3687500.0,0.0,-1762500.0,187631,238851.12782525903,4,20,0.015723007640069286,0.06443658299394883,0.005780332998256199,0.06461695799953304
5248,3687500.0,0.0,-1662500.0,187783,238809.9126504045,4,20,0.015827717549106068,0.05829954199725762,0.006322875007754192,0.0589304169989191
1056,3887500.0,0.0,-1837500.0,187540,238787.64201433686,4,20,0.015694740427098147,0.05324174999259412,0.008236209003371187,0.05570008400536608
5856,3887500.0,0.0,-1637500.0,187509,238727.8775225895,4,20,0.015809702876962817,0.052041874994756654,0.007619374999194406,0.06355433301359881
3456,3887500.0,0.0,-1737500.0,187588,238772.17017714592,4,20,0.01567350874521333,0.057631708987173624,0.0058493749966146424,0.0650017080042744
4864,-5912500.0,0.0,-1662500.0,185586,238222.45408084508,4,20,0.014466663677644568,0.06259537499863654,0.00594554100825917,0.04667241600691341
2464,-5912500.0,0.0,-1762500.0,186320,238267.12529303154,4,20,0.014472455713175778,0.05801420900388621,0.009323541991761886,0.06373379100114107
64,-5912500.0,0.0,-1862500.0,188480,240203.75279674088,4,20,0.0002743499266633751,0.04935216599551495,0.005884874990442768,0.06922454200685024
55808,-7312500.0,0.0,462500.0,198865,253536.2518058795,11,286,0.04680903738183133,0.06742808299895842,0.009780166001291946,0.8663855000049807
58208,-7312500.0,0.0,562500.0,198208,249883.54161876356,10,220,0.046288872336018576,0.06440341701090802,0.006690374997560866,0.6182711669971468
6208,-2312500.0,0.0,-1612500.0,189263,239345.594741055,4,20,0.016119393998457448,0.05945508299919311,0.008698999998159707,0.05235625000204891
3808,-2312500.0,0.0,-1712500.0,189096,239345.28390561452,4,20,0.016012467010050338,0.05570783400617074,0.009615083996322937,0.05649866699241102
42016,-7112500.0,0.0,-112500.0,255360,245442.8582751937,17,969,0.04578689354079236,0.13101129099959508,0.01443450000078883,2.876485250002588
1408,-2312500.0,0.0,-1812500.0,189168,239328.41289946242,4,20,0.01593059632949878,0.05903879199468065,0.005952084000455216,0.05754237499786541
3200,-2512500.0,0.0,-1737500.0,189160,239290.31073029526,4,20,0.015935052710143508,0.059528750003664754,0.008334124999237247,0.05263579099846538
5600,-2512500.0,0.0,-1637500.0,189023,239278.8046943989,4,20,0.01607358454763831,0.062254750009742565,0.0059154579939786345,0.05839312500029337
63616,-7112500.0,0.0,787500.0,192195,242171.09245616963,4,20,0.043474421304890765,0.05415008398995269,0.008794332999968901,0.05711449999944307
61216,-7112500.0,0.0,687500.0,195776,245091.25848485812,5,35,0.049874923165201104,0.059632958000293,0.00977104200865142,0.09777029100223444
41472,-5712500.0,0.0,-137500.0,249216,248550.2170914248,17,969,0.04876361646213724,0.08406100000138395,0.0064934999973047525,2.8780352499888977
42624,-6912500.0,0.0,-87500.0,262272,243427.35175485341,18,1140,0.047848806348760736,0.08339904200693127,0.0064618750038789585,3.373344959007227
44416,-7112500.0,0.0,-12500.0,286912,244400.23899263548,19,1330,0.04934493055991056,0.11579912500747014,0.013089000000036322,3.8676295000041137
6560,6487500.0,0.0,-1612500.0,183247,238116.2247696848,4,20,0.014130279243278459,0.05868308299977798,0.012776042000041343,0.05450233299052343
1760,6487500.0,0.0,-1812500.0,185160,238188.49373774749,4,20,0.014152795222926036,0.05804545899445657,0.006015207996824756,0.05871208300231956
4160,6487500.0,0.0,-1712500.0,184728,238168.3648941354,4,20,0.014068038388261985,0.05732387500756886,0.0059840419999090955,0.05305779099580832
43872,-5712500.0,0.0,-37500.0,284544,243851.7308412474,19,1330,0.04844147492998679,0.08102883299579844,0.006558000008226372,3.8924592080002185
65408,-7312500.0,0.0,862500.0,190400,240624.94782078528,4,20,0.029976060956324973,0.05529766700055916,0.008433625000179745,0.05815954199351836
5952,6287500.0,0.0,-1637500.0,184888,238149.79280811464,4,20,0.014228536188385451,0.05727420799667016,0.006548041012138128,0.06134529199334793
52832,-6712500.0,0.0,337500.0,202667,254174.25943298414,11,286,0.04671997960771912,0.06333991599967703,0.007110875012585893,0.8348881249985425
70208,-7312500.0,0.0,1062500.0,186848,238572.96881462363,4,20,0.01394145862851417,0.05581437499495223,0.012008459001663141,0.058841292004217394
67808,-7312500.0,0.0,962500.0,188956,239308.74194631304,4,20,0.01858673054260534,0.05994187500618864,0.007447709009284154,0.06400475000555161
6720,-4512500.0,0.0,-1587500.0,186436,238526.95848347642,4,20,0.015586245728440704,0.055753458000253886,0.009762166009750217,0.05684408299566712
4320,-4512500.0,0.0,-1687500.0,186704,238571.57637126502,4,20,0.015430931729204457,0.054174459000932984,0.012447917004465126,0.05430420899938326
1920,-4512500.0,0.0,-1787500.0,186860,238610.1924052608,4,20,0.015398401452277367,0.05432045800262131,0.0062979170033941045,0.058812458999454975
68416,-7112500.0,0.0,987500.0,188279,239081.70927425646,4,20,0.016920973501294526,0.05945791699923575,0.010790792002808303,0.05432737500814255
50432,-6712500.0,0.0,237500.0,219520,252912.03382653662,13,455,0.04919954816806762,0.0708540420018835,0.007256875003804453,1.3147293329966487
42304,87500.0,0.0,-112500.0,300416,258205.57804624017,14,560,0.04528659809276509,0.09458091600390617,0.006142625003121793,1.6240293750015553
66016,-7112500.0,0.0,887500.0,189815,240219.9640812973,4,20,0.026389440256293986,0.054016250011045486,0.006176916998811066,0.06322887500573415
70816,-7112500.0,0.0,1087500.0,186688,238441.74968718618,4,20,0.013470225952493566,0.06063516699941829,0.006147249994683079,0.061829208993003704
44704,87500.0,0.0,-12500.0,314612,254273.95758225193,14,560,0.04819200002694355,0.10582254199835006,0.006177000002935529,1.6275743329897523
69024,-6912500.0,0.0,1012500.0,186544,238885.2705271011,4,20,0.015666316466592195,0.06260462501086295,0.0104576250014361,0.0680255410115933
66624,-6912500.0,0.0,912500.0,189303,239863.88339239775,4,20,0.02335754652401183,0.08780729200225323,0.006394750002073124,0.05222320801112801
5280,4487500.0,0.0,-1662500.0,186835,238542.60925770114,4,20,0.015464041482832981,0.063285750002251,0.009412707993760705,0.05502166699443478
2880,4487500.0,0.0,-1762500.0,186692,238585.4037472425,4,20,0.015387678795802521,0.05983720799849834,0.006490707994089462,0.06565054200473242
480,4487500.0,0.0,-1862500.0,188480,240203.75279674088,4,20,0.0002743499266633751,0.053187875004368834,0.006252499995753169,0.055522334005218
73824,-6912500.0,0.0,1212500.0,185031,238057.87819981098,4,20,0.012989138833628159,0.057522125003742985,0.006163749989354983,0.05290904200228397
71424,-6912500.0,0.0,1112500.0,186176,238332.68220076954,4,20,0.013177828974031889,0.056303582998225465,0.006097791003412567,0.05800245799764525
76224,-6912500.0,0.0,1312500.0,183720,237940.8709370475,4,20,0.013398609789348688,0.04910470900358632,0.006003999995300546,0.05823945799784269
55392,-2712500.0,0.0,437500.0,201048,255036.70847398415,10,220,0.049159882006590244,0.05779958300990984,0.008774750007432885,0.6165077909972752
6048,-6312500.0,0.0,-1612500.0,184827,238140.4606976815,4,20,0.014249366438152422,0.058353375003207475,0.0060269169916864485,0.058530333000817336
57792,-2712500.0,0.0,537500.0,196276,249703.1867528172,10,220,0.04844064186105158,0.05678341700695455,0.008373917007702403,0.6382005829946138
3648,-6312500.0,0.0,-1712500.0,185348,238193.43975935693,4,20,0.014180017310903213,0.06913787500525359,0.00653208298899699,0.05451679199177306
56000,-2512500.0,0.0,462500.0,198716,254238.3064336128,10,220,0.04985407426656111,0.05805750000581611,0.013932999994722195,0.6596753749909112
3040,-6512500.0,0.0,-1737500.0,184725,238182.23570166284,4,20,0.014091953340748063,0.05490287499560509,0.01125316700199619,0.06266770799993537
640,-6512500.0,0.0,-1837500.0,185100,238194.47820834184,4,20,0.014149023687377115,0.04902412500814535,0.009918250012560748,0.057911084004445
5440,-6512500.0,0.0,-1637500.0,183759,238133.06628547944,4,20,0.014100627885958113,0.06977262499276549,0.0071522500074934214,0.057911167008569464
1248,-6312500.0,0.0,-1812500.0,185604,238216.5259130667,4,20,0.014259973128675475,0.052215999996406026,0.007108208010322414,0.06057608299306594
64256,-6112500.0,0.0,812500.0,191631,241522.87756170225,4,20,0.038900968887980315,0.05891808299929835,0.006220916999154724,0.04789770900970325
53600,-2512500.0,0.0,362500.0,212224,262611.0373880879,12,364,0.04560667554254338,0.06373570900177583,0.00586345799092669,1.1044082090083975
61856,-6112500.0,0.0,712500.0,193984,244160.47599511314,5,35,0.04606399051848254,0.06830716600234155,0.006177458999445662,0.09286725000129081
57760,-3512500.0,0.0,537500.0,195956,249449.13040376685,10,220,0.04857408819322871,0.06230137500097044,0.013638707998325117,0.7000603339984082
59456,-6112500.0,0.0,612500.0,195764,247706.0011556915,9,165,0.04358747180010999,0.07313683399115689,0.009210042000631802,0.47935337500530295
55360,-3512500.0,0.0,437500.0,201216,253220.34128591308,11,286,0.04426553052302074,0.05345733399735764,0.006150375003926456,0.8679757500067353
7200,7487500.0,0.0,-1587500.0,183275,238056.52796121305,4,20,0.013870073172868033,0.06281833299726713,0.006908208000822924,0.05734408299031202
4800,7487500.0,0.0,-1687500.0,183588,238115.7501609471,4,20,0.013799661394682375,0.053920749996905215,0.00635058298939839,0.058882583005470224
2400,7487500.0,0.0,-1787500.0,184662,238146.79263424804,4,20,0.013883402321599925,0.05790316600177903,0.0060036250069970265,0.059028749994467944
1792,7287500.0,0.0,-1812500.0,184347,238145.94830488774,4,20,0.013911744230635723,0.05582591700658668,0.006007041010889225,0.05807545800053049
6592,7287500.0,0.0,-1612500.0,182931,238075.38915170246,4,20,0.013852669264722547,0.053571165990433656,0.0061453329981304705,0.05852895800489932
4192,7287500.0,0.0,-1712500.0,184032,238130.0372959538,4,20,0.013812023719824873,0.05770895800378639,0.006292958001722582,0.0713728330010781
47104,87500.0,0.0,87500.0,305152,256032.26434573246,14,560,0.04408530562484358,0.10026912498869933,0.00693116600450594,1.6498430829960853
37824,-6912500.0,0.0,-287500.0,209088,253104.20473696577,12,364,0.046414121942701315,0.06231104199832771,0.007974541003932245,1.0510621249995893
47456,-6112500.0,0.0,112500.0,257856,246182.5927398308,18,1140,0.044958808025006944,0.08845195900357794,0.007196249993285164,3.3242088749975665
4352,-3712500.0,0.0,-1687500.0,187740,238846.8100627372,4,20,0.015790647863307115,0.0566388330043992,0.009863125000265427,0.05354608299967367
1952,-3712500.0,0.0,-1787500.0,187584,238881.82385389303,4,20,0.015736963009599675,0.05429262500547338,0.010519332994590513,0.05596108399913646
48064,-5912500.0,0.0,137500.0,247092,248370.8921977359,17,969,0.04962170491596536,0.07340991699311417,0.005979458001093008,2.8004704589984613
40224,-6912500.0,0.0,-187500.0,233704,251875.723277658,15,680,0.04871948353808444,0.07224362499255221,0.006109791997005232,1.9548446669941768
6144,-3912500.0,0.0,-1612500.0,187439,238741.0812121455,4,20,0.01585347317597894,0.053916709002805874,0.010648499999660999,0.05872070799523499
3744,-3912500.0,0.0,-1712500.0,187424,238786.07725830525,4,20,0.01568983253578583,0.05595533299492672,0.009232584008714184,0.05643241600773763
4512,287500.0,0.0,-1687500.0,189759,239556.23035446447,4,20,0.016743880692069914,0.06167670899594668,0.007226917005027644,0.058765000008861534
2112,287500.0,0.0,-1787500.0,189551,239518.29514342014,4,20,0.016563297306877667,0.05954899999778718,0.0060244170017540455,0.058693958999356255
35424,-6912500.0,0.0,-387500.0,201494,253858.88948425208,11,286,0.045651905544275354,0.06182091700611636,0.007725000003119931,0.827049082989106
6912,287500.0,0.0,-1587500.0,190251,239618.0859380589,4,20,0.016643543903754745,0.05541379100759514,0.006159791999380104,0.0587143750017276
45056,-6112500.0,0.0,12500.0,288192,244931.20517321263,20,1540,0.048030303825282554,0.08136533400102053,0.007308500004000962,4.44715374999214
2336,5887500.0,0.0,-1787500.0,186244,238263.41611222204,4,20,0.014492878862865169,0.06775100000959355,0.008387874986510724,0.0536014170065755
52864,-5912500.0,0.0,337500.0,202678,253856.16556650726,11,286,0.04683122693283432,0.0701953340030741,0.011406666002585553,0.8426662090059835
4736,5887500.0,0.0,-1687500.0,185892,238227.04562334216,4,20,0.01446183036084864,0.056857292001950555,0.008967166999354959,0.05306362500414252
66656,-6112500.0,0.0,912500.0,188650,239845.280102032,4,20,0.023507174724329238,0.05948637500114273,0.0072475000051781535,0.05918812500021886
69056,-6112500.0,0.0,1012500.0,186560,238892.4116986274,4,20,0.015848692959654232,0.060412999999243766,0.006063290988095105,0.058771875003003515
5504,-4912500.0,0.0,-1637500.0,186340,238430.90786650695,4,20,0.015242959404846157,0.057878915991750546,0.006400750004104339,0.05879783300042618
3104,-4912500.0,0.0,-1737500.0,186228,238474.41399819072,4,20,0.015146886539898676,0.05799845799629111,0.006339333995128982,0.056003417004831135
704,-4912500.0,0.0,-1837500.0,186676,238493.45675712603,4,20,0.015181168824796223,0.056937208006274886,0.008867208001902327,0.05713708300027065
76256,-6112500.0,0.0,1312500.0,184535,238005.30344596974,4,20,0.013749747119764198,0.061040917003992945,0.007051874999888241,0.0493744169943966
73856,-6112500.0,0.0,1212500.0,186240,238108.02434579332,4,20,0.013281674024541343,0.0657469590078108,0.010547082987613976,0.07193987500795629
71456,-6112500.0,0.0,1112500.0,187008,238373.2616167537,4,20,0.013401458109013564,0.055209625003044493,0.00599487499857787,0.060903541001607664
75648,-6312500.0,0.0,1287500.0,184683,237997.0050351236,4,20,0.013540260087845025,0.06783254200126976,0.006108583009336144,0.07268758400459774
45664,-5912500.0,0.0,37500.0,283456,243573.94836950317,20,1540,0.04561773844156444,0.0988811659917701,0.006530541999381967,4.495361041990691
50464,-5912500.0,0.0,237500.0,222336,253738.35451756607,14,560,0.0449293642380588,0.07402295900101308,0.007043416990200058,1.6456356659909943
72672,-5712500.0,0.0,1162500.0,186880,238267.22238146068,4,20,0.0133543048865391,0.06686270900536329,0.00845845800358802,0.0533800420089392
75072,-5712500.0,0.0,1262500.0,186135,238104.56037050096,4,20,0.01375145305565961,0.05419891601195559,0.007414916006382555,0.06120920799730811
65728,687500.0,0.0,862500.0,190372,239987.68729271597,4,20,0.03509872309329901,0.055599166997126304,0.00829866700223647,0.06146933299896773
68128,687500.0,0.0,962500.0,191028,239738.48320438486,4,20,0.026201453110421692,0.05069224999169819,0.006608083989704028,0.06308408299810253
70528,687500.0,0.0,1062500.0,191028,239913.213589368,4,20,0.020882192512639185,0.0627873330086004,0.0072681249876040965,0.048290708000422455
68736,887500.0,0.0,987500.0,191092,239795.49967791105,4,20,0.023951580761147562,0.05803133299923502,0.007174250000389293,0.05732120800530538
66336,887500.0,0.0,887500.0,190004,239879.20733935785,4,20,0.031561714412353746,0.05846562499937136,0.008021542002097704,0.05575450000469573
81056,-6112500.0,0.0,1512500.0,184055,238062.67734985822,4,20,0.014292026869142093,0.062216582999099046,0.006697250006254762,0.06495587500103284
78656,-6112500.0,0.0,1412500.0,184046,238017.44802575462,4,20,0.01411284909548366,0.055525999996461906,0.006280624991632067,0.06102683399512898
5408,-7312500.0,0.0,-1637500.0,183364,238089.81355563173,4,20,0.01383332460895832,0.055001166998408735,0.006956834011361934,0.05573008301144
3008,-7312500.0,0.0,-1737500.0,184077,238138.7078891129,4,20,0.01384787607068153,0.057557290987460874,0.006252125007449649,0.055402666999725625
608,-7312500.0,0.0,-1837500.0,184521,238146.28388976175,4,20,0.013914379571463244,0.04944825000711717,0.006355916004395112,0.058352457999717444
87648,-6312500.0,0.0,1787500.0,185740,238167.31048967713,4,20,0.014152050856030926,0.05388283298816532,0.007798374994308688,0.06932541700371075
85248,-6312500.0,0.0,1687500.0,185332,238131.98718498534,4,20,0.014096370429250639,0.058803874999284744,0.006589958997210488,0.06562745799601544
84640,-6512500.0,0.0,1662500.0,184475,238101.46981218862,4,20,0.013988193010963702,0.053871750002144836,0.008970958995632827,0.06786349999310914
89440,-6512500.0,0.0,1862500.0,188480,240203.75279674088,4,20,0.0002743499266633751,0.0631802499992773,0.01010058299289085,0.05474849999882281
48672,-5712500.0,0.0,162500.0,243328,252030.27487299516,16,816,0.049137105049506746,0.0746591249917401,0.010252042004140094,2.36084366698924
87040,-6512500.0,0.0,1762500.0,185292,238143.36752775306,4,20,0.014027758187466344,0.05628049999359064,0.006244125004741363,0.05591433300287463
1984,-2912500.0,0.0,-1787500.0,188273,239163.55376544557,4,20,0.01587554635488166,0.06189612500020303,0.0073535830015316606,0.06266558400238864
6784,-2912500.0,0.0,-1587500.0,188395,239129.66001859214,4,20,0.016072694899080645,0.0541166670009261,0.007700250003836118,0.055088832988985814
4384,-2912500.0,0.0,-1687500.0,188251,239147.21003257902,4,20,0.015971158021006574,0.055394374998286366,0.006560624999110587,0.06176358400261961
88256,-6112500.0,0.0,1812500.0,186015,238192.92662796873,4,20,0.014266549139117247,0.057807332996162586,0.006472459004726261,0.055740208001225255
85856,-6112500.0,0.0,1712500.0,185887,238168.18258279996,4,20,0.014191014319962435,0.05403841599763837,0.009773041994776577,0.05505737499333918
83456,-6112500.0,0.0,1612500.0,185451,238118.2040829612,4,20,0.014262154816749242,0.057193959000869654,0.005890959000680596,0.05889912501152139
46272,-5712500.0,0.0,62500.0,278780,243887.7396187901,18,1140,0.04883782183770917,0.08847812500607688,0.00874820799799636,3.3739121250109747
48160,-3512500.0,0.0,137500.0,270656,251457.8658411824,16,816,0.04971126590322586,0.08296612500271294,0.009114166998188011,2.342936124987318
45760,-3512500.0,0.0,37500.0,290240,245369.89457914542,16,816,0.04855472198938572,0.09409495801082812,0.0061858750123064965,2.4144971670029918
38496,-5112500.0,0.0,-262500.0,219840,255423.95155306553,13,455,0.047404220749875145,0.06608441600110382,0.007276167001691647,1.3294127920089522
6528,5687500.0,0.0,-1612500.0,185604,238228.24324107353,4,20,0.014688489234384983,0.0600300419901032,0.00707641699409578,0.04807770799379796
1728,5687500.0,0.0,-1812500.0,186371,238298.76638170105,4,20,0.01465194381801248,0.0558397499989951,0.006314334008493461,0.06449608301045373
4128,5687500.0,0.0,-1712500.0,186131,238271.2166544779,4,20,0.014591158287168669,0.058719000007840805,0.006095499993534759,0.060901874996488914
36096,-5112500.0,0.0,-362500.0,203456,253457.5184355828,11,286,0.045456154821065804,0.06716995900205802,0.006091000002925284,0.8349757920077536
37888,-5312500.0,0.0,-287500.0,213376,253983.53936394257,12,364,0.04628417200408055,0.07768333300191443,0.007061167008941993,1.0866840419912478
6112,-4712500.0,0.0,-1612500.0,186592,238476.20436919073,4,20,0.015420894325033723,0.05551362500409596,0.007058875009533949,0.05800941601046361
1312,-4712500.0,0.0,-1812500.0,187164,238551.07521858288,4,20,0.015304834146955831,0.05356204099371098,0.007152416001190431,0.0591633330041077
39904,87500.0,0.0,-212500.0,277696,271442.7889261373,16,816,0.04818557799491036,0.08617749999393709,0.008051333003095351,2.3790204170072684
3712,-4712500.0,0.0,-1712500.0,186912,238522.65929093835,4,20,0.015277295652036966,0.05534054199233651,0.009004749997984618,0.05892458300513681
59008,-2312500.0,0.0,587500.0,195392,247649.1169217022,9,165,0.04992871270829493,0.05962975000147708,0.0064386669982923195,0.4852957080001943
40288,-5312500.0,0.0,-187500.0,238720,254181.7479413143,16,816,0.04536115686804118,0.0729447500052629,0.008197499992093071,2.4347035829996457
37504,87500.0,0.0,-312500.0,247424,279889.35850833525,18,1140,0.047090557892678325,0.07671258300251793,0.008057084007305093,3.3715223749895813
56608,-2312500.0,0.0,487500.0,197696,253053.4864922038,10,220,0.0493388933011079,0.06299262499669567,0.0061851250065956265,0.6571712090080837
58400,-2512500.0,0.0,562500.0,195776,248724.68127654685,10,220,0.04615009629399346,0.06368633300007787,0.007986417011125013,0.6339795409876388
54208,-2312500.0,0.0,387500.0,209344,261239.69140279398,11,286,0.047890194520279816,0.06820854199759196,0.0074105840030824766,0.8695332500064978
1088,4687500.0,0.0,-1837500.0,187036,238534.67344882642,4,20,0.015308687512900092,0.07400887500261888,0.013705666991882026,0.059672832998330705
3488,4687500.0,0.0,-1737500.0,186764,238515.91041830074,4,20,0.015274277846514485,0.05766191700240597,0.007229167007608339,0.06752950001100544
5888,4687500.0,0.0,-1637500.0,186960,238473.08012368306,4,20,0.015384457114315731,0.06312454100407194,0.006150500004878268,0.06159204200957902
42112,-4712500.0,0.0,-112500.0,267292,247446.17091703613,17,969,0.04504788107803059,0.08573716699902434,0.00714874999539461,2.8134331660112366
36736,-4112500.0,0.0,-337500.0,208064,255481.515550649,11,286,0.04871123823784338,0.07303758300258778,0.0066582500003278255,0.8402828329999465
6656,-6112500.0,0.0,-1587500.0,184836,238152.80628241107,4,20,0.014428380341746181,0.058065542005351745,0.01662554100039415,0.051337874989258125
4256,-6112500.0,0.0,-1687500.0,185348,238205.6933268973,4,20,0.014326279261087127,0.05888454199885018,0.007004250001045875,0.06239170899789315
1856,-6112500.0,0.0,-1787500.0,185796,238242.6951293737,4,20,0.014371437956922434,0.05889554199529812,0.008973542004241608,0.06534433300839737
44512,-4712500.0,0.0,-12500.0,290944,245264.42068912034,18,1140,0.04940824088246705,0.0947722499986412,0.006755875001545064,3.400566084004822
43328,-4312500.0,0.0,-62500.0,283904,244865.6600299446,17,969,0.047143187447418425,0.09033145899593364,0.007266415996127762,2.9021428749983897
6176,-3112500.0,0.0,-1612500.0,188555,239051.96272556373,4,20,0.01604748326174655,0.05820912499621045,0.011652874993160367,0.05427208400215022
3776,-3112500.0,0.0,-1712500.0,188591,239081.2899350703,4,20,0.01590351438759202,0.057200583003577776,0.011614207993261516,0.061746374994982034
1376,-3112500.0,0.0,-1812500.0,188694,239090.1886503159,4,20,0.015865692940607763,0.055966750005609356,0.007421250003972091,0.06266004200733732
39136,-4112500.0,0.0,-237500.0,234112,259972.75803690494,15,680,0.04613851381853973,0.07194399999571033,0.009303291997639462,2.0220576249994338
59488,-5312500.0,0.0,612500.0,195508,247421.84076892803,9,165,0.044421520424884606,0.059179917006986216,0.010776625000289641,0.5145124169939663
51680,-5512500.0,0.0,287500.0,212279,253998.47875721357,12,364,0.0463058527587919,0.06743825000012293,0.006082624997361563,1.0849690420000115
57088,-5312500.0,0.0,512500.0,197236,251097.31547101276,10,220,0.04952382492472225,0.05379183299373835,0.0060829169960925356,0.6386708329955582
54688,-5312500.0,0.0,412500.0,200692,253632.32953167,11,286,0.04573586069122693,0.0627815420011757,0.009372792002977803,0.8625309170020046
56704,87500.0,0.0,487500.0,202167,259333.21748116612,10,220,0.04615096848592462,0.06383087499125395,0.006058624989236705,0.6307304170040879
4960,-3512500.0,0.0,-1662500.0,188011,238910.46455250538,4,20,0.01590622110527993,0.0578941669955384,0.006114000003435649,0.05978712500655092
160,-3512500.0,0.0,-1862500.0,188480,240203.75279674088,4,20,0.0002743499266633751,0.05441562499618158,0.009300124991568737,0.05589324999891687
54304,87500.0,0.0,387500.0,218112,272693.9739701392,11,286,0.046468817224099,0.07262770899978932,0.006164874997921288,0.8200856250041397
2560,-3512500.0,0.0,-1762500.0,188364,238949.58152246944,4,20,0.01580208836693217,0.05670366699632723,0.007739041990134865,0.05896108300657943
3616,-7112500.0,0.0,-1712500.0,183760,238135.77326901644,4,20,0.013835885721704326,0.054351582992239855,0.012785250000888482,0.059272499987855554
6016,-7112500.0,0.0,-1612500.0,182571,238080.5414838424,4,20,0.013887150116729273,0.05784216600295622,0.006629666007938795,0.059239499998511747
1216,-7112500.0,0.0,-1812500.0,184437,238152.90621541903,4,20,0.013939416030819711,0.05365095799788833,0.008671375006088056,0.054062292008893564
51712,-4712500.0,0.0,287500.0,214912,255811.5628595598,12,364,0.047278322858086565,0.06573637499241158,0.010386459005530924,1.0882310419983696
10912,-4712500.0,0.0,-1412500.0,185327,238396.04181333387,4,20,0.015264783400440246,0.05908429200644605,0.006116208009188995,0.062106916986522265
8512,-4712500.0,0.0,-1512500.0,186067,238435.7706196847,4,20,0.015477765608388485,0.06145045800076332,0.00983216700842604,0.060215499994228594
49280,-5512500.0,0.0,187500.0,238059,253786.77498779923,16,816,0.04498601290822928,0.07655491700279526,0.0063807499973336235,2.4344649159902474
46880,-5512500.0,0.0,87500.0,267968,244571.7593547971,17,969,0.04999019503759669,0.0832697079895297,0.006753666995791718,2.8244919999997364
49312,-4712500.0,0.0,187500.0,240000,255641.05585208017,16,816,0.047801708250268936,0.08508212499145884,0.0068290409981273115,2.400564875002601
48608,-7312500.0,0.0,162500.0,239680,250867.91261597592,15,680,0.048342047938214804,0.06857483301428147,0.010523457996896468,2.019332374999067
45792,-2712500.0,0.0,37500.0,294080,246533.11053122804,15,680,0.047433529511619325,0.10454454200225882,0.007563624996691942,2.020527583998046
13056,3887500.0,0.0,-1337500.0,187303,238653.39617539212,4,20,0.015146628775012048,0.058284041995648295,0.008085167006356642,0.05873591599811334
7648,3687500.0,0.0,-1562500.0,187554,238783.24678271628,4,20,0.015941500430312075,0.05759029199543875,0.010060208005597815,0.06612741699791513
48192,-2712500.0,0.0,137500.0,281152,252648.55021268287,16,816,0.04835779604544918,0.09258395800134167,0.007764791007502936,2.419699499994749
12448,3687500.0,0.0,-1362500.0,187716,238742.7006410492,4,20,0.015350606605805782,0.05760104198998306,0.010936582999420352,0.05422791599994525
10048,3687500.0,0.0,-1462500.0,187615,238768.9227098457,4,20,0.01584161028713781,0.060581249999813735,0.006777209011488594,0.06281804200261831
46208,-7312500.0,0.0,62500.0,274688,242898.42424264806,17,969,0.04768093539453279,0.08776420800131746,0.006380207996699028,2.8478322079899954
10656,3887500.0,0.0,-1437500.0,187495,238681.5859018476,4,20,0.015731965835187663,0.05471008400490973,0.00642162500298582,0.05963216700183693
8256,3887500.0,0.0,-1537500.0,187506,238703.79595587958,4,20,0.01589589778235362,0.0625262920075329,0.007303207996301353,0.059646458001225255
48800,-2512500.0,0.0,162500.0,277952,256208.04109538536,17,969,0.04557703764208321,0.09018216600816231,0.006626707996474579,2.849970499999472
8992,7287500.0,0.0,-1512500.0,183019,238013.30640218704,4,20,0.013864731421237926,0.06160745800298173,0.00888541700260248,0.05972316600673366
12000,7487500.0,0.0,-1387500.0,182861,237957.1204387921,4,20,0.013594931172134358,0.053094332994078286,0.00903383300465066,0.05736170899763238
9600,7487500.0,0.0,-1487500.0,182635,237996.5476116348,4,20,0.013816964349236774,0.060268041997915134,0.006050041003618389,0.06455650000134483
11392,7287500.0,0.0,-1412500.0,182058,237966.18780334774,4,20,0.013665444438110429,0.060738250002032146,0.007296708005014807,0.057931083007133566
7840,-6512500.0,0.0,-1537500.0,183223,238075.2075370462,4,20,0.014153335062253001,0.04983012500451878,0.010890500008827075,0.05393583400291391
10848,-6312500.0,0.0,-1412500.0,183654,238036.4771286955,4,20,0.014069986834706158,0.05880299999262206,0.01172904200211633,0.05422049999469891
10240,-6512500.0,0.0,-1437500.0,182631,238022.46803774466,4,20,0.014001481480116816,0.05916462499590125,0.0061600000044563785,0.06533720799779985
8448,-6312500.0,0.0,-1512500.0,183742,238083.0889109197,4,20,0.014267397685160157,0.05822133299079724,0.00632087500707712,0.06255670898826793
12160,-3512500.0,0.0,-1362500.0,187883,238850.65555489063,4,20,0.015377304770969477,0.06633220799267292,0.008581166999647394,0.06831808300921693
9760,-3512500.0,0.0,-1462500.0,187719,238873.5821779401,4,20,0.015902324864172864,0.06049150000035297,0.015031332994112745,0.06265579200407956
7360,-3512500.0,0.0,-1562500.0,188267,238885.93944217436,4,20,0.016015018258299426,0.06769854199956171,0.006868750002468005,0.06506887500290759
47712,287500.0,0.0,112500.0,300060,257560.7361292335,14,560,0.04505791291866623,0.09866691700881347,0.006791666994104162,1.6793489580013556
45312,287500.0,0.0,12500.0,313664,253766.00202274582,14,560,0.04768620787446187,0.1033779580029659,0.01046004198724404,1.6366567079967353
52960,-3512500.0,0.0,337500.0,210880,258213.59723126318,12,364,0.04448099640898333,0.07439704200078268,0.009414499989361502,1.0851023750001332
52992,-2712500.0,0.0,337500.0,216192,263460.72597184347,12,364,0.048865774006099504,0.07749754200631287,0.006082207997678779,1.069103832996916
10080,4487500.0,0.0,-1462500.0,185503,238471.9690005877,4,20,0.015535264559970554,0.05876470799557865,0.006699332996504381,0.05622012499952689
7680,4487500.0,0.0,-1562500.0,186256,238502.99914202918,4,20,0.015608980201235505,0.06637325001065619,0.006899040992720984,0.05455545900622383
12480,4487500.0,0.0,-1362500.0,186048,238435.10924702344,4,20,0.01514517470707724,0.05287808300636243,0.006259791000047699,0.06062858400400728
8960,6487500.0,0.0,-1512500.0,183211,238060.12804690853,4,20,0.014142132304338436,0.0557237909961259,0.006511125000542961,0.06991912498779129
11360,6487500.0,0.0,-1412500.0,182811,238012.82081337945,4,20,0.013946508360961596,0.058582333993399516,0.009474124992266297,0.054338583999197
2496,-5112500.0,0.0,-1762500.0,186548,238431.2532419438,4,20,0.01501337829678645,0.05468425000435673,0.007186082992120646,0.05805016700469423
4896,-5112500.0,0.0,-1662500.0,186384,238390.5909781411,4,20,0.015052265850635045,0.05869008299487177,0.008216000001993962,0.06381845800206065
96,-5112500.0,0.0,-1862500.0,188480,240203.75279674088,4,20,0.0002743499266633751,0.05296012500184588,0.006877500010887161,0.05921600000874605
4288,-5312500.0,0.0,-1687500.0,186500,238351.5444558216,4,20,0.014891018049832366,0.05968974999268539,0.01005404100578744,0.06000900000799447
1888,-5312500.0,0.0,-1787500.0,186704,238388.56919244683,4,20,0.01489371499055005,0.05952466699818615,0.009045209008036181,0.0569229159882525
6688,-5312500.0,0.0,-1587500.0,186195,238305.32869308,4,20,0.01501706026860164,0.05853429100534413,0.006340416002785787,0.06415083300089464
9120,-4512500.0,0.0,-1487500.0,185799,238493.02116058383,4,20,0.015577850692993011,0.05506454200076405,0.009660499999881722,0.05979887500870973
11520,-4512500.0,0.0,-1387500.0,185736,238453.8033922758,4,20,0.015280234216601062,0.057181915995897725,0.008350832998985425,0.06773462500132155
42912,287500.0,0.0,-87500.0,304320,255441.23814894044,13,455,0.04948466939398698,0.10100579098798335,0.00820108299376443,1.3901768750074552
800,-2512500.0,0.0,-1837500.0,188968,239275.9686590319,4,20,0.015890251961587713,0.06128716700186487,0.00625900000159163,0.05490062500757631
2592,-2712500.0,0.0,-1762500.0,188584,239227.3977046275,4,20,0.01589791162471573,0.05839645900414325,0.007759833999443799,0.05520583399629686
192,-2712500.0,0.0,-1862500.0,188480,240203.75279674088,4,20,0.0002743499266633751,0.059687000000849366,0.007398166999337263,0.05894270799763035
4992,-2712500.0,0.0,-1662500.0,188401,239211.36644329035,4,20,0.016034475861575626,0.05711854199762456,0.010009083009208553,0.06055337500583846
63200,-2512500.0,0.0,762500.0,192768,241954.94885970466,5,35,0.04068430679105202,0.060505166999064386,0.006174708003527485,0.10356570799194742
62592,-2712500.0,0.0,737500.0,192192,242549.04393018,5,35,0.04480169648737555,0.062380332994507626,0.006035458005499095,0.10907941700133961
69920,487500.0,0.0,1037500.0,191348,239862.78441913254,4,20,0.02263965762178417,0.06134629200096242,0.00617358299496118,0.060826333006843925
67520,487500.0,0.0,937500.0,190528,239703.65013325107,4,20,0.028592442829000683,0.05557924999448005,0.007275959011167288,0.06070966699917335
50560,-3512500.0,0.0,237500.0,237584,263170.770714962,16,816,0.0464622441921238,0.0741356249927776,0.00802950000797864,2.413941374994465
65120,487500.0,0.0,837500.0,190720,240171.71354634868,4,20,0.0392324126154214,0.057776166999246925,0.007515249992138706,0.05987170799926389
51200,-2512500.0,0.0,262500.0,243776,269553.08876819484,16,816,0.04710170684989029,0.07728591699560639,0.007490584001061507,2.4740984579984797
6464,4087500.0,0.0,-1612500.0,187091,238649.64586783832,4,20,0.015756375371648323,0.06280479099950753,0.007160791996284388,0.06537745799869299
60192,-2712500.0,0.0,637500.0,194384,245537.59995935997,8,120,0.048337838782055595,0.06208337499992922,0.006239292008103803,0.36383554100757465
4064,4087500.0,0.0,-1712500.0,187131,238693.00250760926,4,20,0.015601003134105288,0.0597400840051705,0.007540207996498793,0.06029954200494103
1664,4087500.0,0.0,-1812500.0,187319,238720.31895590803,4,20,0.01561710587254029,0.05919462499150541,0.0062770830118097365,0.058501084000454284
5344,6087500.0,0.0,-1662500.0,185092,238187.84713960806,4,20,0.014338097535986936,0.05808508300106041,0.01167254100437276,0.057632208001450635
544,6087500.0,0.0,-1862500.0,188480,240203.75279674088,4,20,0.0002743499266633751,0.06217316699621733,0.007803874992532656,0.07032054099545348
2944,6087500.0,0.0,-1762500.0,185431,238229.85494994614,4,20,0.01435299991652238,0.054955792002147064,0.010378625011071563,0.06729104199621361
3552,6287500.0,0.0,-1737500.0,185400,238196.22364301828,4,20,0.01420739656980014,0.0667544580064714,0.006586165996850468,0.06191916701209266
1152,6287500.0,0.0,-1837500.0,185565,238209.52242876435,4,20,0.014261952385529643,0.059429291999549605,0.007851417001802474,0.058224375010468066
12064,-5912500.0,0.0,-1362500.0,184805,238082.17499577848,4,20,0.01420531767198245,0.05537820800964255,0.011796582999522798,0.06044341599044856
9664,-5912500.0,0.0,-1462500.0,183699,238120.0360258596,4,20,0.014492463707365837,0.05555766599718481,0.0066393750021234155,0.05323612499341834
5568,-3312500.0,0.0,-1637500.0,188331,238979.17457459625,4,20,0.01597905046202549,0.06258570900536142,0.010290625010384247,0.0554304580000462
768,-3312500.0,0.0,-1837500.0,188660,239021.36847351672,4,20,0.015833622745858342,0.06309695799427573,0.012173374998383224,0.05099220800912008
7264,-5912500.0,0.0,-1562500.0,184132,238171.34410146854,4,20,0.0145814506150159,0.06981275000725873,0.00805716699687764,0.06567220800206997
3168,-3312500.0,0.0,-1737500.0,188724,239015.89877879687,4,20,0.015836706248849898,0.06866266700671986,0.006032666002283804,0.058843457998591475
4416,-2112500.0,0.0,-1687500.0,189916,239398.76717751566,4,20,0.0160971292740575,0.052682082998217084,0.006239791997359134,0.09384358300303575
13536,887500.0,0.0,-1312500.0,189428,239849.21604071383,4,20,0.014899203185663503,0.051941291996627115,0.007861916004912928,0.06516949999786448
2016,-2112500.0,0.0,-1787500.0,189544,239389.38024705576,4,20,0.015968650028562927,0.055550499993842095,0.007898541996837594,0.06480904199997894
8128,687500.0,0.0,-1537500.0,190260,239640.64376377108,4,20,0.016318158959392988,0.059726084000431,0.006026041999575682,0.05524883400357794
10528,687500.0,0.0,-1437500.0,190580,239719.86429740294,4,20,0.015640679052971042,0.05473620801058132,0.006293124999501742,0.07587037498888094
8736,887500.0,0.0,-1512500.0,190452,239643.12278196096,4,20,0.01611686700577164,0.06349141699320171,0.006415458003175445,0.05647487500391435
66912,287500.0,0.0,912500.0,190720,239706.69941998745,4,20,0.031182179510715485,0.061408749999827705,0.008320582986925729,0.05568600000697188
11136,887500.0,0.0,-1412500.0,190516,239731.3809311444,4,20,0.015423786952081018,0.061329458010732196,0.009185375005472451,0.06380429198907223
12928,687500.0,0.0,-1337500.0,189692,239834.47447844472,4,20,0.01501258808408154,0.06297416699817404,0.00832704099593684,0.0634970829996746
69312,287500.0,0.0,1012500.0,191312,239801.92138773462,4,20,0.02455511582663064,0.05619095799920615,0.011664082994684577,0.054963375005172566
1696,4887500.0,0.0,-1812500.0,186769,238478.72058720508,4,20,0.015182210439042606,0.05661174999841023,0.006741208009771071,0.057213375010178424
50592,-2712500.0,0.0,237500.0,247888,267050.00007247744,17,969,0.04809109959711111,0.08211120800115168,0.007842291000997648,2.9007456669933163
4704,5087500.0,0.0,-1687500.0,186448,238388.00608106854,4,20,0.015029493878132742,0.06021941600192804,0.007053292007185519,0.05733754200628027
2304,5087500.0,0.0,-1787500.0,186484,238423.21083252426,4,20,0.01502500909253424,0.056844958002329804,0.0069557499955408275,0.05854870899929665
4096,4887500.0,0.0,-1712500.0,186436,238450.8800707557,4,20,0.015150880862679655,0.06774520900216885,0.012164625004515983,0.0638589169975603
6496,4887500.0,0.0,-1612500.0,186228,238408.24537907497,4,20,0.015284765329630674,0.059688875000574626,0.006713499999023043,0.05418529099551961
10208,-7312500.0,0.0,-1437500.0,182370,237974.32779111748,4,20,0.013726473792641908,0.06044412498886231,0.00637491699308157,0.059362542000599205
7808,-7312500.0,0.0,-1537500.0,183067,238027.96980742534,4,20,0.01388101930258241,0.052219041011994705,0.011609624998527579,0.057883875007973984
3072,-5712500.0,0.0,-1737500.0,186387,238290.65776956652,4,20,0.014603176455137602,0.05961175000993535,0.007192707998910919,0.06831595799303614
5472,-5712500.0,0.0,-1637500.0,185668,238245.73325722726,4,20,0.014658508239001536,0.06233975000213832,0.010104916000273079,0.06066925000050105
672,-5712500.0,0.0,-1837500.0,186323,238309.81874551866,4,20,0.014650533566213835,0.057786666991887614,0.006169792002765462,0.06146270799217746
1344,-3912500.0,0.0,-1812500.0,187324,238811.4949892474,4,20,0.015695569815195574,0.0648682920000283,0.008837500005029142,0.05382029199972749
3136,-4112500.0,0.0,-1737500.0,187127,238725.88190021424,4,20,0.015591787582984155,0.052119792002486065,0.00911945800180547,0.06917479100229684
5536,-4112500.0,0.0,-1637500.0,187155,238679.39978355143,4,20,0.015725947207545075,0.0648553329956485,0.006892457997309975,0.06091900001047179
736,-4112500.0,0.0,-1837500.0,187319,238742.44802346898,4,20,0.015615359609547031,0.06152245801058598,0.008996542004751973,0.057346417001099326
3904,87500.0,0.0,-1712500.0,189630,239546.80718805493,4,20,0.01672401540206672,0.05846429200028069,0.007161583009292372,0.058016915994812734
1504,87500.0,0.0,-1812500.0,189470,239507.14579872557,4,20,0.016546190052907483,0.06642108300002292,0.007309791006264277,0.0565972500044154
6304,87500.0,0.0,-1612500.0,189675,239603.52893327418,4,20,0.016747814475454863,0.06827583300764672,0.007631625005160458,0.06042212499596644
7136,5887500.0,0.0,-1587500.0,185293,238179.71796632465,4,20,0.014570474475413854,0.050850083003751934,0.006691582995699719,0.06972779099305626
11936,5887500.0,0.0,-1387500.0,184078,238087.02303900348,4,20,0.014298255008246446,0.06705279099696781,0.010196874995017424,0.051454541011480615
9536,5887500.0,0.0,-1487500.0,183772,238128.47739772772,4,20,0.014536174961222661,0.05610445799538866,0.006478208000771701,0.07600499999534804
58304,-4912500.0,0.0,562500.0,195968,249095.4442427964,10,220,0.04747968871512606,0.0636918750096811,0.006433292001020163,0.6396126659965375
55296,-5112500.0,0.0,437500.0,199040,252917.70245405455,11,286,0.04580908650698863,0.062424333998933434,0.0062700410053366795,0.8541838750097668
57696,-5112500.0,0.0,537500.0,196612,250077.33392049724,10,220,0.048373195947634576,0.05940004100557417,0.011356749993865378,0.7013727089943131
55904,-4912500.0,0.0,462500.0,197632,252407.50112899265,11,286,0.04687141430029278,0.063560457987478,0.0063200000004144385,0.8929526249994524
11456,-6112500.0,0.0,-1387500.0,183519,238056.8906510664,4,20,0.01414373827954516,0.06931008299579844,0.011337707997881807,0.0661065000022063
9056,-6112500.0,0.0,-1487500.0,183519,238098.025404922,4,20,0.014388313060843136,0.06754874999751337,0.006212292006239295,0.0674822090077214
9184,-2912500.0,0.0,-1487500.0,188842,239136.5577317191,4,20,0.015946721419157234,0.07632083300268278,0.011229209005250596,0.0597775409987662
11584,-2912500.0,0.0,-1387500.0,188675,239136.4067196167,4,20,0.015432964690699031,0.05959274999622721,0.006630916002904996,0.06736729100521188
2624,-1912500.0,0.0,-1762500.0,189660,239434.51191508508,4,20,0.01601453465711018,0.05724004199146293,0.006308999989414588,0.06571395799983293
49504,87500.0,0.0,187500.0,281984,267811.0337538745,15,680,0.04995599222710992,0.09550520800985396,0.006425542000215501,2.201254332991084
224,-1912500.0,0.0,-1862500.0,188480,240203.75279674088,4,20,0.0002743499266633751,0.07119679100287613,0.006334624995361082,0.08033633300510701
5024,-1912500.0,0.0,-1662500.0,189855,239447.89017485548,4,20,0.01616238640276011,0.06597991699527483,0.006211542000528425,0.061744457998429425
46368,-3312500.0,0.0,62500.0,290048,245962.64003946306,16,816,0.045555544269838454,0.0881664170010481,0.007115290994988754,2.582880500005558
25504,87500.0,0.0,-812500.0,189696,240478.64410880138,4,20,0.04446321569038553,0.0671546249941457,0.0075533750059548765,0.061849749996326864
64512,287500.0,0.0,812500.0,189824,240471.6799241508,4,20,0.044198777906631376,0.06351725000422448,0.006719333003275096,0.060620082993409596
27904,87500.0,0.0,-712500.0,191360,243149.20354264972,7,84,0.044590563588405886,0.06154662500193808,0.00841683401085902,0.26968275000399444
30304,87500.0,0.0,-612500.0,195136,248364.6307672919,8,120,0.04859018022674213,0.0637840419949498,0.009741540998220444,0.37358920800033957
62112,287500.0,0.0,712500.0,191543,243088.36988156175,6,56,0.049942626331127005,0.07218566699884832,0.01098920799267944,0.19261175001156516
8288,4687500.0,0.0,-1537500.0,186187,238433.400461313,4,20,0.015490621961281033,0.062213500001234934,0.009202790999552235,0.0735934590047691
13088,4687500.0,0.0,-1337500.0,186103,238365.76010471993,4,20,0.014892159335693596,0.06236466699920129,0.009937291004462168,0.06075599999167025
10688,4687500.0,0.0,-1437500.0,185494,238397.80559668137,4,20,0.015345208537386006,0.057262375004938804,0.009011667003505863,0.06721341700176708
48768,-3312500.0,0.0,162500.0,265536,255155.93462403954,17,969,0.049481373219077994,0.08574520800902974,0.014181834005285054,3.085791292003705
4832,-6712500.0,0.0,-1662500.0,183487,238131.3158488616,4,20,0.0139689029755864,0.06264529201143887,0.009030166009324603,0.07128312499844469
32,-6712500.0,0.0,-1862500.0,188480,240203.75279674088,4,20,0.0002743499266633751,0.061927207992994227,0.007907958002761006,0.07696249999571592
59712,287500.0,0.0,612500.0,194815,248200.6908539978,8,120,0.04867921761227866,0.07178774999920279,0.006854374994873069,0.3854317500081379
2432,-6712500.0,0.0,-1762500.0,184104,238173.3854965544,4,20,0.01401593770932638,0.08426300001156051,0.0077480420004576445,0.09302374999970198
3680,-5512500.0,0.0,-1712500.0,186323,238319.64091709713,4,20,0.014732669769058813,0.06587099999887869,0.00787175000004936,0.05412983300630003
1280,-5512500.0,0.0,-1812500.0,186530,238348.2547959295,4,20,0.014783945074375752,0.06807041699357796,0.011838542006444186,0.05887799999618437
6080,-5512500.0,0.0,-1612500.0,185740,238274.30142183922,4,20,0.014836735554704475,0.060222166997846216,0.011813624994829297,0.06537066599412356
11552,-3712500.0,0.0,-1387500.0,187752,238767.063925424,4,20,0.015530346632724616,0.05903866699372884,0.007040750002488494,0.07630400000198279
6752,-3712500.0,0.0,-1587500.0,187687,238810.1154967918,4,20,0.015933745546610204,0.055377833006787114,0.006482000011601485,0.059583707989077084
9152,-3712500.0,0.0,-1487500.0,187490,238794.68343837562,4,20,0.015898925508797613,0.06633158300246578,0.009969291000743397,0.06562308299180586
63808,-2312500.0,0.0,787500.0,192512,241425.2148496862,4,20,0.045662314575588184,0.06495908299984876,0.006808499994804151,0.06069666700204834
11712,287500.0,0.0,-1387500.0,190976,239786.47350953944,4,20,0.015337623941912782,0.07106200000271201,0.012594332991284318,0.061221500000101514
7072,4287500.0,0.0,-1587500.0,186899,238574.99145951227,4,20,0.015687600742320482,0.05853387499519158,0.009300999998231418,0.062098082999000326
9312,287500.0,0.0,-1487500.0,191467,239690.97534883596,4,20,0.016055509582497924,0.059000291003030725,0.013228042007540353,0.07676395800081082
61408,-2312500.0,0.0,687500.0,193760,243800.21722236316,7,84,0.04407051426946649,0.07831420800357591,0.006403666993719526,0.2983599589933874
4672,4287500.0,0.0,-1687500.0,186792,238615.19681282353,4,20,0.0155319765436143,0.06452204199740663,0.006510375009384006,0.07000833300116938
2272,4287500.0,0.0,-1787500.0,187128,238653.3353059111,4,20,0.015490515515733536,0.06708954100031406,0.0071395000122720376,0.06884500000160187
60800,-2512500.0,0.0,662500.0,193616,244656.6694245329,7,84,0.04771655347903083,0.06645600000047125,0.0073585840000305325,0.2669519999908516
3520,5487500.0,0.0,-1737500.0,186244,238317.59126423503,4,20,0.01474527900248467,0.07713487499859184,0.006969791997107677,0.07327520899707451
5920,5487500.0,0.0,-1637500.0,185924,238277.55962193254,4,20,0.014807949776471629,0.05885112500982359,0.009713792009279132,0.06165737500123214
1120,5487500.0,0.0,-1837500.0,186323,238336.63175767477,4,20,0.014788083933005824,0.057584582988056354,0.006646959009231068,0.05839604100037832
3584,7087500.0,0.0,-1737500.0,184016,238143.10122723618,4,20,0.013877143250838931,0.06437016600102652,0.014220583994756453,0.055687333006062545
1184,7087500.0,0.0,-1837500.0,184297,238151.09986333112,4,20,0.013941515597831938,0.06699587500770576,0.006527457997435704,0.06372574999113567
5984,7087500.0,0.0,-1637500.0,183135,238094.55844861895,4,20,0.013867167622182918,0.055668458007858135,0.006420332996640354,0.0725401670060819
7904,-4912500.0,0.0,-1537500.0,185835,238385.93732407936,4,20,0.015347436190073343,0.06288587499875575,0.007090917002642527,0.054714958008844405
10304,-4912500.0,0.0,-1437500.0,184479,238344.5005692724,4,20,0.015204249978244952,0.06270016699272674,0.008176208008080721,0.06737650001014117
10976,-3112500.0,0.0,-1412500.0,188587,239042.3112584798,4,20,0.01565875210711086,0.0687620410026284,0.006564916999195702,0.06603524999809451
8576,-3112500.0,0.0,-1512500.0,188571,239049.22359757446,4,20,0.01601073789704486,0.06157483399147168,0.008976208002422936,0.06645733299956191
62560,-3512500.0,0.0,737500.0,192384,242756.37297549384,5,35,0.04398616808963338,0.06516649998957291,0.009962541997083463,0.12591616698773578
63904,87500.0,0.0,787500.0,190720,240881.4260678227,4,20,0.04971297482794401,0.06500466700526886,0.007163834001403302,0.056267666004714556
64960,-3512500.0,0.0,837500.0,190592,240822.9647013079,4,20,0.035030385756949035,0.07066191699414048,0.012031541002215818,0.0732312079926487
66304,87500.0,0.0,887500.0,190016,239766.52164599852,4,20,0.033700149146855166,0.06377512498875149,0.009718375004013069,0.06262854200031143
68704,87500.0,0.0,987500.0,191040,239739.13605071654,4,20,0.026316875961779465,0.06717070900776889,0.011068583000451326,0.07773837501008529
60160,-3512500.0,0.0,637500.0,193440,245731.0907110904,8,120,0.04885118099705327,0.057989666995126754,0.011099583003669977,0.3691334589966573
51904,87500.0,0.0,287500.0,255854,279772.32823123434,19,1330,0.04893895994012498,0.08240170800127089,0.0074994160095229745,4.224892083002487
61504,87500.0,0.0,687500.0,191744,244123.7370002974,7,84,0.046757078684917346,0.06497770799614955,0.007115000000339933,0.2583014580013696
71104,87500.0,0.0,1087500.0,191424,239938.49044770942,4,20,0.020788814555513263,0.06983087499975227,0.007104999996954575,0.07584787499217782
59104,87500.0,0.0,587500.0,195904,249920.2931465329,9,165,0.04737792534549724,0.05620824999641627,0.0077861669997219,0.5275838749948889
63104,-4912500.0,0.0,762500.0,192768,242517.1315922771,5,35,0.039357840654469706,0.09557783300988376,0.00977870800124947,0.10335891699651256
60704,-4912500.0,0.0,662500.0,193600,245454.8631199632,7,84,0.046215459527888254,0.0703533750056522,0.00911983399419114,0.27554937500099186
4928,-4312500.0,0.0,-1662500.0,186787,238623.56257224726,4,20,0.015568658399692238,0.06169637499260716,0.011809083007392474,0.061633041987079196
2528,-4312500.0,0.0,-1762500.0,186931,238668.26359044327,4,20,0.015485082782370537,0.06024095800239593,0.0062685409939149395,0.06722974999865983
128,-4312500.0,0.0,-1862500.0,188480,240203.75279674088,4,20,0.0002743499266633751,0.06315162499959115,0.006649707996984944,0.06665125000290573
8000,-2512500.0,0.0,-1537500.0,189392,239290.2138007862,4,20,0.0160342827258019,0.06399858399527147,0.007484125002520159,0.06808041699696332
11008,-2312500.0,0.0,-1412500.0,189851,239409.5820858157,4,20,0.015432443866285898,0.05981787500786595,0.006308790994808078,0.06570250001095701
8608,-2312500.0,0.0,-1512500.0,189620,239372.21331687985,4,20,0.015978739249741025,0.060949290986172855,0.00629304199537728,0.04997270798776299
12800,-2512500.0,0.0,-1337500.0,189240,239342.8870266763,4,20,0.014843693058141485,0.0617013750015758,0.006751165987225249,0.0548039580025943
10400,-2512500.0,0.0,-1437500.0,189812,239314.9206063302,4,20,0.01564966129778286,0.06723100000817794,0.01150212500942871,0.060566875006770715
31424,-1912500.0,0.0,-562500.0,195136,249432.51813356896,10,220,0.04565039886432241,0.09569708300114144,0.008308709002449177,0.6849561670096591
33824,-1912500.0,0.0,-462500.0,199936,256563.93426800185,10,220,0.04796834906007049,0.1052089999866439,0.009881709003821015,0.6854938750038855
26112,287500.0,0.0,-787500.0,190196,240932.21053444184,4,20,0.04946937547418435,0.07973879099881742,0.008618624997325242,0.07415883398789447
72928,687500.0,0.0,1162500.0,190691,239975.41350624984,4,20,0.016941104080917205,0.05768466599693056,0.007844916995964013,0.06607858299685176
28512,287500.0,0.0,-687500.0,192052,244182.10073652948,7,84,0.04652726280773799,0.06985729199368507,0.0072367910033790395,0.2425201250007376
30912,287500.0,0.0,-587500.0,196752,249928.4644832228,9,165,0.04737800402854357,0.07114816599641927,0.006889374999445863,0.4803538749984
75936,887500.0,0.0,1287500.0,189492,239890.338324098,4,20,0.014900810641952365,0.07547908299602568,0.0065605000127106905,0.062285040999995545
73536,887500.0,0.0,1187500.0,190580,239959.4426549419,4,20,0.016038502843742627,0.05997558300441597,0.006336833001114428,0.06547066700295545
36224,-1912500.0,0.0,-362500.0,217232,267411.1771088892,12,364,0.04701386569723577,0.10908220899000298,0.010890999998082407,1.163990124987322
75328,687500.0,0.0,1262500.0,190057,239926.03525392557,4,20,0.015116382181716771,0.06664716701197904,0.006494333007140085,0.06401141699461732
8928,5687500.0,0.0,-1512500.0,183903,238177.2634542751,4,20,0.014728595181813853,0.06059899998945184,0.0064837920072022825,0.06447662500431761
71136,887500.0,0.0,1087500.0,190900,239941.568789746,4,20,0.01924854658007293,0.07204870799614582,0.01176883299194742,0.06824100000085309
10272,-5712500.0,0.0,-1437500.0,183762,238147.37419057076,4,20,0.01460063351341474,0.06550083399633877,0.006259250003495254,0.05341020799824037
11328,5687500.0,0.0,-1412500.0,183643,238133.191341966,4,20,0.014535847069065341,0.06474133300071117,0.006883833993924782,0.08143983299669344
7872,-5712500.0,0.0,-1537500.0,184095,238193.92695274827,4,20,0.014735792065964039,0.05796825001016259,0.00673508299223613,0.06447099999058992
12672,-5712500.0,0.0,-1337500.0,185043,238116.4904177882,4,20,0.014263150894898383,0.0543496669997694,0.006230166996829212,0.06351937500585336
26048,-1312500.0,0.0,-787500.0,192244,241105.08902330708,4,20,0.047874349413968634,0.06429304199991748,0.006373874988639727,0.06374387499818113
28448,-1312500.0,0.0,-687500.0,192384,243871.43152420162,7,84,0.04685274728582136,0.06623758299974725,0.007444540999131277,0.24653079200652428
5728,687500.0,0.0,-1637500.0,189291,239572.09467621575,4,20,0.016633909755547897,0.06526291600312106,0.006367333000525832,0.07001370801299345
5120,487500.0,0.0,-1662500.0,189355,239564.13868106424,4,20,0.016694240503551633,0.06043774999852758,0.007002541999099776,0.07337983300385531
2720,487500.0,0.0,-1762500.0,189427,239521.05568639882,4,20,0.016525236631765503,0.06128737499238923,0.006524665994220413,0.06205608299933374
320,487500.0,0.0,-1862500.0,188480,240203.75279674088,4,20,0.0002743499266633751,0.062266209002700634,0.010663124994607642,0.06729158299276605
30848,-1312500.0,0.0,-587500.0,194096,248824.57049750575,9,165,0.04940540519340588,0.06556195800658315,0.010546582998358645,0.5175894169951789
2912,5287500.0,0.0,-1762500.0,186512,238369.85732444917,4,20,0.014880384132514454,0.06682379200356081,0.007088208003551699,0.07048070900782477
512,5287500.0,0.0,-1862500.0,188480,240203.75279674088,4,20,0.0002743499266633751,0.06481300000450574,0.010581624999758787,0.06471341699943878
5312,5287500.0,0.0,-1662500.0,186513,238331.3770158659,4,20,0.014911866380549064,0.05965433300298173,0.0065730420028558,0.07468808299745433
46400,-2512500.0,0.0,62500.0,294464,247161.76020718712,15,680,0.0447243173014115,0.09693750001315493,0.00645095799700357,2.1385612500016578
47008,-2312500.0,0.0,87500.0,293696,248494.60542871285,15,680,0.044735652903093025,0.1036109580018092,0.01037670900404919,2.238805749992025
58912,-4712500.0,0.0,587500.0,195024,248042.76291550952,9,165,0.048963609058843276,0.06430370800080709,0.006391167000401765,0.5118226250051521
16864,-5912500.0,0.0,-1162500.0,186560,238288.6562851655,4,20,0.01338019894109638,0.062235334000433795,0.00834183300321456,0.0591721660020994
14464,-5912500.0,0.0,-1262500.0,185811,238119.37449988,4,20,0.01375288118820341,0.069726959001855,0.00991700000304263,0.07029079199128319
16960,-3512500.0,0.0,-1162500.0,188724,238950.40026967027,4,20,0.013937326709249005,0.05773645899898838,0.010347624993300997,0.06170550000388175
14560,-3512500.0,0.0,-1262500.0,188340,238862.8810991455,4,20,0.014453599688063468,0.07635033399856184,0.008329959004186094,0.06185120799636934
56512,-4712500.0,0.0,487500.0,197568,251502.3923864361,11,286,0.04699388621736737,0.06947737500013318,0.007165874994825572,0.9073735410056543
51168,-3312500.0,0.0,262500.0,233536,264692.9508357738,15,680,0.045818654350520294,0.08180787500168663,0.006754249989171512,2.132599417003803
54112,-4712500.0,0.0,387500.0,201140,253678.5496018613,11,286,0.044754181603031094,0.07340233399008866,0.009185457995044999,0.9002186659927247
15328,687500.0,0.0,-1237500.0,190648,239929.62989199915,4,20,0.01537148659510597,0.06551045800733846,0.006836457992903888,0.06622370801051147
18336,887500.0,0.0,-1112500.0,190800,239935.29156003526,4,20,0.018209385527136756,0.06213595799636096,0.006339500003377907,0.06127558300795499
40512,287500.0,0.0,-187500.0,282240,267025.1062377797,15,680,0.049261751943906855,0.11002141700009815,0.009540459010167979,2.162154375007958
15936,887500.0,0.0,-1212500.0,190772,239929.63254649335,4,20,0.015555088856459894,0.061435166993760504,0.010790833999635652,0.06438029199489392
58976,-3112500.0,0.0,587500.0,195380,247466.05928665813,10,220,0.045619408184638235,0.06735074998869095,0.0076177500013727695,0.6709934579994297
56576,-3112500.0,0.0,487500.0,197760,251612.99956933863,11,286,0.045174257349006604,0.06726766699284781,0.008556999993743375,0.8833314579969738
17280,4487500.0,0.0,-1162500.0,187868,238562.92742712738,4,20,0.013843616276633578,0.06114550000347663,0.0066113330103689805,0.06063341599656269
54176,-3112500.0,0.0,387500.0,206016,256739.27096991992,11,286,0.0454428234507892,0.07196016699890606,0.01021591700555291,0.9039666659955401
14880,4487500.0,0.0,-1262500.0,186496,238450.42511940707,4,20,0.01439703738518966,0.062156250001862645,0.006617999999434687,0.06618145799438935
10816,-7112500.0,0.0,-1412500.0,181995,237971.5492228517,4,20,0.013703350682501845,0.0551231659919722,0.006383541985996999,0.06471137500193436
8416,-7112500.0,0.0,-1512500.0,182803,238019.20098226302,4,20,0.013896614726492833,0.06427966599585488,0.008632208002381958,0.07189204200403765
12640,-6512500.0,0.0,-1337500.0,184303,238005.08761308537,4,20,0.013704645699443855,0.06275795899273362,0.006299959000898525,0.07412816600117367
15648,-6312500.0,0.0,-1212500.0,185920,238132.47146310608,4,20,0.013281032127639838,0.06134804199973587,0.011295542004518211,0.06711891700979322
17440,-6512500.0,0.0,-1137500.0,185143,238300.58999070153,4,20,0.013165810801250599,0.06272129200806376,0.006366040994180366,0.0615789580042474
15040,-6512500.0,0.0,-1237500.0,185463,238076.6675984537,4,20,0.013285529136563069,0.06391316599911079,0.0064812499913387,0.06436650000978261
18176,-3112500.0,0.0,-1112500.0,189564,239223.67680963903,4,20,0.014313771881037298,0.0631685410044156,0.006472958993981592,0.08364816699759103
15776,-3112500.0,0.0,-1212500.0,189748,239087.36862679137,4,20,0.014030910280083669,0.07110145800106693,0.006733291986165568,0.061321708009927534
13376,-3112500.0,0.0,-1312500.0,188480,239042.1869632132,4,20,0.01482807164910824,0.07400683299056254,0.00856933300383389,0.06731891600065865
12224,-1912500.0,0.0,-1362500.0,190104,239599.07698394707,4,20,0.014970829411214819,0.06494391600426752,0.007337124989135191,0.06678704099613242
9824,-1912500.0,0.0,-1462500.0,190396,239532.28934320027,4,20,0.015743970930181567,0.05487841699505225,0.006709999986924231,0.06136979199072812
7424,-1912500.0,0.0,-1562500.0,190272,239478.82086885357,4,20,0.01614340375609175,0.06832158399629407,0.0074511249986244366,0.06526220799423754
7520,487500.0,0.0,-1562500.0,190363,239631.7082975479,4,20,0.016481676077139996,0.05792779200419318,0.006551790997036733,0.05328404199099168
9920,487500.0,0.0,-1462500.0,191215,239705.1814712544,4,20,0.015846560239690576,0.059553541999775916,0.006790500003262423,0.06630779200349934
12320,487500.0,0.0,-1362500.0,190260,239811.95561360818,4,20,0.01515392545073566,0.06689512501179706,0.006249583006137982,0.06742674999986775
45920,487500.0,0.0,37500.0,311248,253129.55493951155,13,455,0.04953407760879286,0.10162008300540037,0.006574750004801899,1.4007472910016077
57920,487500.0,0.0,537500.0,198592,253596.95409856556,9,165,0.048654745296882504,0.06582987499132287,0.006101291000959463,0.5037389999924926
18528,5687500.0,0.0,-1112500.0,187328,238455.68846957362,4,20,0.01367601152284864,0.06280804199923296,0.007582250007544644,0.05278633299167268
55520,487500.0,0.0,437500.0,209856,264533.9096962505,10,220,0.04822201556179581,0.06732695798564237,0.006184082987601869,0.6892349170084344
13728,5687500.0,0.0,-1312500.0,185080,238117.1358131466,4,20,0.014149290423901738,0.07032645799336024,0.007389874997898005,0.05939083299017511
16128,5687500.0,0.0,-1212500.0,186780,238213.3446832547,4,20,0.013613448246968494,0.05675216700183228,0.006675625001662411,0.06871404100093059
48320,487500.0,0.0,137500.0,292288,259558.13955450393,14,560,0.04738521934877814,0.10035387500829529,0.00794279100955464,1.744915499992203
56128,687500.0,0.0,462500.0,206263,260733.347190625,10,220,0.04677994869721768,0.0644058329926338,0.006411374997696839,0.689600874989992
38112,287500.0,0.0,-287500.0,255861,279013.1140648811,19,1330,0.04836700053936301,0.08177770901238546,0.008252291998360306,4.17329016700387
9024,-6912500.0,0.0,-1487500.0,182675,238014.58539177978,4,20,0.01391157334357715,0.06610962499689776,0.00668237499485258,0.05715637501270976
11424,-6912500.0,0.0,-1387500.0,182827,237973.33269317882,4,20,0.013690155822764947,0.06260858399036806,0.011674791996483691,0.06884029200591613
9728,-4312500.0,0.0,-1462500.0,186379,238554.52185912026,4,20,0.015640892667816864,0.05910612500156276,0.009167666008579545,0.06216608299291693
7328,-4312500.0,0.0,-1562500.0,186723,238583.82702987356,4,20,0.01571519071261512,0.060531333001563326,0.009954166991519742,0.0645544169965433
12128,-4312500.0,0.0,-1362500.0,186382,238517.8755856627,4,20,0.015236751722224379,0.05959020800946746,0.0068294579978100955,0.05602083299891092
11616,-2112500.0,0.0,-1387500.0,190044,239507.36027154102,4,20,0.015189071137574055,0.06007145799230784,0.011407166995923035,0.060137166001368314
6816,-2112500.0,0.0,-1587500.0,190047,239412.35782232377,4,20,0.01616226522524597,0.06293474999256432,0.006304583002929576,0.06338945899915416
9216,-2112500.0,0.0,-1487500.0,190172,239455.0072114876,4,20,0.015888853411559285,0.061714333001873456,0.006512916996143758,0.06440433299576398
64416,-2112500.0,0.0,812500.0,192500,240970.76380026943,4,20,0.04044254066806113,0.06063445800100453,0.012411333009367809,0.05847716699645389
75904,87500.0,0.0,1287500.0,190656,239909.0134875188,4,20,0.015214552535949994,0.05929183399712201,0.006405791995348409,0.06896016599785071
62016,-2112500.0,0.0,712500.0,193344,243028.6455779143,6,56,0.047710119454119265,0.06545520899817348,0.007020291988737881,0.16387499999837019
73504,87500.0,0.0,1187500.0,191040,239972.81116755572,4,20,0.01680056181688232,0.0584385420079343,0.006462042001658119,0.062042666992056184
11904,5087500.0,0.0,-1387500.0,185323,238262.18242856965,4,20,0.014892826421599921,0.06227783299982548,0.01120900000387337,0.062248417001683265
8896,4887500.0,0.0,-1512500.0,185387,238366.96796677337,4,20,0.015333718968897285,0.05903841600229498,0.008728750006412156,0.060729667005944066
11296,4887500.0,0.0,-1412500.0,185247,238327.29968547728,4,20,0.015128131946713775,0.05937145800271537,0.0063740829937160015,0.06097508399398066
7104,5087500.0,0.0,-1587500.0,185780,238344.83631746893,4,20,0.015161674522288596,0.06519545799528714,0.007271333000971936,0.06637570800376125
17408,-7312500.0,0.0,-1137500.0,186359,238284.791369226,4,20,0.012988617931335133,0.06481887500558514,0.0067162909981561825,0.05121974999201484
15008,-7312500.0,0.0,-1237500.0,185204,238040.00209596235,4,20,0.013083051726927985,0.06104870801209472,0.008621042012237012,0.06420704199990723
59616,-2112500.0,0.0,612500.0,194432,246660.97089062523,9,165,0.047208204574246765,0.07719920799718238,0.0067782080004690215,0.5096579589881003
12608,-7312500.0,0.0,-1337500.0,183562,237957.78423764606,4,20,0.013470271798532964,0.059174374997382984,0.0066618330019991845,0.05838108400348574
8480,-5512500.0,0.0,-1512500.0,183898,238222.77296767884,4,20,0.01487973471970752,0.06977825000649318,0.00677116600854788,0.0545948750077514
12768,-3312500.0,0.0,-1337500.0,188203,238941.5219837234,4,20,0.015108643168573875,0.06255812499148306,0.006498499991721474,0.062423499999567866
10880,-5512500.0,0.0,-1412500.0,183767,238176.9404741503,4,20,0.014687300281426324,0.06762212500325404,0.009598666991223581,0.06974420900223777
10368,-3312500.0,0.0,-1437500.0,188331,238954.86175415778,4,20,0.015796262101338148,0.06273137500102166,0.011553791002370417,0.06538679200457409
7968,-3312500.0,0.0,-1537500.0,188459,238966.08706279975,4,20,0.016014271009747616,0.06325170799391344,0.006424625011277385,0.06520941699272953
33312,287500.0,0.0,-487500.0,202112,259142.54615678833,10,220,0.04582394560233174,0.0683734159974847,0.006253458006540313,0.6675533749948954
35712,287500.0,0.0,-387500.0,218560,272104.40792023094,11,286,0.04624733196922574,0.06717454100726172,0.00884562500868924,0.850280250000651
76512,287500.0,0.0,1312500.0,190400,239883.6754367359,4,20,0.015106819306805082,0.06892237500869669,0.01053683299687691,0.06808220899256412
74112,287500.0,0.0,1212500.0,191296,239966.12026107364,4,20,0.016102326081252213,0.06875695800408721,0.010691457995562814,0.06450437499734107
71712,287500.0,0.0,1112500.0,191264,239963.29874658634,4,20,0.019424964979499273,0.060491917000035755,0.010586958000203595,0.06041354199987836
13120,5487500.0,0.0,-1337500.0,185571,238153.90966989248,4,20,0.014411398721803536,0.05773112500901334,0.0065491249988554046,0.06207695900229737
8320,5487500.0,0.0,-1537500.0,184231,238228.87937627462,4,20,0.014895564516228794,0.06454074999783188,0.006765833997633308,0.06602033400849905
56736,887500.0,0.0,487500.0,201920,257271.21684851102,10,220,0.0449691854210165,0.159437957991031,0.007189458992797881,0.7027766669925768
10720,5487500.0,0.0,-1437500.0,184010,238183.66498494556,4,20,0.01476127988809525,0.058533957999316044,0.006998209006269462,0.0653517920000013
7232,-6712500.0,0.0,-1562500.0,182519,238072.26395547262,4,20,0.014056688045145132,0.061722041995381005,0.0065713750082068145,0.07042966700100806
54336,887500.0,0.0,387500.0,219392,269015.3716474393,11,286,0.04665019395227069,0.13689141698705498,0.0063662920001661405,0.8878851250046864
12032,-6712500.0,0.0,-1362500.0,183175,237983.50212847083,4,20,0.013693938949336903,0.06784124999830965,0.007494624995160848,0.06706762500107288
9632,-6712500.0,0.0,-1462500.0,181962,238015.1146460894,4,20,0.013950117313933573,0.058343709009932354,0.00918133300729096,0.06605454199598171
16320,-4512500.0,0.0,-1187500.0,187776,238538.15912423306,4,20,0.013907995301944899,0.06754570901102852,0.007568749992060475,0.06426825000380632
53728,687500.0,0.0,362500.0,225792,273149.1659894111,12,364,0.045585026373851686,0.07827704200462904,0.007102959003532305,1.1786604580120184
13920,-4512500.0,0.0,-1287500.0,186292,238449.71155836372,4,20,0.014611904394204638,0.05705304199364036,0.006550375008373521,0.0690859579917742
18720,-4512500.0,0.0,-1087500.0,188340,238783.75889665622,4,20,0.014329346691944684,0.06350920800468884,0.008119666003040038,0.06543283299834002
12192,-2712500.0,0.0,-1362500.0,188955,239235.6753917267,4,20,0.015167038850513006,0.0699657910008682,0.008194542009732686,0.06753329200728331
9792,-2712500.0,0.0,-1462500.0,189236,239225.19882116743,4,20,0.01584770411924939,0.06813487499312032,0.007358832997852005,0.07310958299785852
7392,-2712500.0,0.0,-1562500.0,188901,239209.11937568293,4,20,0.016074176520081446,0.06527933401230257,0.006539499998325482,0.06146450000233017
8704,87500.0,0.0,-1512500.0,191083,239677.8405784291,4,20,0.016268366070949537,0.07006391600589268,0.006966583008761518,0.05843862499750685
11104,87500.0,0.0,-1412500.0,191296,239762.95837860342,4,20,0.015546039798232917,0.06502558400097769,0.007180791988503188,0.06530566600849852
8864,4087500.0,0.0,-1512500.0,186588,238625.87980471083,4,20,0.01580264181686178,0.06564820800849702,0.0072770000115269795,0.05860512499930337
11264,4087500.0,0.0,-1412500.0,186795,238595.6644631044,4,20,0.015571255771784719,0.06549829200957902,0.008217333001084626,0.06577412500337232
24544,6087500.0,0.0,-862500.0,189431,240546.352093099,4,20,0.030306772934140302,0.060405166004784405,0.0073130000091623515,0.06414241599850357
22144,6087500.0,0.0,-962500.0,187392,239306.2856013291,4,20,0.01887266548759144,0.05977066600462422,0.009992582999984734,0.061514750006608665
19744,6087500.0,0.0,-1062500.0,187200,238625.46262706383,4,20,0.014292930279991364,0.06656804199155886,0.007090208004228771,0.05787350000173319
22752,6287500.0,0.0,-937500.0,188096,239553.99471939242,4,20,0.020937574244481023,0.0610918330057757,0.008251499995822087,0.0676614999974845
12096,-5112500.0,0.0,-1362500.0,185683,238261.55289188086,4,20,0.014788676368600926,0.054540540993912145,0.009700415990664624,0.06762508300016634
9696,-5112500.0,0.0,-1462500.0,184458,238297.5919303635,4,20,0.01511048950733667,0.06683795800199732,0.006468291001510806,0.05268133300705813
7296,-5112500.0,0.0,-1562500.0,185908,238343.2211618186,4,20,0.015183190076888942,0.06036529201082885,0.006685291999019682,0.060903749996214174
11488,-5312500.0,0.0,-1387500.0,185307,238215.28670604006,4,20,0.01475964338346772,0.06923145899781957,0.007165292001445778,0.06077787501271814
9088,-5312500.0,0.0,-1487500.0,184210,238257.1574132026,4,20,0.01500807295774031,0.05800466598884668,0.007345832986175083,0.0678311250085244
15712,-4712500.0,0.0,-1212500.0,188288,238446.86012386135,4,20,0.013981496670326195,0.06754612500662915,0.006510999999591149,0.06855074998748023
18112,-4712500.0,0.0,-1112500.0,188470,238654.43693877908,4,20,0.013992760859788627,0.05956295900978148,0.006561708010849543,0.05654862499795854
13312,-4712500.0,0.0,-1312500.0,186155,238376.89461808332,4,20,0.014725952789371438,0.06852837500628084,0.00849270899198018,0.07269874999474268
45216,-2112500.0,0.0,12500.0,301312,247634.79984768265,15,680,0.04770416820165053,0.10190020900336094,0.006317709005088545,2.1434975000011036
47616,-2112500.0,0.0,112500.0,291648,250874.01558636612,15,680,0.04514899601431756,0.10537800000747666,0.007481166991055943,2.1957385419955244
63168,-3312500.0,0.0,762500.0,191744,242139.9205663641,5,35,0.03978705386710768,0.057291625009384006,0.006727040992700495,0.127115709008649
72320,487500.0,0.0,1137500.0,191220,239973.21809477775,4,20,0.018071290141093828,0.05968849999771919,0.007476915998267941,0.06278408400248736
60768,-3312500.0,0.0,662500.0,193200,244833.4808681811,7,84,0.04736098337764012,0.06491991700022481,0.007922125005279668,0.28211816599650774
74720,487500.0,0.0,1237500.0,191028,239951.33876070534,4,20,0.015519536569880197,0.0682937500096159,0.006343084009131417,0.06020062499737833
15488,4687500.0,0.0,-1237500.0,187732,238408.8384908662,4,20,0.014145359633575928,0.06632225000066683,0.01194437500089407,0.05673645800561644
17888,4687500.0,0.0,-1137500.0,188296,238566.06605676,4,20,0.013836103173394393,0.05777137500990648,0.006733750007697381,0.06667274999199435
13152,6287500.0,0.0,-1337500.0,184257,238025.14796062454,4,20,0.013830110719088167,0.0657640419958625,0.008023084010346793,0.05945879200589843
7744,6087500.0,0.0,-1562500.0,183790,238136.68316423253,4,20,0.01444367227638352,0.0651239160069963,0.006545832991832867,0.05134074999659788
10144,6087500.0,0.0,-1462500.0,183470,238084.77899029394,4,20,0.014350019359288552,0.06279279199952725,0.01243429099849891,0.05759645799116697
12544,6087500.0,0.0,-1362500.0,184346,238050.4017203843,4,20,0.01406889370749379,0.06870720800361596,0.009100957991904579,0.06237112499366049
10752,6287500.0,0.0,-1437500.0,183214,238045.18993083743,4,20,0.014140255089017981,0.062293583003338426,0.006692042006761767,0.06587779200344812
8352,6287500.0,0.0,-1537500.0,183623,238095.06989618266,4,20,0.014291870910645852,0.06498866699985228,0.00950916699366644,0.058727916999487206
13248,-6312500.0,0.0,-1312500.0,184397,238030.92118712602,4,20,0.013720510823146102,0.06540187500650063,0.00820279199979268,0.06527750000532251
18656,-6112500.0,0.0,-1087500.0,187008,238518.0423142863,4,20,0.013809740188457244,0.06021895899903029,0.007797584010404535,0.06045687499863561
57216,-2112500.0,0.0,512500.0,196496,252055.27549393754,10,220,0.04856429805184482,0.06911608300288208,0.007959750000736676,0.6945258749910863
16256,-6112500.0,0.0,-1187500.0,186176,238205.80447554032,4,20,0.013321450540913084,0.06348662500386126,0.010783709003590047,0.05831983299867716
13856,-6112500.0,0.0,-1287500.0,184816,238066.57946690146,4,20,0.013750863995181533,0.06858812499558553,0.008862000002409332,0.0569603339972673
10944,-3912500.0,0.0,-1412500.0,187219,238690.1342523086,4,20,0.015643311446958623,0.06877733299916144,0.015814832993783057,0.06119591699098237
8544,-3912500.0,0.0,-1512500.0,187164,238719.21888657403,4,20,0.015885178836498426,0.06424487500044052,0.009807791997445747,0.06239554200146813
10336,-4112500.0,0.0,-1437500.0,186724,238620.2473789728,4,20,0.015669611861416757,0.07528116600587964,0.006484583005658351,0.05806983300135471
43520,487500.0,0.0,-62500.0,308608,253515.5033298571,13,455,0.048223752726126216,0.12953537500288803,0.010659999999916181,1.51094141700014
7936,-4112500.0,0.0,-1537500.0,186774,238648.12135812445,4,20,0.01581787343640892,0.06626879100804217,0.011178540997207165,0.05700187500042375
54816,-2112500.0,0.0,412500.0,207552,260141.03593872118,11,286,0.04624717383474407,0.0762738749908749,0.008249292004620656,0.9212620000034804
18912,287500.0,0.0,-1087500.0,191360,239919.81011833667,4,20,0.02054972173985549,0.07709183300903533,0.01019962498685345,0.06759412499377504
16512,287500.0,0.0,-1187500.0,191168,239961.20050616685,4,20,0.016674641402913963,0.07874987499963026,0.011770375000196509,0.05459050000354182
14112,287500.0,0.0,-1287500.0,190528,239902.01848255904,4,20,0.015154877149092418,0.06506966600136366,0.006532875006087124,0.06612208401202224
23328,5687500.0,0.0,-912500.0,188352,239832.43859443592,4,20,0.023622945556213335,0.07367837500351015,0.007108999998308718,0.0595492499996908
20928,5687500.0,0.0,-1012500.0,187520,238937.5810131766,4,20,0.016021902738854843,0.06475737500295509,0.006786457990529016,0.05832154200470541
11968,6687500.0,0.0,-1387500.0,182489,237986.86918101678,4,20,0.013765723781839264,0.05978212499758229,0.010822124997503124,0.06495258300856221
9568,6687500.0,0.0,-1487500.0,182391,238028.2349955672,4,20,0.013993211014213748,0.06658895799773745,0.006435709001380019,0.06984874999034218
17504,-4912500.0,0.0,-1137500.0,188343,238534.85922935716,4,20,0.013794655439688613,0.07629504198848736,0.007736083003692329,0.07609762498759665
15104,-4912500.0,0.0,-1237500.0,187435,238365.3811634835,4,20,0.014091128485497506,0.06253949999518227,0.006587124997167848,0.0709259160066722
12704,-4912500.0,0.0,-1337500.0,185739,238314.66860589586,4,20,0.014784922114513892,0.06301433399494272,0.006720833000144921,0.06576875000610016
18784,-2912500.0,0.0,-1087500.0,189952,239367.1280658068,4,20,0.014778883437779411,0.06385504100762773,0.008736499992664903,0.061291000005439855
16384,-2912500.0,0.0,-1187500.0,189800,239213.3116699118,4,20,0.013945650912880357,0.06426495900086593,0.006934374992852099,0.06452087499201298
13984,-2912500.0,0.0,-1287500.0,188907,239153.9193655184,4,20,0.014520362325656892,0.06454458300140686,0.008452584006590769,0.06402533299115021
32704,87500.0,0.0,-512500.0,199488,256855.27943810198,9,165,0.04989981082279352,0.0632974589971127,0.008791374988504685,0.5420413340034429
36896,-112500.0,0.0,-337500.0,239637,278535.09202912985,14,560,0.0455128579760664,0.08325574999616947,0.013889582987758331,1.826663500003633
9472,4287500.0,0.0,-1487500.0,186323,238548.74295011736,4,20,0.015681152879210836,0.06198791699716821,0.0065210830071009696,0.0584918340027798
11872,4287500.0,0.0,-1387500.0,186402,238512.3210173163,4,20,0.015367246411306407,0.0676287499954924,0.006527167002786882,0.061025040995446034
9504,5087500.0,0.0,-1487500.0,184418,238301.625270655,4,20,0.015150808328788751,0.056127375006326474,0.009228458002326079,0.06437862500024494
10112,5287500.0,0.0,-1462500.0,184414,238239.90722895853,4,20,0.014967765342087413,0.05733033399155829,0.006834208994405344,0.05862674998934381
35104,87500.0,0.0,-412500.0,214848,269459.7417680848,11,286,0.042213302228245535,0.06762333400547504,0.006711792011628859,0.8865787079994334
12512,5287500.0,0.0,-1362500.0,185635,238202.89984404165,4,20,0.01466082469865687,0.06045579099736642,0.006262708004214801,0.07201000000350177
7712,5287500.0,0.0,-1562500.0,185881,238285.5746116379,4,20,0.015038444825608923,0.06136404200515244,0.010026707997894846,0.05853025001124479
16800,7487500.0,0.0,-1187500.0,185088,238139.26178357415,4,20,0.012905043680425943,0.06582912500016391,0.007340166004723869,0.060155125000164844
14400,7487500.0,0.0,-1287500.0,184088,237977.09130649257,4,20,0.013282639839203815,0.0616617499908898,0.00869845799752511,0.07132991599792149
18592,7287500.0,0.0,-1112500.0,186688,238374.3664763231,4,20,0.013164356400816946,0.0673136660043383,0.00672254100209102,0.06648550000682008
50112,287500.0,0.0,212500.0,276992,270626.04171546956,16,816,0.04828798695676956,0.09601233300054446,0.010960667001199909,2.5978424169879872
16192,7287500.0,0.0,-1212500.0,185396,238085.3972657343,4,20,0.012979358533656945,0.06342754200159106,0.006487167003797367,0.057894500001566485
13792,7287500.0,0.0,-1312500.0,183711,237965.75081901357,4,20,0.013384615546919578,0.06531187499058433,0.007171917008236051,0.06235454199486412
13952,-3712500.0,0.0,-1287500.0,187648,238762.08157341077,4,20,0.014692431243202908,0.05860375000338536,0.006471665998105891,0.05827070798841305
16352,-3712500.0,0.0,-1187500.0,188916,238828.70226961694,4,20,0.013949621549245434,0.06748987500031944,0.009504124987870455,0.05919533300038893
18144,-3912500.0,0.0,-1112500.0,188480,238893.65748843853,4,20,0.014147302944406904,0.06239558299421333,0.006855625004391186,0.06514566698751878
18208,-2312500.0,0.0,-1112500.0,190504,239615.73820863242,4,20,0.015036419317444311,0.06310270800895523,0.009067166989552788,0.059812416991917416
15808,-2312500.0,0.0,-1212500.0,190132,239517.54518402036,4,20,0.014157349291865915,0.06395333301043138,0.006714417002513073,0.06210137499147095
39296,-112500.0,0.0,-237500.0,270952,275080.27459109767,17,969,0.048177421473521505,0.10431291699933354,0.007377000001724809,3.1259152500133496
13408,-2312500.0,0.0,-1312500.0,189504,239458.5502375818,4,20,0.01455562924990307,0.059115958007168956,0.012232624998432584,0.06281954099540599
17600,-2512500.0,0.0,-1137500.0,190452,239484.3207752003,4,20,0.014394050948876497,0.05973529099719599,0.007480875006876886,0.06277329199656378
52512,287500.0,0.0,312500.0,246955,278961.8984747211,17,969,0.049459963912738325,0.08080754199181683,0.007793875003699213,3.120919416003744
14848,3687500.0,0.0,-1262500.0,188224,238752.03187455877,4,20,0.014448229647077822,0.06634779101295862,0.009883291000733152,0.06791299999167677
46976,-3112500.0,0.0,87500.0,287040,247232.18053390275,16,816,0.04523175315373504,0.10078995799995027,0.006479292002040893,2.5714947499945993
15456,3887500.0,0.0,-1237500.0,188352,238680.70902054844,4,20,0.01425568121168938,0.059625791996950284,0.009483083995291963,0.06354595799348317
17248,3687500.0,0.0,-1162500.0,188736,238840.42302153452,4,20,0.01390124929529794,0.06319091700424906,0.013416415997198783,0.0634776250080904
17856,3887500.0,0.0,-1137500.0,188608,238810.55137404357,4,20,0.01396491424602015,0.07252070899994578,0.0070479170099133626,0.06375154200941324
63712,-4712500.0,0.0,787500.0,192192,241890.19010841404,4,20,0.04476990037555369,0.0722609590011416,0.009464083996135741,0.05775437499687541
13824,-6912500.0,0.0,-1287500.0,184116,237996.56417648075,4,20,0.01335691246432736,0.06979245800175704,0.006707667009322904,0.05753491699579172
18624,-6912500.0,0.0,-1087500.0,186432,238475.41619872168,4,20,0.01353755909925106,0.05577633299981244,0.006591791010578163,0.061056999998982064
61312,-4712500.0,0.0,687500.0,193344,244553.5254318699,7,84,0.042703554452942126,0.06432862499787007,0.008833250001771376,0.2868787500046892
16224,-6912500.0,0.0,-1187500.0,184695,238148.67338654093,4,20,0.012977166171277277,0.07065320899710059,0.007063249999191612,0.06680987498839386
21120,-4512500.0,0.0,-987500.0,188672,239256.40155531035,4,20,0.017491960233796938,0.07030795801256318,0.009922708995873109,0.07338437500584405
23520,-4512500.0,0.0,-887500.0,189440,240175.33395329895,4,20,0.0269125683646133,0.07006783400720451,0.006661374995019287,0.07790949998889118
14624,-1912500.0,0.0,-1262500.0,190432,239672.4489215278,4,20,0.014352736486969811,0.06506645798799582,0.007129292003810406,0.06406241699005477
17024,-1912500.0,0.0,-1162500.0,190836,239745.17893788696,4,20,0.01487987493163105,0.06450508299167268,0.008186959006707184,0.06069170900445897
13504,87500.0,0.0,-1312500.0,190592,239879.0822416236,4,20,0.015137785761399078,0.06338729099661577,0.006558124994626269,0.06629933300428092
15904,87500.0,0.0,-1212500.0,191308,239956.94148673333,4,20,0.01617137837396668,0.06628787500085309,0.011927250001463108,0.055493833002401516
18304,87500.0,0.0,-1112500.0,191552,239947.6985831806,4,20,0.01953881306790276,0.07427716699021403,0.008476333008729853,0.0736408329976257
51808,-2312500.0,0.0,287500.0,238272,270691.06723396876,15,680,0.04739006469073244,0.07987508398946375,0.006200292002176866,2.2135389159957413
41120,487500.0,0.0,-162500.0,287744,262606.41261319723,15,680,0.04444604822425722,0.10735854200902395,0.009083708995603956,2.172678500006441
41728,687500.0,0.0,-137500.0,291904,258456.2984404094,14,560,0.04735151533661218,0.12228604200936388,0.008018249995075166,1.755923749995418
44736,887500.0,0.0,-12500.0,308992,251263.65998840693,14,560,0.04714159546883595,0.11336583300726488,0.008528999998816289,1.7722077920043375
77728,687500.0,0.0,1362500.0,189684,239815.60213702673,4,20,0.015111248928863152,0.058441458008019254,0.011324042003252544,0.06917166599305347
80736,887500.0,0.0,1487500.0,190572,239675.64380102034,4,20,0.01596503316031941,0.06447554200713057,0.007017333002295345,0.05785158400249202
82528,687500.0,0.0,1562500.0,189421,239633.1016495055,4,20,0.016407401620135334,0.06031783299113158,0.0070372080081142485,0.0681075840111589
78336,887500.0,0.0,1387500.0,189968,239773.0775645746,4,20,0.015239889441273826,0.06327266700100154,0.006938834005268291,0.0726701670064358
49408,-2312500.0,0.0,187500.0,272512,260452.4714191956,18,1140,0.047419128723859436,0.08836812499794178,0.007063833007123321,3.623644958002842
80128,687500.0,0.0,1462500.0,190644,239707.82184147305,4,20,0.01580310954892003,0.06427158298902214,0.0063530830084346235,0.060361083000316285
42336,887500.0,0.0,-112500.0,296256,254852.09027536408,13,455,0.04993950733812317,0.09424558399769012,0.007674082997255027,1.4267670840054052
20352,6287500.0,0.0,-1037500.0,186176,238752.17666018195,4,20,0.014891358474181533,0.06475579099787865,0.010856624998268671,0.06635787499544676
20960,6487500.0,0.0,-1012500.0,186304,238907.6572072605,4,20,0.015797630443612955,0.06299816699174698,0.008169084001565352,0.06556091600214131
23360,6487500.0,0.0,-912500.0,188087,239845.81616852322,4,20,0.023495068980245865,0.06332266599929426,0.007934709006804042,0.05722745899402071
19840,-6512500.0,0.0,-1037500.0,186103,238752.8689132617,4,20,0.014836584943467476,0.06244470899400767,0.008072417011135258,0.06573016699985601
44128,687500.0,0.0,-37500.0,309696,252228.37940886445,13,455,0.04914433266712117,0.1097039160085842,0.011474458005977795,1.4379729999927804
22240,-6512500.0,0.0,-937500.0,187943,239567.64758176997,4,20,0.020907899469127283,0.07170450000558048,0.008316416991874576,0.06853995799610857
18048,-6312500.0,0.0,-1112500.0,186304,238401.31737505068,4,20,0.013398988244397374,0.06396329100243747,0.007483042005333118,0.06496091598819476
20544,-3912500.0,0.0,-1012500.0,189248,239237.72482196926,4,20,0.016408891269186755,0.0660427919938229,0.007506791997002438,0.06900208299339283
23552,-3712500.0,0.0,-887500.0,190272,240206.02719360683,4,20,0.026996321614783717,0.06758299999637529,0.007777958002407104,0.060402584000257775
21152,-3712500.0,0.0,-987500.0,189876,239411.89048685704,4,20,0.01762627032930897,0.07254616600403097,0.007889333995990455,0.062136624997947365
18752,-3712500.0,0.0,-1087500.0,188992,239031.2156941622,4,20,0.01447313389615859,0.0702140409994172,0.010639500003890134,0.0693003329943167
20128,687500.0,0.0,-1037500.0,191316,239845.8643583416,4,20,0.02196803227270361,0.057035792007809505,0.009158790999208577,0.061580749999848194
22528,687500.0,0.0,-937500.0,190388,239706.7110537326,4,20,0.02778974810942848,0.06595462499535643,0.007017875002929941,0.05736616700596642
20736,887500.0,0.0,-1012500.0,190964,239809.68569991205,4,20,0.0224952678179815,0.06869987500249408,0.008809582999674603,0.06946091599820647
24928,687500.0,0.0,-837500.0,190769,240213.05672182844,4,20,0.03868154577269731,0.0663465410034405,0.00627004200941883,0.07126833400980104
23136,887500.0,0.0,-912500.0,189876,239774.04711787775,4,20,0.029026720793436787,0.06555749999824911,0.008166041996446438,0.061108708003303036
78912,287500.0,0.0,1412500.0,191415,239764.39116443845,4,20,0.015528144955169878,0.06605775000934955,0.008701207989361137,0.06534104100137483
22048,3687500.0,0.0,-962500.0,190264,239519.63696929335,4,20,0.01920621158641668,0.06496575000346638,0.0067094580008415505,0.060263499995926395
81312,287500.0,0.0,1512500.0,191355,239681.9584752928,4,20,0.016244284480230676,0.06793525000102818,0.007559749996289611,0.07322654200834222
38720,487500.0,0.0,-262500.0,262912,276561.4096709725,19,1330,0.04664076162675285,0.0889106249960605,0.007023541998933069,4.3273307499912335
19648,3687500.0,0.0,-1062500.0,189184,239074.8854509969,4,20,0.01493459573650507,0.06853787500585895,0.008147540997015312,0.0669085410045227
20256,3887500.0,0.0,-1037500.0,189504,239099.20999720454,4,20,0.015537823762176401,0.06175383301160764,0.006679292011540383,0.06346679199486971
24448,3687500.0,0.0,-862500.0,190272,240450.579003726,4,20,0.030764563652793515,0.06550787499872968,0.009106875004363246,0.06861129199387506
22656,3887500.0,0.0,-937500.0,190272,239663.38505118247,4,20,0.02124592859399175,0.07303629099624231,0.008237791000283323,0.0630274580034893
21536,5887500.0,0.0,-987500.0,187200,239102.72250824346,4,20,0.017250171869716745,0.05984454198915046,0.007547417000751011,0.0738515420089243
19136,5887500.0,0.0,-1087500.0,187317,238526.2391696379,4,20,0.013893103188788376,0.060824792002676986,0.008714625000720844,0.07350324999424629
23936,5887500.0,0.0,-887500.0,188928,240162.28056224954,4,20,0.026731338221552204,0.06821995800419245,0.007984875002875924,0.06509566601016559
20448,-6312500.0,0.0,-1012500.0,186304,238920.4243759056,4,20,0.015845153107117746,0.06513133300177287,0.008866999996826053,0.06721512498916127
23456,-6112500.0,0.0,-887500.0,188928,240192.82366045724,4,20,0.02667948845720347,0.06304945799638517,0.008058291001361795,0.07117466599447653
21056,-6112500.0,0.0,-987500.0,186752,239111.88470212894,4,20,0.017188036479633934,0.06665195900131948,0.008261333001428284,0.06356525000592228
22848,-6312500.0,0.0,-912500.0,188160,239860.31321874488,4,20,0.02354734698841417,0.07216770800005179,0.009184082999126986,0.06252833300095517
24160,-3512500.0,0.0,-862500.0,190256,240510.70746876334,4,20,0.030741676037068087,0.06713662498805206,0.00949774999753572,0.08001599999261089
19360,-3512500.0,0.0,-1062500.0,189312,239175.23948796876,4,20,0.015010091238956386,0.07502466699224897,0.0075689160003094,0.06570516699866857
21760,-3512500.0,0.0,-962500.0,190836,239602.23524158908,4,20,0.019249576230301078,0.07315037499938626,0.007625458994880319,0.06001958299020771
20000,-2512500.0,0.0,-1037500.0,191156,239631.25947393384,4,20,0.016336030841214405,0.07642345801286865,0.008212417000322603,0.06120691700198222
23008,-2312500.0,0.0,-912500.0,190688,240079.82652234184,4,20,0.02441945308357226,0.06776870800240431,0.010058833999210037,0.06526025000493973
20608,-2312500.0,0.0,-1012500.0,191168,239743.00957107983,4,20,0.017609981706465043,0.06176183299976401,0.010073584009660408,0.06643495900789276
65024,-1912500.0,0.0,837500.0,191972,240587.27701726535,4,20,0.036035986617617234,0.07356454100226983,0.01040933298645541,0.06575141700159293
62624,-1912500.0,0.0,737500.0,193344,242311.9114550814,5,35,0.047394348841036854,0.06744275000528432,0.008054499994614162,0.12104254199948628
78304,87500.0,0.0,1387500.0,191380,239791.3289651903,4,20,0.015384699336639282,0.06287650000012945,0.006762457996956073,0.07680420800170396
83104,87500.0,0.0,1587500.0,189931,239629.32659717085,4,20,0.016667105801236873,0.06559862500580493,0.006647499991231598,0.07039491599425673
80704,87500.0,0.0,1487500.0,191147,239700.1615492519,4,20,0.01610335207157835,0.06534766701224726,0.008413208008278161,0.06597449998662341
22688,4687500.0,0.0,-937500.0,189952,239586.3967110763,4,20,0.021145565129658934,0.06145949999336153,0.007358999995631166,0.06773266699747182
20288,4687500.0,0.0,-1037500.0,188544,238920.85160014086,4,20,0.01536342494917597,0.07177233400580008,0.010147624998353422,0.05859408299147617
60224,-1912500.0,0.0,637500.0,193280,245640.0280157179,8,120,0.048171885828535946,0.06790812499821186,0.007117832996300422,0.3832669590046862
17376,6887500.0,0.0,-1162500.0,185408,238209.71741508783,4,20,0.012971658089223232,0.06977670799824409,0.009429125013411976,0.06271574999846052
14976,6887500.0,0.0,-1262500.0,184491,238022.34850376745,4,20,0.013248180429460335,0.07078120800724719,0.007208084003650583,0.06405783400987275
24096,-5112500.0,0.0,-862500.0,189504,240532.79550409806,4,20,0.030464887560486098,0.06891995800833683,0.010758292002719827,0.06354808299511205
22304,-4912500.0,0.0,-937500.0,189824,239611.78087196118,4,20,0.021110287893896296,0.0643916669941973,0.009098167007323354,0.06812799999897834
19904,-4912500.0,0.0,-1037500.0,188416,238910.9469347073,4,20,0.01531702186311774,0.06161295899073593,0.007290291003300808,0.06686854100553319
12736,-4112500.0,0.0,-1337500.0,186463,238589.03459406266,4,20,0.015120894612966848,0.06977924999955576,0.0068477500026347116,0.0612330000003567
15744,-3912500.0,0.0,-1212500.0,188800,238720.19599461448,4,20,0.014084467667739558,0.06743979199382011,0.008134709001751617,0.06751424999674782
13344,-3912500.0,0.0,-1312500.0,186667,238668.2503205648,4,20,0.014938691393802156,0.0709786660008831,0.008271500002592802,0.06102545800968073
15136,-4112500.0,0.0,-1237500.0,187904,238622.7939178892,4,20,0.014260735261498146,0.06767354201292619,0.008945499997935258,0.07125699998869095
17536,-4112500.0,0.0,-1137500.0,188407,238760.5236590763,4,20,0.013955868775197415,0.07153679200564511,0.006936959005543031,0.06662504198902752
51776,-3112500.0,0.0,287500.0,228154,264654.1310828463,14,560,0.04751948785268585,0.07511962500575464,0.007268125002156012,1.8331767079944257
17728,687500.0,0.0,-1137500.0,191062,239952.6027364493,4,20,0.01771487003772505,0.06714558300154749,0.0070039170095697045,0.07166237499041017
14720,487500.0,0.0,-1262500.0,190536,239920.56336276387,4,20,0.01521956480485515,0.06604358299227897,0.007719916000496596,0.06797166699834634
17120,487500.0,0.0,-1162500.0,190900,239958.54603028228,4,20,0.017166387147381758,0.06650520900439005,0.008810583996819332,0.07003166699723806
19680,4487500.0,0.0,-1062500.0,188432,238852.02970776954,4,20,0.014774253234855707,0.06221408299461473,0.006608708994463086,0.0764393330027815
62720,487500.0,0.0,737500.0,191040,242198.47985793767,6,56,0.046115468313264275,0.06951741699595004,0.0077554579911520705,0.18132479100313503
22080,4487500.0,0.0,-962500.0,189056,239393.75346163925,4,20,0.019087919669191565,0.06842491700081155,0.00811216700822115,0.07644045900087804
24480,4487500.0,0.0,-862500.0,189504,240458.85098386547,4,20,0.030626774427051456,0.07099300000118092,0.0064298330107703805,0.0682832500024233
60320,487500.0,0.0,637500.0,194048,246582.59966927077,8,120,0.047045668755950315,0.06337120800162666,0.00656462500046473,0.40366479200019967
22208,-7312500.0,0.0,-937500.0,189312,239577.36599849357,4,20,0.020764199525991903,0.0693172089959262,0.007836624994524755,0.06858954200288281
24608,-7312500.0,0.0,-837500.0,191420,241049.35230902382,4,20,0.034150585272138975,0.06966683400969487,0.007934332999866456,0.07131412498711143
19808,-7312500.0,0.0,-1037500.0,186944,238742.18222200728,4,20,0.014705895692709718,0.0663417500036303,0.0074471249972702935,0.07152674999088049
17472,-5712500.0,0.0,-1137500.0,187200,238385.33900090383,4,20,0.013516671775690403,0.06719958399480674,0.010622791989590041,0.0606288749986561
15072,-5712500.0,0.0,-1237500.0,186695,238184.44138888465,4,20,0.013739331880368697,0.06950679200235754,0.0064474170067114756,0.06642787500459235
15200,-2512500.0,0.0,-1237500.0,190056,239394.05268066595,4,20,0.014125032570234657,0.07009374999324791,0.008682792002218775,0.0653536659956444
16992,-2712500.0,0.0,-1162500.0,190132,239346.30819581362,4,20,0.014064992911799582,0.06797016700147651,0.007549250003648922,0.06700795800134074
14592,-2712500.0,0.0,-1262500.0,189236,239269.960808778,4,20,0.014276032040337552,0.06324925000080839,0.008102125008008443,0.06053570899530314
57824,-1912500.0,0.0,537500.0,195456,250834.21435408696,10,220,0.047330642615753406,0.07090158300707117,0.00795383399236016,0.717639374997816
55424,-1912500.0,0.0,437500.0,204096,258688.0597385183,10,220,0.047999457678130436,0.08215970800665673,0.008652707998408005,0.7252835410035914
87936,887500.0,0.0,1787500.0,188788,239518.98854499252,4,20,0.01635293260645452,0.061574332998134196,0.010835916007636115,0.06300362500769552
85536,887500.0,0.0,1687500.0,189104,239555.24355688237,4,20,0.016507846059343474,0.0556851250003092,0.006520915994769894,0.051624250001623295
49376,-3112500.0,0.0,187500.0,259200,259164.8167427833,18,1140,0.04468862187329748,0.10009083298791666,0.0066687499929685146,3.7486522079998394
83136,887500.0,0.0,1587500.0,189104,239605.69977876806,4,20,0.016459289257606837,0.06897787500929553,0.006666667002718896,0.06349316600244492
14912,5287500.0,0.0,-1262500.0,186944,238233.999779735,4,20,0.0140934496780508,0.058953749990905635,0.015795915998751298,0.06280237500322983
17312,5287500.0,0.0,-1162500.0,187456,238376.22621883682,4,20,0.013634153125474046,0.06517566701222677,0.006623249995755032,0.06791524999425747
23424,-6912500.0,0.0,-887500.0,189495,240207.2432946873,4,20,0.02650138188200507,0.07051916599448305,0.0099424159998307,0.06809550001344178
21024,-6912500.0,0.0,-987500.0,187015,239099.24787974858,4,20,0.01700541732937416,0.06693329100380652,0.008313541009556502,0.06845695800438989
16928,-4312500.0,0.0,-1162500.0,188100,238642.20645344377,4,20,0.01388258779979052,0.08441974999732338,0.008042749992455356,0.06401733300299384
46528,687500.0,0.0,62500.0,307456,252576.46997263405,13,455,0.048062787260985645,0.11565625001094304,0.007038750001811422,1.466944166997564
47584,-2912500.0,0.0,112500.0,283456,249722.06132846588,16,816,0.04617154945900256,0.10434458300005645,0.008598792002885602,2.562183415997424
14528,-4312500.0,0.0,-1262500.0,187072,238532.3834220933,4,20,0.01445655823898768,0.06315366599301342,0.006464792008046061,0.06997200001205783
17568,-3312500.0,0.0,-1137500.0,189184,239084.8868441602,4,20,0.01402378676059115,0.05993170800502412,0.008524542005034164,0.057102833001408726
15168,-3312500.0,0.0,-1237500.0,189364,238970.29292293877,4,20,0.014198701758708607,0.06686583301052451,0.008209874999010935,0.06099483399884775
45184,-2912500.0,0.0,12500.0,294400,246508.88349506754,17,969,0.04333604773485737,0.10222200000134762,0.007181625012890436,3.130292499990901
47136,887500.0,0.0,87500.0,300304,252850.3459357471,13,455,0.04905478011658162,0.10164416699262802,0.010978791004163213,1.4355024590040557
16672,4287500.0,0.0,-1187500.0,188032,238583.19299313545,4,20,0.013924794166992485,0.05491791600070428,0.007574791001388803,0.052812916997936554
57184,-2912500.0,0.0,512500.0,196864,250767.1311675808,10,220,0.04995283359964977,0.05942037499335129,0.012662792010814883,0.704996124986792
14272,4287500.0,0.0,-1287500.0,186752,238505.48146331334,4,20,0.014651688106452142,0.06339233400649391,0.013761624999460764,0.05564362500444986
17952,6287500.0,0.0,-1137500.0,186032,238310.68166585104,4,20,0.013239490368160602,0.05654099999810569,0.007046458995318972,0.06455808300233912
14944,6087500.0,0.0,-1262500.0,185524,238086.7697175981,4,20,0.01363391538146013,0.05791666699224152,0.010482166995643638,0.0655537090060534
17344,6087500.0,0.0,-1162500.0,186688,238259.9056918062,4,20,0.013297601547987828,0.06430595800338779,0.011983542004600167,0.060129791003419086
15552,6287500.0,0.0,-1237500.0,185908,238093.2400440642,4,20,0.013389578058642784,0.064175042003626,0.011324125007377006,0.0669266670010984
54784,-2912500.0,0.0,412500.0,204224,256148.72493522952,11,286,0.04484505226735216,0.062380000003031455,0.008400417005759664,0.9431054589949781
15616,-7112500.0,0.0,-1212500.0,185216,238091.48500947357,4,20,0.013010641645615573,0.05905045800318476,0.006355416000587866,0.07124870900588576
13216,-7112500.0,0.0,-1312500.0,183540,237970.1922766663,4,20,0.013417909623001668,0.06650525001168717,0.006811500003095716,0.07057929200527724
18016,-7112500.0,0.0,-1112500.0,186192,238371.31296490633,4,20,0.013195868451314294,0.05882212500728201,0.006459541997173801,0.05847529199672863
16896,-5112500.0,0.0,-1162500.0,187392,238429.07234890547,4,20,0.01369227869894423,0.06558895799389575,0.0069484999985434115,0.06185020800330676
14496,-5112500.0,0.0,-1262500.0,186679,238290.21962168103,4,20,0.01417420608115617,0.06792016599501949,0.009090000006835908,0.05930725000507664
16288,-5312500.0,0.0,-1187500.0,187328,238337.0308800191,4,20,0.013688146675572813,0.06188833399210125,0.011453915998572484,0.05398720900120679
18688,-5312500.0,0.0,-1087500.0,187328,238620.96698815157,4,20,0.01412565998725239,0.0606727080012206,0.009217541999532841,0.059568749988102354
13888,-5312500.0,0.0,-1287500.0,186167,238220.7556860179,4,20,0.014255354048165048,0.07281425000110175,0.011590082998736762,0.06351695799094159
20576,-3112500.0,0.0,-1012500.0,190388,239476.49425967078,4,20,0.016692965779181737,0.06254470899875741,0.007379000002401881,0.06363370899634901
23712,287500.0,0.0,-887500.0,190132,239775.30896536328,4,20,0.03327916142466692,0.06683508299465757,0.0070866249880054966,0.057690333007485606
22976,-3112500.0,0.0,-912500.0,190656,240028.62349824986,4,20,0.023922691719373463,0.058694833001936786,0.006706125001073815,0.07296787500672508
21312,287500.0,0.0,-987500.0,191488,239724.9672309964,4,20,0.02588438083460722,0.07184120800229721,0.012367959003313445,0.0689986250072252
53120,487500.0,0.0,337500.0,236663,276826.7804626001,13,455,0.0493973105756276,0.07370437499776017,0.009448000011616386,1.4786567499977536
19104,5087500.0,0.0,-1087500.0,188148,238638.42318247978,4,20,0.014177750374241007,0.054833291011163965,0.0074691659974632785,0.06769387499662116
16704,5087500.0,0.0,-1187500.0,187328,238368.4484933193,4,20,0.013747290497188104,0.06451924999419134,0.008326041992404498,0.06305362499551848
14304,5087500.0,0.0,-1287500.0,186082,238263.58607186688,4,20,0.014343457257531809,0.0659109999978682,0.00682950000918936,0.05464229200151749
13696,4887500.0,0.0,-1312500.0,185963,238308.32812287498,4,20,0.0146193712988266,0.05696220799291041,0.010296584005118348,0.0581622080062516
16096,4887500.0,0.0,-1212500.0,187767,238381.31883246815,4,20,0.013928390589322518,0.0583098329952918,0.006554916995810345,0.05916916699788999
18496,4887500.0,0.0,-1112500.0,188188,238591.64305057953,4,20,0.013939657008494317,0.06449454098765273,0.009152290993370116,0.06567066699790303
14368,6687500.0,0.0,-1287500.0,183847,238010.1516375438,4,20,0.0134207005354782,0.06710200000088662,0.007914874993730336,0.06547487500938587
16768,6687500.0,0.0,-1187500.0,184439,238153.42622906654,4,20,0.01304093400284738,0.06194170899107121,0.007142999995267019,0.07437258299614768
36928,687500.0,0.0,-337500.0,234944,275629.0188972316,13,455,0.04787923953187406,0.07095708401175216,0.007486166010494344,1.4804654170002323
19264,-5912500.0,0.0,-1062500.0,187392,238650.03379165943,4,20,0.01435476247547692,0.0685992500075372,0.006922749991645105,0.07751266700506676
21664,-5912500.0,0.0,-962500.0,187264,239328.8072099835,4,20,0.018911142751122094,0.0625145829981193,0.007055916998069733,0.06492554099531844
20512,-4712500.0,0.0,-1012500.0,188912,239076.82725052632,4,20,0.01625180939825546,0.05671408299531322,0.012842416996136308,0.07027858300716616
22912,-4712500.0,0.0,-912500.0,190208,239878.98369105512,4,20,0.02370752590643195,0.06917245799559169,0.0067159579921280965,0.05803241599642206
14016,-2112500.0,0.0,-1287500.0,190056,239567.5998821869,4,20,0.014386551305235225,0.07207183398713823,0.007011082998360507,0.06988633300352376
50720,487500.0,0.0,237500.0,271924,273631.6392250689,17,969,0.04869994967304376,0.09006329199473839,0.006804999997257255,3.117334208000102
16416,-2112500.0,0.0,-1187500.0,190552,239636.3285335965,4,20,0.014372482466619742,0.06265333300689235,0.009250874994904734,0.07380262500373647
27328,687500.0,0.0,-737500.0,191144,242252.1728412652,6,56,0.04568498732675005,0.059329291005269624,0.006535041000461206,0.188772457986488
26720,487500.0,0.0,-762500.0,190464,241545.82348702458,5,35,0.04712971774394897,0.06825787499838043,0.0064734580082586035,0.12219149999145884
29120,487500.0,0.0,-662500.0,194024,245384.86210718926,7,84,0.04921485421653287,0.07875283299654257,0.007734208003967069,0.2756789999984903
63936,887500.0,0.0,787500.0,191284,241001.31143774887,4,20,0.048537632403660276,0.0659905840002466,0.010276665998389944,0.05905033298768103
60928,687500.0,0.0,662500.0,193588,245224.53312049556,7,84,0.0494574651365172,0.07331112500105519,0.00646291600423865,0.2746215410006698
58528,687500.0,0.0,562500.0,197428,251290.3363650798,9,165,0.048636589538013544,0.07002070899761748,0.00637470799847506,0.5423844999895664
39936,887500.0,0.0,-212500.0,276992,267678.5056430111,16,816,0.04853736530552165,0.08979216699663084,0.010908333992119879,2.6674733750114683
37536,887500.0,0.0,-312500.0,245712,276037.7199991941,16,816,0.04702909779273416,0.09143945800315123,0.006735790986567736,2.7121258749975823
61536,887500.0,0.0,687500.0,191988,244008.03066613528,7,84,0.04676691084374684,0.07299337499716785,0.006607208997593261,0.25994200000423007
18464,4087500.0,0.0,-1112500.0,188412,238799.03631759083,4,20,0.014119775480205217,0.06578408300993033,0.010598041990306228,0.06315375000122003
63328,687500.0,0.0,762500.0,191120,241531.46059064113,5,35,0.046819441239265396,0.06526520800252911,0.006227290999959223,0.11439395899651572
16064,4087500.0,0.0,-1212500.0,188352,238625.08056056473,4,20,0.014070306001436458,0.062312334004673176,0.009998666006140411,0.0704078330018092
13664,4087500.0,0.0,-1312500.0,186539,238572.60655871723,4,20,0.014905056962172088,0.06502724999154452,0.00693341699661687,0.057900083003914915
59136,887500.0,0.0,587500.0,195883,249195.23741669423,9,165,0.04817626783924374,0.08055199999944307,0.007918499992229044,0.5189894170034677
17984,7087500.0,0.0,-1137500.0,186039,238284.57466662853,4,20,0.013013064571423597,0.07248183300544042,0.010903041998972185,0.07142775000829715
15584,7087500.0,0.0,-1237500.0,185236,238047.0097814778,4,20,0.01311011097421526,0.06847916699189227,0.009490791999269277,0.06395275000249967
15680,-5512500.0,0.0,-1212500.0,187072,238256.1647308847,4,20,0.013707135270235172,0.0622670000011567,0.011234584002522752,0.06278783299785573
18080,-5512500.0,0.0,-1112500.0,187392,238495.92933579424,4,20,0.013740479964142628,0.07324687499203719,0.007521416991949081,0.07595179100462701
13280,-5512500.0,0.0,-1312500.0,185431,238161.98404394242,4,20,0.014278300820883074,0.06179741700179875,0.006580249988473952,0.07860108399472665
23584,-2912500.0,0.0,-887500.0,190452,240266.8127654473,4,20,0.027023003217803994,0.06341691600391641,0.00649583300400991,0.06523170799482614
21184,-2912500.0,0.0,-987500.0,190372,239631.68525725024,4,20,0.017946463731323546,0.06487750000087544,0.008108333000564016,0.06258816699846648
63776,-3112500.0,0.0,787500.0,191616,241609.36877050117,4,20,0.0454803023763003,0.06503554100345355,0.011139415990328416,0.062718417000724
39328,687500.0,0.0,-237500.0,270784,272374.9370997923,17,969,0.048976122778067795,0.09673512500012293,0.008081209001829848,3.16509604100429
81920,487500.0,0.0,1537500.0,191019,239659.33557892608,4,20,0.016346123813169824,0.06322979099059012,0.00646745901030954,0.08154283300973475
61376,-3112500.0,0.0,687500.0,193024,243986.04143518812,7,84,0.043017626443528995,0.06427279199124314,0.008468541986076161,0.27152195799862966
79520,487500.0,0.0,1437500.0,191216,239736.59841774844,4,20,0.015665891350849177,0.06873241599532776,0.008264125004643574,0.058738833002280444
77120,487500.0,0.0,1337500.0,190212,239853.0874552801,4,20,0.015066645451612813,0.06679625000106171,0.006952374998945743,0.06496741599403322
17920,5487500.0,0.0,-1137500.0,187700,238405.1798209836,4,20,0.013591696133794,0.0617067919956753,0.00656854199769441,0.07397958300134633
15520,5487500.0,0.0,-1237500.0,187008,238216.54327356457,4,20,0.013836017843258403,0.06067558299400844,0.007486417001928203,0.06752095800766256
19232,-6712500.0,0.0,-1062500.0,186007,238605.8456832122,4,20,0.014075354939879554,0.06169637499260716,0.01163091701164376,0.05879800001275726
21632,-6712500.0,0.0,-962500.0,188279,239316.89913082693,4,20,0.018754162208064477,0.058187750008073635,0.00950616699992679,0.05590716699953191
24032,-6712500.0,0.0,-862500.0,189687,240589.48062799228,4,20,0.030189963476850747,0.06153933300811332,0.009963791992049664,0.062453499995172024
27712,-4712500.0,0.0,-712500.0,192768,243702.6386032283,5,35,0.047826575363784846,0.06198754200886469,0.006698750003124587,0.09875029099930543
25312,-4712500.0,0.0,-812500.0,191228,241359.6909578144,4,20,0.0396724646663051,0.05839933399693109,0.006954874988878146,0.056534667004598305
58368,-3312500.0,0.0,562500.0,195328,248494.35164707073,10,220,0.04705897798263043,0.0656389169889735,0.006717125012073666,0.7124622499977704
19968,-3312500.0,0.0,-1037500.0,189940,239324.68658489452,4,20,0.015730762204214477,0.07498791700345464,0.012001958006294444,0.06322525000723545
22368,-3312500.0,0.0,-937500.0,190784,239806.9543079308,4,20,0.02133009506907493,0.06116754199319985,0.0065232909983024,0.07030300000042189
55968,-3312500.0,0.0,462500.0,199412,252612.0177438091,11,286,0.04438752942338119,0.0733486250101123,0.006417416007025167,0.9389647079951828
53568,-3312500.0,0.0,362500.0,208576,257836.19663947227,11,286,0.048551782287087196,0.06167445800383575,0.006899790998431854,0.9680720420001308
30112,-4712500.0,0.0,-612500.0,193664,246885.28753338693,9,165,0.04503736567033078,0.06823154199810233,0.00655716699839104,0.5085905000014463
25536,887500.0,0.0,-812500.0,190644,240589.36469284192,4,20,0.042923656764261416,0.059547750002820976,0.010058500003651716,0.07052074999955948
27936,887500.0,0.0,-712500.0,191400,243103.04172326063,6,56,0.04933547056592813,0.06116358299914282,0.010381750005763024,0.17983754200395197
87904,87500.0,0.0,1787500.0,189547,239529.05164335185,4,20,0.01657355218040409,0.0615661670017289,0.008182541001588106,0.06415766700229142
30336,887500.0,0.0,-612500.0,194064,247808.16711695623,8,120,0.049139436595053154,0.06261883399565704,0.006867957999929786,0.40288662500097416
85504,87500.0,0.0,1687500.0,189611,239567.3378002661,4,20,0.016757188102138196,0.06474508300016169,0.011791750002885237,0.07481437499518506
16736,5887500.0,0.0,-1187500.0,186652,238227.189944852,4,20,0.01341586824892882,0.06924208399141207,0.00912449999304954,0.07013237499631941
14336,5887500.0,0.0,-1287500.0,185195,238094.39563277722,4,20,0.013879351952844987,0.05925654100428801,0.009063417004654184,0.06448716700833756
29728,687500.0,0.0,-637500.0,193716,246538.01369060294,8,120,0.04717121795111226,0.06357216699689161,0.0068442499905359,0.411996166993049
21728,-4312500.0,0.0,-962500.0,189312,239459.46374684447,4,20,0.01912766050499739,0.06806766599765979,0.0096117919893004,0.05990416700660717
27008,-7312500.0,0.0,-737500.0,193088,243417.48691048817,5,35,0.04124419986137083,0.07132400000409689,0.007701166003243998,0.13011366699356586
24128,-4312500.0,0.0,-862500.0,190016,240505.81674591664,4,20,0.030689623684394676,0.06404004100477323,0.008082291009486653,0.07154612500744406
19328,-4312500.0,0.0,-1062500.0,188416,238924.83701510352,4,20,0.014815698051649869,0.06756687500455882,0.007249041998875327,0.06790562500827946
29408,-7312500.0,0.0,-637500.0,196736,246680.31552364244,7,84,0.04814107554395405,0.07054308400256559,0.008642667002277449,0.2920358330011368
24800,-2512500.0,0.0,-837500.0,191488,240782.8325931701,4,20,0.03505848915039495,0.06347491600899957,0.00706033299502451,0.07271675000083633
24192,-2712500.0,0.0,-862500.0,190612,240517.2866655499,4,20,0.030670050521250908,0.07036241699825041,0.010761124998680316,0.07882395799970254
21792,-2712500.0,0.0,-962500.0,190496,239782.70301898752,4,20,0.019646937547286195,0.07197312499920372,0.009028500004205853,0.06914558299467899
19392,-2712500.0,0.0,-1062500.0,190336,239502.67489193153,4,20,0.01545509803141723,0.07376270899840165,0.008302082991576754,0.07228958301129751
22400,-2512500.0,0.0,-937500.0,190528,239935.1974424119,4,20,0.021759977661513896,0.08389474998693913,0.008874292005202733,0.06742312500136904
81760,-3512500.0,0.0,1537500.0,187874,238838.96706121715,4,20,0.015998617262745027,0.06905604198982473,0.00844429200515151,0.06906341700232588
79360,-3512500.0,0.0,1437500.0,188054,238820.9848095792,4,20,0.01582793427065056,0.07296720900922082,0.010634374993969686,0.06582200000411831
76960,-3512500.0,0.0,1337500.0,187535,238801.48490741412,4,20,0.015181079287664507,0.06641704100184143,0.008561458002077416,0.07286983299127314
29280,4487500.0,0.0,-662500.0,193600,245170.32454592007,7,84,0.04675743978902431,0.06815541700052563,0.00757099999464117,0.29579895800270606
32128,687500.0,0.0,-537500.0,198144,253366.57988078057,9,165,0.048677941875719916,0.07085770899720956,0.007835917000193149,0.5705407500063302
26880,4487500.0,0.0,-762500.0,192128,242324.90191960722,5,35,0.039653590039401,0.07399891701061279,0.008561374997952953,0.13522929200553335
25760,6487500.0,0.0,-812500.0,191287,241491.85419414236,4,20,0.03890548379234635,0.06673479200981092,0.007203582994407043,0.06632158299908042
28160,6487500.0,0.0,-712500.0,194688,244074.2804428516,5,35,0.045840573898,0.07779870901140384,0.007372916996246204,0.13000950000423472
32736,887500.0,0.0,-512500.0,199872,255199.89298467574,10,220,0.045453533250412445,0.06997366700670682,0.007908082989160903,0.7830500419950113
45824,-1912500.0,0.0,37500.0,300352,247956.307944287,14,560,0.04827295036291022,0.10392449999926612,0.006606167007703334,1.9572911669965833
27648,-6312500.0,0.0,-712500.0,194304,244057.54462016613,5,35,0.04595347357462994,0.07383216699236073,0.008910333999665454,0.1141284170007566
35136,887500.0,0.0,-412500.0,214316,266067.41091676435,11,286,0.04353113380565658,0.07754212500003632,0.007094999993569218,1.0189147089986363
27040,-6512500.0,0.0,-737500.0,193024,243361.57715457835,5,35,0.041792348806759194,0.07334991700190585,0.01090004199068062,0.12041645801218692
25248,-6312500.0,0.0,-812500.0,191232,241504.66974454283,4,20,0.038964094722078076,0.06686300000001211,0.010728291003033519,0.06701279200206045
48224,-1912500.0,0.0,137500.0,287104,254026.87873717464,15,680,0.04665072604780746,0.10317345798830502,0.00707829199382104,2.362130374996923
24640,-6512500.0,0.0,-837500.0,190903,241020.24504133943,4,20,0.03435541760537376,0.06791004200931638,0.008293334001791663,0.06798312500177417
29440,-6512500.0,0.0,-637500.0,195712,246578.13543303448,7,84,0.04874668380462594,0.07969941700866912,0.010641291999490932,0.3168561670026975
24704,-4912500.0,0.0,-837500.0,190656,240925.11126459276,4,20,0.034805946240079155,0.06655133399181068,0.011797042010584846,0.0699155409965897
27104,-4912500.0,0.0,-737500.0,192896,243085.47046786366,5,35,0.043333546065484695,0.06567741600156296,0.007215959005407058,0.11311950000526849
24224,-1912500.0,0.0,-862500.0,191220,240365.24153895315,4,20,0.0318263313546893,0.06846741700428538,0.007793917000526562,0.07261062500765547
21824,-1912500.0,0.0,-962500.0,190836,239882.430539502,4,20,0.02139502222666469,0.06908462500723545,0.008322500012582168,0.06391470800735988
30048,-6312500.0,0.0,-612500.0,195639,247442.98408624882,9,165,0.043495344900867296,0.08459379100531805,0.009014082999783568,0.552664458999061
19424,-1912500.0,0.0,-1062500.0,190836,239812.08851375413,4,20,0.017056075316218597,0.06954191700788215,0.007828000001609325,0.067166166001698
64992,-2712500.0,0.0,837500.0,191296,240782.74469443003,4,20,0.03500884835448283,0.06585208300384693,0.007655583001906052,0.0715327499929117
65600,-2512500.0,0.0,862500.0,190688,240468.65867223384,4,20,0.030761737154507626,0.0749200410064077,0.008428415996604599,0.06598520799889229
69792,-2712500.0,0.0,1037500.0,190312,239521.29153536525,4,20,0.016136271249228878,0.0725062919955235,0.00741362500411924,0.06858291699609254
29504,-4912500.0,0.0,-637500.0,193792,246103.56184942723,8,120,0.047464598770469386,0.07439687500300352,0.01147162499546539,0.4207620419911109
67392,-2712500.0,0.0,937500.0,190272,239876.70900541864,4,20,0.02163835186873426,0.06848241700208746,0.007356500005698763,0.07878866700048093
81952,1287500.0,0.0,1537500.0,190388,239601.15090430816,4,20,0.01613458285275858,0.07123029200010933,0.009001416008686647,0.06511845800559968
79552,1287500.0,0.0,1437500.0,190388,239677.01158593697,4,20,0.0155503859382263,0.06212849999428727,0.007586332998471335,0.08321079101006035
77152,1287500.0,0.0,1337500.0,190132,239782.30574935666,4,20,0.014841377941235748,0.10088379100488964,0.008803874996374361,0.0669834590080427
20320,5487500.0,0.0,-1037500.0,187648,238806.46942712806,4,20,0.015161187680312434,0.09507725000730716,0.010583291994407773,0.06765662500401959
25120,5487500.0,0.0,-837500.0,190196,240927.8182468175,4,20,0.034662093351703165,0.07508912499179132,0.008067667004070245,0.06451466599537525
22720,5487500.0,0.0,-937500.0,188288,239555.10459515837,4,20,0.021076451787741344,0.06978370899742004,0.007886541992775165,0.06708791699202266
22272,-5712500.0,0.0,-937500.0,188480,239579.59097227608,4,20,0.021042611575519128,0.060868000000482425,0.011046500003430992,0.0705590829893481
19872,-5712500.0,0.0,-1037500.0,187584,238803.5863577323,4,20,0.015095200199012296,0.07196091700461693,0.011089124993304722,0.06347879199893214
31936,-4112500.0,0.0,-537500.0,195511,249252.76849482066,10,220,0.04860493844185769,0.06691966699145269,0.007819165999535471,0.7156930409983033
25984,-2912500.0,0.0,-787500.0,191552,241594.79054822586,4,20,0.045521175147695714,0.06940108300477732,0.010245833997032605,0.06574308300332632
34336,-4112500.0,0.0,-437500.0,199860,252285.4361405309,11,286,0.044567894292595646,0.0693692920031026,0.01019179199647624,0.9718832499929704
23744,1087500.0,0.0,-887500.0,190160,239917.0299554336,4,20,0.03092797979795147,0.06523100000049453,0.00819137500366196,0.07007308400352485
28384,-2912500.0,0.0,-687500.0,193408,243915.26472041232,7,84,0.04306370357083939,0.07250420798663981,0.00690404100168962,0.27928437500668224
21344,1087500.0,0.0,-987500.0,190676,239789.44380879012,4,20,0.023133548498755287,0.07140249999065418,0.007036208000499755,0.06674283299071249
19072,4287500.0,0.0,-1087500.0,188316,238812.29809853574,4,20,0.01437028764068157,0.057198708003852516,0.007288041990250349,0.06207258299400564
21472,4287500.0,0.0,-987500.0,188920,239257.45336675554,4,20,0.017543867667325325,0.06158850000065286,0.0069759589969180524,0.06084154199925251
49536,887500.0,0.0,187500.0,280128,264139.6942256008,15,680,0.04943174152341448,0.10587425000267103,0.008735666997381486,2.282165333002922
48928,687500.0,0.0,162500.0,287680,261461.63459994236,15,680,0.044728797624025485,0.10966275000828318,0.010854082996957004,2.3119673339970177
23872,4287500.0,0.0,-887500.0,189504,240128.76791385698,4,20,0.026958378887543065,0.06791308301035315,0.006858540989924222,0.06948074999672826
22176,6887500.0,0.0,-962500.0,188599,239313.50194934066,4,20,0.01869574252716005,0.07228045900410507,0.007691125007113442,0.062199457999668084
19776,6887500.0,0.0,-1062500.0,186624,238598.1914048644,4,20,0.014026063100628048,0.06872479199955706,0.012186291991383769,0.0571898749913089
24576,6887500.0,0.0,-862500.0,189871,240585.43272250294,4,20,0.03012077617006707,0.06256333300552797,0.007075957997585647,0.07123404199955985
20480,-5512500.0,0.0,-1012500.0,187840,238971.3747862908,4,20,0.016057787120089883,0.06562395900255069,0.00953887500509154,0.07059129200933967
22880,-5512500.0,0.0,-912500.0,188416,239861.3089618966,4,20,0.023624930790635563,0.06756949999544304,0.010292749997461215,0.07144849999167491
25920,-4512500.0,0.0,-787500.0,191616,241832.12155861233,4,20,0.04503241119495475,0.06413616699865088,0.0073682500078575686,0.07649337500333786
28320,-4512500.0,0.0,-687500.0,193088,244359.54735468992,7,84,0.04286319713279168,0.062077583992504515,0.008696124990819953,0.2742666249978356
27360,1487500.0,0.0,-737500.0,193088,242288.72345995644,5,35,0.049461741005057853,0.06264516699593514,0.0069749160029459745,0.09981691700522788
29760,1487500.0,0.0,-637500.0,192308,245924.1908344679,8,120,0.048698955371595284,0.057670916998176835,0.0104372079949826,0.42036158399423584
46560,1487500.0,0.0,62500.0,299136,249309.62728403998,13,455,0.048763690258071125,0.10827145801158622,0.009905250000883825,1.4742426250013523
25728,5687500.0,0.0,-812500.0,190516,241419.80597887374,4,20,0.03918713384425769,0.06775941699743271,0.007180917004006915,0.06827412499114871
28128,5687500.0,0.0,-712500.0,193396,243931.385169246,5,35,0.04657000541098828,0.06639600000926293,0.009051582994288765,0.11398904099769425
20416,-7112500.0,0.0,-1012500.0,186816,238908.68954847287,4,20,0.015682479441649272,0.06252141599543393,0.007540500009781681,0.07234970800345764
22816,-7112500.0,0.0,-912500.0,189404,239871.7048293535,4,20,0.02336969053906541,0.0638418750022538,0.009877999997115694,0.06282445800025016
52384,-2912500.0,0.0,312500.0,223872,264512.75340893294,13,455,0.04742692074135437,0.07481237499450799,0.006462542005465366,1.520644167001592
21696,-5112500.0,0.0,-962500.0,188480,239371.08521632562,4,20,0.019025941245029373,0.06297683301090728,0.006971082999370992,0.05844729099771939
19296,-5112500.0,0.0,-1062500.0,187920,238759.02289638884,4,20,0.014632081151500173,0.06235816598928068,0.011209999996935949,0.05974900000728667
21088,-5312500.0,0.0,-987500.0,187904,239158.63939372907,4,20,0.017349196675766468,0.06785679199674632,0.006965290987864137,0.07069304201286286
51936,887500.0,0.0,287500.0,253312,276049.25314685795,19,1330,0.046643846860010885,0.0992832080082735,0.007205040994449519,4.434925624998868
23488,-5312500.0,0.0,-887500.0,189248,240179.35895724533,4,20,0.026751275820641688,0.059847833996172994,0.010978416001307778,0.05879533299594186
51328,687500.0,0.0,262500.0,262080,275331.151220818,19,1330,0.047641522956350456,0.0971434999955818,0.007938540991744958,4.482528583001113
34400,-2512500.0,0.0,-437500.0,201463,255740.59467468975,10,220,0.0485863093766623,0.07883570800186135,0.006845083000371233,0.7000734580069548
31392,-2712500.0,0.0,-562500.0,195648,248542.90703849928,10,220,0.04647414489042156,0.06481416699534748,0.010360415995819494,0.7284312920091907
47168,1687500.0,0.0,87500.0,295744,249753.97964798252,14,560,0.0471347003238364,0.10576487499929499,0.01116379200539086,1.803207917007967
33792,-2712500.0,0.0,-462500.0,198656,253563.27729233878,11,286,0.043914435557529774,0.06784891699498985,0.00872654099657666,0.9374967080075294
5152,1287500.0,0.0,-1662500.0,189331,239515.00912441895,4,20,0.01636056274979518,0.06531099999847356,0.009110790997510776,0.06715074999374337
2752,1287500.0,0.0,-1762500.0,189679,239482.39190610906,4,20,0.01620666130572299,0.06475041700468864,0.00811216700822115,0.06315829099912662
352,1287500.0,0.0,-1862500.0,188480,240203.75279674088,4,20,0.0002743499266633751,0.0654308749944903,0.007131000005756505,0.06964620799408294
89728,687500.0,0.0,1862500.0,188480,240203.75279674088,4,20,0.0002743499266633751,0.06477166700642556,0.006944374996237457,0.06892016698839143
36192,-2712500.0,0.0,-362500.0,211840,261161.31262060514,12,364,0.044952895040899624,0.07302899999194779,0.008656749996589497,1.1446388330077752
86720,487500.0,0.0,1737500.0,189299,239543.98829826404,4,20,0.016558657932130717,0.05961629201192409,0.01007349998690188,0.06319825000537094
84928,687500.0,0.0,1662500.0,189051,239569.5867209778,4,20,0.01659104885646883,0.08754300000146031,0.009452124999370426,0.07122720799816307
89120,487500.0,0.0,1837500.0,189175,239512.19865571917,4,20,0.01643170849265056,0.06504962500184774,0.0081491669989191,0.07282970899541397
87328,687500.0,0.0,1762500.0,188587,239529.67500441804,4,20,0.016435690348757335,0.06352158400113694,0.006751666995114647,0.0611639999988256
84320,487500.0,0.0,1637500.0,189931,239589.2100916583,4,20,0.016672694218076153,0.06760129200119991,0.012195124989375472,0.06655237500672229
23904,5087500.0,0.0,-887500.0,189632,240136.17709704817,4,20,0.026776226188516796,0.06862079100392293,0.009443584000109695,0.06067045801319182
20896,4887500.0,0.0,-1012500.0,188672,239018.67627059092,4,20,0.01619973861818668,0.06268770800670609,0.00665770799969323,0.068447041005129
23296,4887500.0,0.0,-912500.0,189568,239834.16984788218,4,20,0.023691515235602142,0.06492616698960774,0.006518541005789302,0.06326799999806099
21504,5087500.0,0.0,-987500.0,188480,239149.91672514542,4,20,0.017365420919584082,0.06268820900004357,0.008791667001787573,0.06744958300259896
21568,6687500.0,0.0,-987500.0,186731,239093.6982487494,4,20,0.017058533137232226,0.06051962499623187,0.006890959004522301,0.0642393330053892
19168,6687500.0,0.0,-1087500.0,185911,238480.25604331796,4,20,0.013592878385184163,0.06322149999323301,0.006992916009039618,0.0638406660000328
23968,6687500.0,0.0,-887500.0,189367,240190.1449155713,4,20,0.026547969124022318,0.0592985000112094,0.006590459001017734,0.06376974999147933
82368,-3312500.0,0.0,1562500.0,188651,238923.77717053881,4,20,0.01603271437723199,0.06358283299778122,0.006457791998400353,0.06531391599855851
79968,-3312500.0,0.0,1462500.0,188331,238915.17740164878,4,20,0.015904195033351064,0.06814020800811704,0.006676207995042205,0.06455245800316334
77568,-3312500.0,0.0,1362500.0,188459,238898.04692099307,4,20,0.015349787766671294,0.06131312499928754,0.009121583992964588,0.0643511660018703
18816,-2112500.0,0.0,-1087500.0,190696,239726.64980623577,4,20,0.015886599668618214,0.059604207999655046,0.00706445801188238,0.06381741700170096
21216,-2112500.0,0.0,-987500.0,191092,239825.66398745935,4,20,0.019268760800521787,0.06140237500949297,0.007278042001416907,0.06618558400077745
49984,-2912500.0,0.0,212500.0,254784,263506.6358114932,18,1140,0.04572396954344177,0.09713312500389293,0.008307292009703815,3.7272233749972656
23616,-2112500.0,0.0,-887500.0,190836,240219.13652857268,4,20,0.02773292471559621,0.0654460000077961,0.0069934170023771,0.06970616699254606
69760,-3512500.0,0.0,1037500.0,189724,239209.58407103227,4,20,0.01567874408003517,0.06850287500128616,0.006506584002636373,0.08140974999696482
67360,-3512500.0,0.0,937500.0,191040,239732.38366118987,4,20,0.02133755925653129,0.06415483400633093,0.008731541995075531,0.06521137499657925
53024,-1912500.0,0.0,337500.0,223680,270090.2972025686,13,455,0.0465317944054128,0.07477041600213852,0.009900625009322539,1.5173241659940686
26848,3687500.0,0.0,-762500.0,192000,242158.8032058896,5,35,0.039797547788240975,0.06406937500287313,0.00821433299279306,0.1285864590026904
31520,487500.0,0.0,-562500.0,197504,251717.8502212236,9,165,0.04838219240760078,0.06902816701040138,0.009750790995894931,0.5762466250016587
29248,3687500.0,0.0,-662500.0,193536,244886.17788713166,7,84,0.04708839913707811,0.05856987500737887,0.007735249993856996,0.2835669170017354
33920,487500.0,0.0,-462500.0,206976,261712.5544065165,10,220,0.04711353861316054,0.07297725000535138,0.011821958003565669,0.705948625007295
34528,687500.0,0.0,-437500.0,210364,263764.11372140155,10,220,0.04772944483582349,0.07208974999957718,0.007653000007849187,0.7176516670006095
25056,3887500.0,0.0,-837500.0,189888,240802.62010545103,4,20,0.035048902239290865,0.06594274999224581,0.008498916999087669,0.06672287500987295
27456,3887500.0,0.0,-737500.0,192512,242781.06076130708,5,35,0.043899738091676264,0.06628258399723563,0.006591124998521991,0.10090620900155045
13760,6487500.0,0.0,-1312500.0,184200,238011.9275229848,4,20,0.013613381552493701,0.05644408400985412,0.007207208007457666,0.0677627919940278
16160,6487500.0,0.0,-1212500.0,185399,238114.29758488742,4,20,0.01319209004848675,0.06469866599945817,0.0073814170027617365,0.06617787499271799
18560,6487500.0,0.0,-1112500.0,185856,238384.76149917993,4,20,0.013341387096338322,0.06896695800242014,0.007521124993218109,0.08031475001189392
29856,3887500.0,0.0,-637500.0,193936,245802.462089508,8,120,0.04868910066715944,0.07517987499886658,0.007303791004233062,0.38392041699262336
16832,-6712500.0,0.0,-1162500.0,185015,238213.62553649137,4,20,0.013031541473959482,0.064867500012042,0.008105125001748092,0.060021458004484884
14432,-6712500.0,0.0,-1262500.0,184302,238033.6560909727,4,20,0.013314463917501304,0.06256779198884033,0.009860457998001948,0.06602645799284801
22944,-3912500.0,0.0,-912500.0,190336,239930.34193273715,4,20,0.023791938140403635,0.0692129999952158,0.006960291007999331,0.05992816599609796
19936,-4112500.0,0.0,-1037500.0,189236,239075.94475594515,4,20,0.015498712170074803,0.06714745800127275,0.007085000004735775,0.0534152920008637
22336,-4112500.0,0.0,-937500.0,189952,239680.7107309142,4,20,0.021188296646637104,0.06345408399647567,0.010233375011011958,0.06676458299625665
25376,-3112500.0,0.0,-812500.0,191376,241205.66369396064,4,20,0.040012366866290644,0.06867754198901821,0.0096228339971276,0.06391362499562092
36320,487500.0,0.0,-362500.0,225639,274527.5373802949,12,364,0.04592442504505567,0.09466637499281205,0.007426166994264349,1.185211458010599
27776,-3112500.0,0.0,-712500.0,192256,243266.78813265494,5,35,0.04924786241130494,0.07321766699897125,0.007524125001509674,0.12296879099449143
80000,-2512500.0,0.0,1462500.0,189748,239274.65668853067,4,20,0.01577170767363924,0.06073612500040326,0.0069693339901277795,0.07372499999473803
81792,-2712500.0,0.0,1537500.0,189002,239176.55001477755,4,20,0.016039517820599973,0.058187332993838936,0.00969216600060463,0.054950499994447455
77600,-2512500.0,0.0,1362500.0,189547,239300.61280076552,4,20,0.015053458869108144,0.06392874999437481,0.007090458006132394,0.06928516599873547
76992,-2712500.0,0.0,1337500.0,188579,239203.30872030597,4,20,0.014924830066357303,0.06664866700884886,0.006851958009065129,0.07159004200366326
79392,-2712500.0,0.0,1437500.0,189295,239189.24824384553,4,20,0.015716169406875646,0.06304841699602548,0.006759291005437262,0.07340116600971669
20864,4087500.0,0.0,-1012500.0,189404,239157.74601804788,4,20,0.016384077685560293,0.05632187500305008,0.006874500002595596,0.06578829200589098
23264,4087500.0,0.0,-912500.0,190208,239866.2544350107,4,20,0.023775234600688883,0.07266145800531376,0.006682749997708015,0.055148583007394336
19712,5287500.0,0.0,-1062500.0,187392,238709.56238418317,4,20,0.014581528031727742,0.06685116700828075,0.007580499994219281,0.07212612500006799
22112,5287500.0,0.0,-962500.0,188352,239329.47563817486,4,20,0.01902523160845645,0.060421458998462185,0.009088416991289705,0.06128920799528714
30176,-3112500.0,0.0,-612500.0,195100,246439.74754488192,9,165,0.04631149461509955,0.06803875000332482,0.010712832998251542,0.5320469590078574
24512,5287500.0,0.0,-862500.0,189376,240499.7389454499,4,20,0.030452228481639487,0.06722116700257175,0.007280999998329207,0.07416529199690558
31840,-6512500.0,0.0,-537500.0,197632,250196.66009637024,10,220,0.04801764232643405,0.1089194160012994,0.011185042007127777,0.8307935420016292
34848,-6312500.0,0.0,-412500.0,200119,253383.93656155633,11,286,0.04609183867214753,0.0766555839945795,0.006773957997211255,1.0045552910014521
34240,-6512500.0,0.0,-437500.0,199391,253046.81566912596,11,286,0.04653388818518245,0.09016429199255072,0.009811084004468285,1.111215833996539
26560,-3512500.0,0.0,-762500.0,192000,242177.01415579504,5,35,0.03979779573038679,0.06759195800987072,0.01177333299710881,0.11693799999193288
28960,-3512500.0,0.0,-662500.0,193216,244816.7505453748,7,84,0.04718290971956377,0.07224466701154597,0.009921749995555729,0.2688225000019884
75296,-112500.0,0.0,1262500.0,190976,239933.02819562837,4,20,0.015388731681999036,0.06418741701054387,0.007026625011349097,0.06508941699576098
72896,-112500.0,0.0,1162500.0,191104,239977.32106064667,4,20,0.017548163862887975,0.07123370798944961,0.0071926670061657205,0.06963941600406542
52416,-2112500.0,0.0,312500.0,230356,270831.30214060424,14,560,0.04643367180846554,0.07962074999522883,0.0073299999930895865,1.9569893339939881
82400,-2512500.0,0.0,1562500.0,189163,239250.96168561204,4,20,0.016040118124870332,0.06446979199245106,0.010528124999837019,0.054230249996180646
80608,-2312500.0,0.0,1487500.0,189620,239349.46556670388,4,20,0.01586012897371739,0.06751350000558887,0.010751125009846874,0.06502199999522418
78208,-2312500.0,0.0,1387500.0,189544,239389.0934195303,4,20,0.0152076523600889,0.07131320900225546,0.006882667003083043,0.05890449999424163
88512,287500.0,0.0,1812500.0,189707,239514.2507739317,4,20,0.016488805380102015,0.06162083300296217,0.006984291991102509,0.06709662500361446
32448,-6312500.0,0.0,-512500.0,197440,251015.13950077715,10,220,0.04893249029791061,0.06955437500437256,0.006608291994780302,0.723763959002099
86112,287500.0,0.0,1712500.0,189707,239552.8580846515,4,20,0.016663518217513405,0.06717908300925046,0.010148208006285131,0.06294199998956174
83712,287500.0,0.0,1612500.0,190123,239608.78135200654,4,20,0.016699692278857262,0.06509116599045228,0.006644332999712788,0.05951795799774118
25088,4687500.0,0.0,-837500.0,190272,240856.92347657122,4,20,0.034897529101510866,0.07939445799274836,0.008869458004483022,0.06317558301088866
50624,-1912500.0,0.0,237500.0,262446,269425.8634463103,20,1540,0.04803237259125588,0.09640020799997728,0.008024583003134467,5.140230374992825
27488,4687500.0,0.0,-737500.0,192576,242989.3480233814,5,35,0.043552118221525,0.06072583301283885,0.008994042000267655,0.1155423750024056
26464,-5912500.0,0.0,-762500.0,192500,242626.7263791998,4,20,0.04953727632368835,0.07206395799585152,0.007654041997739114,0.06298395899648312
29888,4687500.0,0.0,-637500.0,193600,246112.29329688117,8,120,0.04788285419031864,0.0763065409992123,0.00902525000856258,0.4126257090101717
24064,-5912500.0,0.0,-862500.0,189376,240568.66207238796,4,20,0.03035589161483067,0.06374549999600276,0.011837999991257675,0.06795233300363179
28864,-5912500.0,0.0,-662500.0,194868,245580.00633111113,7,84,0.045162511639307,0.06873495799663942,0.006493791996035725,0.27884650000487454
30528,5687500.0,0.0,-612500.0,195316,247400.25068317523,9,165,0.04420392481555088,0.07186920900130644,0.009421583003131673,0.5423045830102637
23104,87500.0,0.0,-912500.0,190464,239685.0612202828,4,20,0.031400342265395814,0.061539540998637676,0.011810084004537202,0.06743237499904353
64384,-2912500.0,0.0,812500.0,191680,241163.27022444614,4,20,0.04000318028030154,0.0626204590080306,0.007711292011663318,0.05361545900814235
20704,87500.0,0.0,-1012500.0,191232,239776.21112909904,4,20,0.024751585138058228,0.07090704201254994,0.007876042000134476,0.06094712500635069
19520,487500.0,0.0,-1062500.0,191424,239884.55566044874,4,20,0.021313392671378405,0.06274487500195391,0.009984417003579438,0.054710625001462176
61984,-2912500.0,0.0,712500.0,193024,243227.05123223682,5,35,0.04954262811561489,0.0668079159950139,0.006891625002026558,0.11990700000023935
32928,5687500.0,0.0,-512500.0,197656,251368.9262699573,10,220,0.04950503750813095,0.07731479100766592,0.01218308300303761,0.7187191249977332
21920,487500.0,0.0,-962500.0,190976,239697.20162704634,4,20,0.02679117746527688,0.06555899999511894,0.007826083005056717,0.05946175000281073
24320,487500.0,0.0,-862500.0,190784,239945.6331335542,4,20,0.03554921452072494,0.06486083399795461,0.006527791992994025,0.06659333399147727
35328,5687500.0,0.0,-412500.0,200084,254652.28701844806,11,286,0.04635308682194137,0.06986079100170173,0.007585042010759935,0.9699122080055531
25696,4887500.0,0.0,-812500.0,191056,241330.48353050867,4,20,0.039607201672485354,0.07085629100038204,0.006532083993079141,0.07385004100797232
26304,5087500.0,0.0,-787500.0,191296,241873.32299389652,4,20,0.04467861506487004,0.05818583299696911,0.006980375008424744,0.06953562500711996
59584,-2912500.0,0.0,612500.0,195264,246499.53292916654,9,165,0.04648719040173226,0.0700010409927927,0.011763500006054528,0.5350176249921788
28704,5087500.0,0.0,-687500.0,193088,244538.6831945541,6,56,0.049550294320340645,0.07251512500806712,0.010697749996325001,0.1806389580015093
28096,4887500.0,0.0,-712500.0,193152,243726.05560831528,5,35,0.04764318896317437,0.07693070800451096,0.007384249998722225,0.10920095899200533
32160,1487500.0,0.0,-537500.0,195136,251518.49659570935,10,220,0.04597001241091491,0.06626799999503419,0.0076932090014452115,0.7008805410005152
34560,1487500.0,0.0,-437500.0,207168,259615.3458595359,10,220,0.04670722218179172,0.07331154198618606,0.00870504199701827,0.7575602909928421
32384,7087500.0,0.0,-537500.0,198007,250470.3764651454,10,220,0.04765919100145836,0.062499125007889234,0.01153912500012666,0.7520100840047235
50016,-2112500.0,0.0,212500.0,267648,264910.5781641283,19,1330,0.047559656761622056,0.0951493749889778,0.008394042000873014,4.502083709012368
30656,-6112500.0,0.0,-587500.0,195996,248285.82126631602,9,165,0.04691987738886823,0.06123108300380409,0.007035583010292612,0.5431876250077039
34784,7087500.0,0.0,-437500.0,200061,253669.51716447293,11,286,0.04627980741675268,0.06805091700516641,0.0075063330004923046,0.9459606669988716
68608,-2312500.0,0.0,987500.0,191360,239764.0377870416,4,20,0.018768311982770392,0.06855470899608918,0.00725620798766613,0.06902729099965654
26528,-4312500.0,0.0,-762500.0,191936,242342.08069455333,5,35,0.03959718362347052,0.07563704199856147,0.008491957996739075,0.1171142080129357
70400,-2512500.0,0.0,1062500.0,191232,239562.33025060815,4,20,0.015720086860559233,0.06600758399872575,0.00792220800940413,0.05557387501175981
35456,-6112500.0,0.0,-387500.0,201344,253347.62649984166,11,286,0.04527791129341302,0.07126320799579844,0.006884957998408936,0.9470482080068905
28928,-4312500.0,0.0,-662500.0,193604,245074.03922750652,7,84,0.046756300145030676,0.061082416999852285,0.00692629101104103,0.27294762499514036
66208,-2312500.0,0.0,887500.0,190848,240222.13330939866,4,20,0.027400533184925715,0.06559283399838023,0.008944375003920868,0.06002325000008568
68000,-2512500.0,0.0,962500.0,190916,239791.1566821979,4,20,0.019899253026303465,0.0666022920049727,0.006559083994943649,0.059350042007281445
4544,1087500.0,0.0,-1687500.0,189291,239527.2166169788,4,20,0.016412523363812766,0.06799350000801496,0.01258850000158418,0.06331195899110753
2144,1087500.0,0.0,-1787500.0,189607,239492.47087295182,4,20,0.01626014717544915,0.06528712500585243,0.010556791006820276,0.06247970799449831
76544,1087500.0,0.0,1312500.0,189492,239840.62169157775,4,20,0.014822210168014542,0.06846145800955128,0.0068542499939212576,0.06782258300518151
74144,1087500.0,0.0,1212500.0,190480,239927.31327779507,4,20,0.015368301279525522,0.06965141600812785,0.010096416997839697,0.06809437499032356
71744,1087500.0,0.0,1112500.0,190836,239947.98961635077,4,20,0.017835742885003097,0.0631540829926962,0.008774250003625639,0.06933520799793769
33056,-6112500.0,0.0,-487500.0,197332,251667.66914742076,11,286,0.04654371007515502,0.07761408400256187,0.006673208001302555,0.8910509580018697
30560,6487500.0,0.0,-612500.0,195968,247562.0715566471,9,165,0.04339065081516928,0.060662207994027995,0.011782583998865448,0.5152742079953896
31680,4487500.0,0.0,-562500.0,195264,248925.52031126068,10,220,0.04765035896408467,0.0619877080025617,0.008873541009961627,0.7524577079893788
32960,6487500.0,0.0,-512500.0,197440,251450.0361772983,10,220,0.04900429094804723,0.06539099999645259,0.006447334002587013,0.7226975410012528
31264,-5912500.0,0.0,-562500.0,196896,249125.54388658446,10,220,0.04670171363977698,0.0649232919968199,0.007517040998209268,0.7106248329946538
34080,4487500.0,0.0,-462500.0,198848,252956.32354978257,11,286,0.04666948884879961,0.06613837499753572,0.013038459001109004,0.9044900000008056
27136,-4112500.0,0.0,-737500.0,192436,242887.13237345725,5,35,0.0437820469929689,0.06222662499931175,0.0095717920048628,0.10653629200533032
35360,6487500.0,0.0,-412500.0,200104,254465.47804855078,11,286,0.04656899624211694,0.0633788330014795,0.006936791003681719,0.9584350419900147
24736,-4112500.0,0.0,-837500.0,189568,240870.31637416658,4,20,0.035028526526978895,0.0622798340045847,0.00794129200221505,0.07495566700526979
72160,-3512500.0,0.0,1137500.0,189056,238948.7538498811,4,20,0.014045696810126337,0.07160912500694394,0.0067078339925501496,0.0657100420066854
74560,-3512500.0,0.0,1237500.0,188660,238828.73317584404,4,20,0.01426177682400883,0.06729187499149702,0.0073197079909732565,0.06424304201209452
12352,1287500.0,0.0,-1362500.0,190370,239736.6774150762,4,20,0.01501519491837603,0.06304491699847858,0.008074832992861047,0.06359658399014734
9952,1287500.0,0.0,-1462500.0,190420,239636.81584393603,4,20,0.015763747966148035,0.06613337498856708,0.008721250007511117,0.06386345799546689
7552,1287500.0,0.0,-1562500.0,190187,239564.04668635887,4,20,0.01626589513292875,0.06927645800169557,0.009024917002534494,0.06669474999944214
29536,-4112500.0,0.0,-637500.0,193844,245805.4238784747,8,120,0.048594877256344704,0.07515683400561102,0.009395375003805384,0.3884111669904087
28224,-6912500.0,0.0,-687500.0,195392,244903.40478525258,6,56,0.04753513975040942,0.06986012500419747,0.008771499997237697,0.19330637500388548
33664,-5912500.0,0.0,-462500.0,198400,252262.11307717377,11,286,0.046603596090771054,0.06267816699983086,0.006784249999327585,0.9340229160006857
25824,-6912500.0,0.0,-787500.0,191415,242098.48227178035,4,20,0.04369342913294612,0.07301608398847748,0.009107082994887605,0.08062545799475629
31712,5287500.0,0.0,-562500.0,196712,249237.1255069059,10,220,0.0471242428836421,0.0710806249990128,0.007960041999467649,0.735623291999218
34112,5287500.0,0.0,-462500.0,198263,253145.58438739667,11,286,0.04718396930784365,0.06919391699193511,0.006998332988587208,0.9587339170102496
32480,-5512500.0,0.0,-512500.0,197556,250660.34632722454,10,220,0.049167647300093605,0.07061458300449885,0.007517416001064703,0.7169046249910025
34880,-5512500.0,0.0,-412500.0,200112,252947.37880185587,11,286,0.04552913937496911,0.06827304199396167,0.009085958998184651,0.9221382079995237
67968,-3312500.0,0.0,962500.0,190976,239606.01407215523,4,20,0.019318749689543915,0.061562208997202106,0.007196999998996034,0.06796016701264307
65568,-3312500.0,0.0,862500.0,190416,240487.77856295195,4,20,0.03070093435920353,0.06672791700111702,0.007136917003663257,0.05708924999635201
70368,-3312500.0,0.0,1062500.0,189392,239209.99554938305,4,20,0.015122932905104195,0.06421837500238325,0.0067605000076582655,0.07540608300769236
32576,-3112500.0,0.0,-512500.0,196288,250417.89763099884,11,286,0.04564771379345491,0.07307979199686088,0.007211957999970764,0.9617191669967724
34976,-3112500.0,0.0,-412500.0,202935,255216.89087870973,10,220,0.049637678781767273,0.06726308401266579,0.007965124998008832,0.7319102500041481
81344,1087500.0,0.0,1512500.0,190324,239642.01542389233,4,20,0.016061382046599966,0.06967516599979717,0.007202415989013389,0.06247674999758601
78944,1087500.0,0.0,1412500.0,190324,239727.50557422245,4,20,0.01538730770652131,0.06231933299568482,0.009695292013930157,0.07043162500485778
26336,5887500.0,0.0,-787500.0,191596,241982.4430001535,4,20,0.044164206891257635,0.06111454201163724,0.007638790993951261,0.06845516600878909
28736,5887500.0,0.0,-687500.0,194868,244754.63689686602,6,56,0.04835201777159823,0.06789783299609553,0.008283208997454494,0.17685266699118074
33344,1087500.0,0.0,-487500.0,201184,256680.5711020191,10,220,0.04514078849286352,0.0660748749942286,0.007742000001599081,0.7403646669990849
27680,-5512500.0,0.0,-712500.0,192756,243910.42075860882,5,35,0.046799785504306336,0.06281887499790173,0.006902624998474494,0.11935062501288485
35744,1087500.0,0.0,-387500.0,219328,267718.5526586126,11,286,0.04699121007764891,0.07704258400190156,0.006966915985685773,0.9152873340062797
51968,1687500.0,0.0,287500.0,241808,271299.348733002,16,816,0.04743661200999484,0.09477012499701232,0.00855549999687355,2.6761017499957234
49568,1687500.0,0.0,187500.0,277632,260083.2397645039,16,816,0.04951801979935264,0.10980237499461509,0.00785583299875725,2.640507541000261
25280,-5512500.0,0.0,-812500.0,190720,241443.45510114884,4,20,0.039283442707897964,0.07272241701139137,0.006667875000857748,0.06205279100686312
31808,-7312500.0,0.0,-537500.0,198382,250410.38244602413,10,220,0.047533092789771504,0.06536879199848045,0.006983249986660667,0.7109783339983551
34208,-7312500.0,0.0,-437500.0,200010,253465.3707719133,11,286,0.04606055392410381,0.06315087499388028,0.010476333991391584,0.9225494999991497
84192,-2712500.0,0.0,1637500.0,188456,239173.18593534612,4,20,0.016054787566367735,0.06395120901288465,0.007152167003368959,0.06928766699275002
30080,-5512500.0,0.0,-612500.0,195188,247203.56905606991,9,165,0.04428192284082185,0.060425750009017065,0.006414249990484677,0.5386741659895051
88992,-2712500.0,0.0,1837500.0,188653,239184.8321415298,4,20,0.015882575224516096,0.057022916997084394,0.00794875000428874,0.06155162501090672
86592,-2712500.0,0.0,1737500.0,188532,239194.6222465226,4,20,0.015919881447904932,0.06458075001137331,0.009519041996099986,0.05964545800816268
32000,-2512500.0,0.0,-537500.0,195904,249843.0110751301,10,220,0.04798800729506853,0.06825683399802074,0.009589875000528991,0.7210348750086268
32608,-2312500.0,0.0,-512500.0,196608,251597.27019887368,10,220,0.04901430514136967,0.07471741699555423,0.010489541993592866,0.7264888749923557
35008,-2312500.0,0.0,-412500.0,206711,258963.36834090704,11,286,0.045858241941360386,0.0785155829944415,0.010560333001194522,0.9487068339949474
26976,6887500.0,0.0,-762500.0,192183,242709.68357674728,4,20,0.04889080378118399,0.0654145000007702,0.007515083998441696,0.06366004199662711
29376,6887500.0,0.0,-662500.0,195712,245762.3461479746,7,84,0.044416379414675584,0.06591566700080875,0.007332458000746556,0.26583879099052865
27072,-5712500.0,0.0,-737500.0,192692,243247.7677881027,5,35,0.04237839622123337,0.06132679199799895,0.0097516249952605,0.1150562910042936
32256,3887500.0,0.0,-537500.0,195755,249696.49413417844,10,220,0.04870781734643962,0.07262574999185745,0.007676167006138712,0.7157729999889852
29472,-5712500.0,0.0,-637500.0,195124,246384.57565228,7,84,0.049534428048849215,0.06385320899426006,0.008495750007568859,0.2822063329949742
24672,-5712500.0,0.0,-837500.0,189620,240982.6629490605,4,20,0.03457274538245832,0.07000291600706987,0.007124499999918044,0.06075695899198763
34656,3887500.0,0.0,-437500.0,199796,253652.9226085837,11,286,0.04471085911479338,0.06928020800114609,0.00785774999530986,0.9252452500077197
17152,1287500.0,0.0,-1162500.0,190516,239893.51380144552,4,20,0.015981832390405362,0.06626537500414997,0.008290208003018051,0.06680425000377
14752,1287500.0,0.0,-1262500.0,190196,239835.14524158722,4,20,0.014736468472953098,0.06011166700045578,0.007341999997152016,0.07164829099201597
30720,-4512500.0,0.0,-587500.0,194384,247654.62171363446,9,165,0.049242072835095144,0.07463354100764263,0.006727125000907108,0.553278000006685
24352,1287500.0,0.0,-862500.0,191044,240143.8085145982,4,20,0.03351712026356333,0.06637420901097357,0.008095958008198068,0.07189908299187664
21952,1287500.0,0.0,-962500.0,190708,239795.23725991836,4,20,0.023875844492103105,0.06517512501159217,0.011301708000246435,0.0776290420035366
35520,-4512500.0,0.0,-387500.0,201600,253239.26362394507,10,220,0.04984752958019981,0.05976804200327024,0.009541292005451396,0.7247266249905806
33120,-4512500.0,0.0,-487500.0,198071,250930.55948485888,11,286,0.04654827557942537,0.06186975000309758,0.007635375004610978,0.8936674589931499
19552,1287500.0,0.0,-1062500.0,190996,239878.8004583114,4,20,0.019061190638230408,0.06929649999074172,0.009964333003154024,0.06709333299659193
84352,1287500.0,0.0,1637500.0,189499,239548.19243329883,4,20,0.01634708540414184,0.05894883400469553,0.008107499990728684,0.05823416599014308
25568,1687500.0,0.0,-812500.0,191296,240834.1030239825,4,20,0.04167177340301099,0.0643740829982562,0.008577083994168788,0.06612529100675602
27968,1687500.0,0.0,-712500.0,193024,243020.28735442203,6,56,0.04905166795034456,0.062099082992062904,0.007055708992993459,0.1808425830095075
89152,1287500.0,0.0,1837500.0,189611,239483.06831581765,4,20,0.01614184337955122,0.06586625000636559,0.008318084001075476,0.062245375011116266
86752,1287500.0,0.0,1737500.0,189647,239517.40965401154,4,20,0.016236484735740502,0.07893745900946669,0.007393292005872354,0.062230041992734186
26368,6687500.0,0.0,-787500.0,191607,242068.91635007187,4,20,0.04381637952791006,0.06814800000574905,0.010510249994695187,0.06630149998818524
28768,6687500.0,0.0,-687500.0,195136,244883.5039600226,6,56,0.047648889534585924,0.07182383300096262,0.01178304199129343,0.1784427499951562
48960,1487500.0,0.0,162500.0,283328,257390.16425784054,15,680,0.046669913256465474,0.09390312500181608,0.00766183300584089,2.203623042005347
26432,-6712500.0,0.0,-762500.0,192064,242707.7367303848,4,20,0.04903600980649729,0.06914099999994505,0.007480667001800612,0.05640629099798389
30368,1687500.0,0.0,-612500.0,193344,246972.42456780083,9,165,0.04727217054738044,0.06492691599123646,0.007114917010767385,0.5424082090030424
24768,-3312500.0,0.0,-837500.0,190816,240844.02616746878,4,20,0.035038950828339785,0.06722816699766554,0.00731604199972935,0.06816912499198224
28832,-6712500.0,0.0,-662500.0,195584,245725.64167580628,7,84,0.044562324491297975,0.06890349999594036,0.009778334002476186,0.2817374170117546
27168,-3312500.0,0.0,-737500.0,191776,242689.9201422967,5,35,0.04412570640562365,0.06517804099712521,0.0075042919925181195,0.11740775000362191
26016,-2112500.0,0.0,-787500.0,192448,241383.67732863093,4,20,0.045992856452729707,0.06915100000333041,0.007242666993988678,0.07575604200246744
84800,-2512500.0,0.0,1662500.0,188959,239248.48445008878,4,20,0.016024247559980918,0.06458091699460056,0.008083249995252118,0.06075408299511764
85408,-2312500.0,0.0,1687500.0,189028,239316.30717414388,4,20,0.016034700233550327,0.06354937500145752,0.011214375001145527,0.06800791699788533
28416,-2112500.0,0.0,-687500.0,194176,243794.28766105982,7,84,0.044591631067388914,0.07230212500144262,0.010867249991861172,0.2666652079933556
83008,-2312500.0,0.0,1587500.0,189355,239320.86867836004,4,20,0.01608807807335992,0.05696187500143424,0.0069673329999204725,0.06359199999133125
29568,-3312500.0,0.0,-637500.0,193520,245579.20820362805,8,120,0.048888022796927784,0.07604749999882188,0.01033087499672547,0.4051037909957813
89600,-2512500.0,0.0,1862500.0,188480,240203.75279674088,4,20,0.0002743499266633751,0.06962195900268853,0.008410124995862134,0.05800341699796263
87200,-2512500.0,0.0,1762500.0,188904,239258.00858567283,4,20,0.01589428710448482,0.062041790995863266,0.006638416001806036,0.06990866700652987
87808,-2312500.0,0.0,1787500.0,189088,239313.8654227387,4,20,0.015925692725812523,0.06204416599939577,0.006867457996122539,0.0618700000050012
30816,-2112500.0,0.0,-587500.0,194688,247821.37584345983,9,165,0.04991116574722531,0.0643201670027338,0.010787040999275632,0.5210970409971196
66944,1087500.0,0.0,912500.0,190388,239838.98450026038,4,20,0.02845669660138009,0.07546991700655781,0.007156832987675443,0.06570170799386688
69344,1087500.0,0.0,1012500.0,190772,239849.7617376209,4,20,0.021883415630862966,0.071713458004524,0.006985041996813379,0.07199187499645632
25216,-7112500.0,0.0,-812500.0,191616,241542.39441719252,4,20,0.03868101894464211,0.06414229099755175,0.006716832998790778,0.06424895800591912
27616,-7112500.0,0.0,-712500.0,194880,244140.87410291782,5,35,0.045297281270528546,0.07199916600075085,0.009364458004711196,0.1144052500021644
25856,-6112500.0,0.0,-787500.0,191232,242039.34318660444,4,20,0.04408182192844211,0.061763499994412996,0.00903704199299682,0.06828162499004975
28256,-6112500.0,0.0,-687500.0,194944,244795.29579405682,6,56,0.04809853756089249,0.06163304200163111,0.006886375005706213,0.1822844999987865
32288,4687500.0,0.0,-537500.0,196736,249997.25445851107,10,220,0.04874877676882119,0.07059520900656935,0.006589291006093845,0.7414448330091545
34688,4687500.0,0.0,-437500.0,199415,253726.40089933597,11,286,0.04575377856289555,0.07494966599915642,0.009270458001992665,0.9498855410056422
32544,-3912500.0,0.0,-512500.0,196091,250123.11649372254,10,220,0.0498437187731486,0.06410137499915436,0.007060417003231123,0.7427701669948874
35552,-3712500.0,0.0,-387500.0,203840,254494.64643377482,10,220,0.04960125539995715,0.07891166600165889,0.009277499993913807,0.7373357500036946
88960,-3512500.0,0.0,1837500.0,188288,238908.65301010688,4,20,0.015803692773569685,0.06855887499114033,0.006852083999547176,0.06851854099659249
84160,-3512500.0,0.0,1637500.0,188011,238858.4662950515,4,20,0.01593847455326972,0.06175362499197945,0.006826541997725144,0.07456379200448282
86560,-3512500.0,0.0,1737500.0,188368,238899.93918970556,4,20,0.015797945711380202,0.06572704199061263,0.008767416991759092,0.07340312500309665
33152,-3712500.0,0.0,-487500.0,197376,250940.90539567574,11,286,0.04589917585890859,0.06440437499259133,0.008998999997857027,0.9147934170032386
26144,1087500.0,0.0,-787500.0,191988,241065.87010775506,4,20,0.048331388567929,0.06259504100307822,0.01270829199347645,0.06509570800699294
30752,-3712500.0,0.0,-587500.0,195264,247395.35545594984,9,165,0.04994518067543859,0.07439620900549926,0.00715233400114812,0.5354247920040507
28544,1087500.0,0.0,-687500.0,192104,243984.16569091004,7,84,0.04695733112364922,0.0680772089981474,0.009663124990765937,0.27709704100561794
30944,1087500.0,0.0,-587500.0,194500,249023.40272103742,9,165,0.04884076369593834,0.07786554199992679,0.007773707999149337,0.5533829579944722
34944,-3912500.0,0.0,-412500.0,201536,253359.16520053628,11,286,0.044566136546489374,0.08173641699249856,0.012497165997046977,0.9594869580032537
51360,1487500.0,0.0,262500.0,256796,271046.22229779453,20,1540,0.04787478749837541,0.08387529099127278,0.009402249997947365,5.126988375006476
31136,5887500.0,0.0,-587500.0,195904,248407.95919603377,9,165,0.04728969786581753,0.0707030420016963,0.007223624998005107,0.5316236249927897
25184,7087500.0,0.0,-837500.0,191360,241035.40675031467,4,20,0.03417286295601326,0.078215707995696,0.008401667000725865,0.060203000000910833
27584,7087500.0,0.0,-737500.0,193011,243404.96410159057,5,35,0.041314030012090996,0.06769216699467506,0.0069155840028543025,0.11558162499568425
29984,7087500.0,0.0,-637500.0,196736,246679.25793721827,7,84,0.04819204240056141,0.07224162499187514,0.007227916008559987,0.2828138329932699
35936,5887500.0,0.0,-387500.0,201268,254916.6238381148,11,286,0.04578421980764964,0.07657775000552647,0.007094125001458451,0.919961791994865
33536,5887500.0,0.0,-487500.0,197440,252300.24263452567,11,286,0.04703232099231938,0.07962454200605862,0.007933917004265822,0.9891628340119496
32512,-4712500.0,0.0,-512500.0,197216,250296.46023889794,10,220,0.04960443048374691,0.06776783399982378,0.006966208005906083,0.7439615420007613
34912,-4712500.0,0.0,-412500.0,201079,252807.27836771638,11,286,0.04466831998730704,0.06799508399853949,0.00743174999661278,0.9043740000051912
52544,1087500.0,0.0,312500.0,243648,274625.4087623917,15,680,0.048674647747954596,0.0797618750075344,0.00756612500117626,2.272461000000476
29024,-1912500.0,0.0,-662500.0,193792,244689.75232316213,7,84,0.04905320466752979,0.13302441699488554,0.018668332995730452,0.2871190000005299
26624,-1912500.0,0.0,-762500.0,192896,241779.51780238745,5,35,0.04274626231131641,0.07135470799403265,0.010047333998954855,0.12062125001102686
30784,-2912500.0,0.0,-587500.0,195344,247378.89354756023,10,220,0.04536222799413901,0.06884529200033285,0.008123499996145256,0.7987943749903934
33184,-2912500.0,0.0,-487500.0,197924,251695.20500929398,11,286,0.0446154410527674,0.07235541699628811,0.0070692500012228265,1.0044017079926562
16544,1087500.0,0.0,-1187500.0,190708,239917.73662018054,4,20,0.01575819361435012,0.06711812499270309,0.007082541007548571,0.06358683299913537
18944,1087500.0,0.0,-1087500.0,190964,239908.64514841465,4,20,0.018700714245126603,0.06367000000318512,0.00684650000766851,0.07208024999999907
14144,1087500.0,0.0,-1287500.0,189556,239848.10550616775,4,20,0.014788124715884038,0.06609037499583792,0.012791208006092347,0.07002779199683573
26272,4287500.0,0.0,-787500.0,191924,241741.8983910133,4,20,0.045192461433853325,0.06717749999370426,0.01131500001065433,0.05814862500119489
50144,1087500.0,0.0,212500.0,275840,266487.3461070586,16,816,0.04937345571235806,0.0926564589899499,0.009126749995630234,2.724842499999795
27552,6287500.0,0.0,-737500.0,192960,243315.05726878974,5,35,0.041958516695380414,0.07786954198672902,0.013807124996674247,0.10544083300919738
25152,6287500.0,0.0,-837500.0,190583,240988.64617474854,4,20,0.03437792948037681,0.061646166010177694,0.008673125004861504,0.07644970800902229
29952,6287500.0,0.0,-637500.0,195264,246584.93336721964,7,84,0.048983449950489706,0.06345099999452941,0.006792832995415665,0.2851587500044843
28672,4287500.0,0.0,-687500.0,193140,244284.7313079497,7,84,0.04290795712826022,0.07175004199962132,0.009062583005288616,0.2835323330073152
26944,6087500.0,0.0,-762500.0,192256,242618.75258634248,4,20,0.04944455526891498,0.06897516699973494,0.00964879200910218,0.06374629099445883
29344,6087500.0,0.0,-662500.0,194780,245644.81669067882,7,84,0.04502500010893598,0.07100199999695178,0.007624417004990391,0.28071541599638294
35584,-2912500.0,0.0,-387500.0,207360,257550.82589992706,11,286,0.04595004430055048,0.07376362499780953,0.011146290999022312,1.0226493750087684
31200,7487500.0,0.0,-587500.0,197340,248566.7709458792,9,165,0.0462654591688507,0.06577054200170096,0.012502249999670312,0.5281064580049133
33600,7487500.0,0.0,-487500.0,199019,252216.59949371612,10,220,0.04992618535910789,0.0668776669917861,0.007934583991300315,0.7415475000016158
32992,7287500.0,0.0,-512500.0,198443,251418.36493589752,10,220,0.048530609008531476,0.08034137499635108,0.006752999994205311,0.7542332919983892
36000,7487500.0,0.0,-387500.0,201908,254218.68797434404,11,286,0.04510300091165419,0.06816987499769311,0.010459416007506661,0.975745707997703
35392,7287500.0,0.0,-412500.0,200747,254169.0290940531,11,286,0.045846563074362044,0.06622291699750349,0.0065186669962713495,0.9837439580005594
75200,-2512500.0,0.0,1262500.0,189876,239345.5833986024,4,20,0.01423345761911887,0.06792637500620913,0.007488041999749839,0.06951874999504071
26592,-2712500.0,0.0,-762500.0,192384,242022.7257140468,5,35,0.040341847079718995,0.06478870900173206,0.007188207993749529,0.12866991599730682
34304,-4912500.0,0.0,-437500.0,198656,252239.38017411454,11,286,0.045382864950980505,0.062204457994084805,0.008084082990535535,0.9481237500003772
28992,-2712500.0,0.0,-662500.0,193280,244666.9020800856,7,84,0.047409184090388384,0.06351658399216831,0.008714499999769032,0.2606769170088228
74592,-2712500.0,0.0,1237500.0,189940,239248.94501345066,4,20,0.01412432465509401,0.06411795799795073,0.007288916996913031,0.05238687498786021
72192,-2712500.0,0.0,1137500.0,190324,239345.28142022426,4,20,0.014245559367694685,0.06722212499880698,0.00665899999148678,0.0668874999973923
28064,4087500.0,0.0,-712500.0,192500,243492.14425189796,5,35,0.048532156728552975,0.05996495799627155,0.007069750005030073,0.11057808299665339
25664,4087500.0,0.0,-812500.0,190768,241232.95640925836,4,20,0.039952977655200055,0.06889841699739918,0.009225707995938137,0.07081049999396782
31904,-4912500.0,0.0,-537500.0,195968,249540.76636627928,10,220,0.04843810176252524,0.06954016699455678,0.007022624995443039,0.7449814999999944
26912,5287500.0,0.0,-762500.0,192384,242489.12431884694,5,35,0.039217118105452684,0.06758695800090209,0.006979999991017394,0.11527658300474286
29312,5287500.0,0.0,-662500.0,194304,245436.04850093092,7,84,0.045864164642645415,0.06156512499728706,0.006834874991909601,0.2699606660025893
31360,-3512500.0,0.0,-562500.0,195956,248304.01272237443,10,220,0.047217251558441906,0.06698604200209957,0.009406708006281406,0.73635412499425
36064,-5912500.0,0.0,-362500.0,201925,253463.68489759412,11,286,0.04593586515942586,0.07063770800596103,0.0072024169930955395,0.9252979169978062
36160,-3512500.0,0.0,-362500.0,207296,256648.14468119762,11,286,0.0478812817940658,0.0641902920033317,0.008075083998846821,0.9500240830093389
45952,1287500.0,0.0,37500.0,303104,249679.2271985843,13,455,0.04945132198558618,0.12303508300101385,0.00863254199794028,1.496570375005831
38464,-5912500.0,0.0,-262500.0,217280,253709.43560836368,13,455,0.046081724894027024,0.07310570799745619,0.0070024589949753135,1.471242915999028
48352,1287500.0,0.0,137500.0,289472,255520.45864325642,14,560,0.04872891899616705,0.10475495799619239,0.007843750005122274,1.854999917006353
88416,-2112500.0,0.0,1812500.0,189383,239349.11169252268,4,20,0.0159154266271428,0.06915637500060257,0.006934291988727637,0.06554641699767672
33760,-3512500.0,0.0,-462500.0,198858,252066.76805928952,11,286,0.04470972813637565,0.06428679199598264,0.006956750003155321,0.9770807919994695
86016,-2112500.0,0.0,1712500.0,189535,239372.40898669205,4,20,0.01601960073784916,0.06740604199876543,0.006921457999851555,0.06924154200532939
83616,-2112500.0,0.0,1612500.0,189727,239377.60609157037,4,20,0.016134370072891615,0.06430670799454674,0.007437457999913022,0.05562420799105894
36800,-2512500.0,0.0,-337500.0,217600,265106.05066819314,12,364,0.04998339160492256,0.07315041699621361,0.00844741599576082,1.1966718749899883
35168,1687500.0,0.0,-412500.0,210612,261164.5110206128,10,220,0.04983595384820523,0.07348716699925717,0.006902417007950135,0.7701345000095898
32768,1687500.0,0.0,-512500.0,196023,252804.88372562922,10,220,0.046984540515567004,0.0686378750106087,0.011379749994375743,0.7507451660057995
37408,-2312500.0,0.0,-312500.0,228544,269368.6659458738,14,560,0.04601430339180314,0.08590070799982641,0.007774792000418529,1.8386466250085505
36480,4487500.0,0.0,-362500.0,204416,256076.47139430154,11,286,0.046942085670849266,0.078033083002083,0.011771792007493787,0.9867502079869155
37728,5687500.0,0.0,-312500.0,206592,255828.87015228,12,364,0.0447067759739264,0.08442329200624954,0.012088458999642171,1.2895978750020731
38880,4487500.0,0.0,-262500.0,223728,258544.23372350543,14,560,0.043686839693098695,0.08098704200529028,0.007429208999383263,1.8940715000062482
39200,-2512500.0,0.0,-237500.0,251456,267719.6010785237,18,1140,0.04546606004390646,0.0909689160034759,0.010107207999681123,3.8776899590011453
31872,-5712500.0,0.0,-537500.0,197236,249899.18535557025,10,220,0.048135506178505844,0.07853637500375044,0.00919833300577011,0.7621990000043297
40128,5687500.0,0.0,-212500.0,231872,255706.7541894137,15,680,0.04797018020479554,0.07334329100558534,0.007936959009384736,2.3513831659947755
39808,-2312500.0,0.0,-212500.0,265728,264578.06765443634,19,1330,0.04818099819942933,0.09352558400132693,0.007288958004210144,4.459773791997577
34272,-5712500.0,0.0,-437500.0,199360,252596.99268260336,11,286,0.04614571017946181,0.07589837499835994,0.008563082999899052,0.9543913749948842
72768,-3312500.0,0.0,1162500.0,188928,239000.20329918156,4,20,0.013972455395964856,0.07059654100157786,0.0068694159999722615,0.06821416600723751
75168,-3312500.0,0.0,1262500.0,189172,238913.92542644154,4,20,0.014428915046435765,0.06800679200387094,0.006869375007227063,0.06689775000268128
41280,4487500.0,0.0,-162500.0,249024,253578.23769145098,17,969,0.044371881874411816,0.08855154199409299,0.008184916005120613,3.251393416998326
37344,-3912500.0,0.0,-312500.0,213248,257903.43026954087,12,364,0.04713774845042811,0.07316449999052566,0.008665334011311643,1.1991418749967124
31552,1287500.0,0.0,-562500.0,195200,250367.6921654951,10,220,0.0451038298738931,0.07363275000534486,0.006780499999877065,0.7024559580022469
37952,-3712500.0,0.0,-287500.0,222780,260383.9767164001,13,455,0.047712574133951045,0.07637750000867527,0.011912250003661029,1.5079797079961281
33952,1287500.0,0.0,-462500.0,204096,258390.31527684658,10,220,0.04641668970866577,0.06681804200343322,0.009008917011669837,0.7087978750059847
36352,1287500.0,0.0,-362500.0,223744,269481.5114571293,12,364,0.04584633154930423,0.08055483299540356,0.00792895900667645,1.250941625010455
30496,4887500.0,0.0,-612500.0,193792,247122.94079263406,9,165,0.04495320770678857,0.06254279099812265,0.007309667009394616,0.5563232499989681
53152,1287500.0,0.0,337500.0,231126,271835.676542027,13,455,0.04525618008503596,0.08340849999513011,0.007763041998259723,1.4872507919935742
35904,5087500.0,0.0,-387500.0,201600,255056.48286742542,11,286,0.045700962336984334,0.0679009169980418,0.006955499993637204,0.9459356250008568
39744,-3912500.0,0.0,-212500.0,241344,260281.2243645427,16,816,0.04862286643247643,0.0823884589917725,0.011137958994368091,2.7755889580002986
40352,-3712500.0,0.0,-187500.0,249920,257948.94140402,17,969,0.045567437720437386,0.08475154099869542,0.00817250000545755,3.281102082997677
32896,4887500.0,0.0,-512500.0,197120,251124.91955117436,10,220,0.04976197227304544,0.07929945799696725,0.0069289169914554805,0.729208541000844
31104,5087500.0,0.0,-587500.0,195508,248152.0710930103,9,165,0.04860589055000016,0.0628472079988569,0.008238416994572617,0.5743146660097409
35296,4887500.0,0.0,-412500.0,200619,254659.05038452795,11,286,0.04576275803124424,0.07913958399149124,0.010768916996312328,0.9833437920024153
33504,5087500.0,0.0,-487500.0,197124,252117.42694461872,11,286,0.04722301994731728,0.07574983300582971,0.007223624998005107,1.0013062920043012
36608,-7312500.0,0.0,-337500.0,203755,253977.35457826505,11,286,0.04486730931925907,0.08319825000944547,0.009876916999928653,0.9576443330006441
37248,-6312500.0,0.0,-312500.0,205300,253452.31209276096,11,286,0.04947845578236733,0.06527112500043586,0.007201708998763934,0.9247818750009174
39008,-7312500.0,0.0,-237500.0,218871,252735.25471607034,13,455,0.04488456078424173,0.0778169999975944,0.009826084002270363,1.5526572499948088
36640,-6512500.0,0.0,-337500.0,202612,253474.0747593402,11,286,0.04660050682115514,0.07424958300543949,0.0077293749927775934,0.9867625839979155
69216,-2112500.0,0.0,1012500.0,191092,239773.87292868656,4,20,0.018214616431718376,0.07298095799342263,0.006692041992209852,0.06980499999190215
66816,-2112500.0,0.0,912500.0,190708,240041.70259813036,4,20,0.024954497432624213,0.06723816698649898,0.010330417004297487,0.0747856249945471
50752,1287500.0,0.0,237500.0,266204,269396.50981202105,18,1140,0.04985096397071598,0.09194358300010208,0.011858041005325504,3.850560583989136
39648,-6312500.0,0.0,-212500.0,229376,253442.67930249637,15,680,0.04632980357965014,0.09241324999311473,0.007203291999758221,2.2626647500001127
89760,1487500.0,0.0,1862500.0,188480,240203.75279674088,4,20,0.0002743499266633751,0.07109766700887121,0.008140833000652492,0.06489229199360125
37920,-4512500.0,0.0,-287500.0,215994,256276.6636937541,12,364,0.0479258004499121,0.08485508299781941,0.008356209000339732,1.2445882920001168
87360,1487500.0,0.0,1762500.0,189855,239488.55281004094,4,20,0.01607914487731286,0.06959850000566803,0.0072018339997157454,0.054810083005577326
84960,1487500.0,0.0,1662500.0,189791,239515.32774369587,4,20,0.016228603832595858,0.0669864579977002,0.01055725000333041,0.06611520900332835
39040,-6512500.0,0.0,-237500.0,220224,252852.19802102714,14,560,0.04513022585603052,0.08178041600331198,0.007212875003460795,1.8605297500034794
30624,-6912500.0,0.0,-587500.0,196983,248478.86054919206,9,165,0.046401065587265665,0.07311891599965747,0.010773292000521906,0.5358597500016913
36960,1487500.0,0.0,-337500.0,228572,270241.22725739365,13,455,0.04514634545549472,0.09083087500766851,0.011026625012164004,1.557381542006624
32320,5487500.0,0.0,-537500.0,197360,250287.26096712358,10,220,0.048235575150082005,0.07101233399589546,0.0078282080066856,0.7477172080107266
26496,-5112500.0,0.0,-762500.0,192256,242502.8446621249,5,35,0.03932668445792876,0.06670245800341945,0.012946250004461035,0.11488345799443778
34720,5487500.0,0.0,-437500.0,199552,253875.66171702638,11,286,0.04657001714991083,0.060986209005932324,0.007402707997243851,0.965907709003659
28896,-5112500.0,0.0,-662500.0,192960,245342.2533640107,7,84,0.04604989832417456,0.06723037500341889,0.008543624993762933,0.26696329200058244
28288,-5312500.0,0.0,-687500.0,192960,244603.32818236435,6,56,0.049160854892879635,0.06881333299679682,0.012041541005601175,0.19943154200154822
25888,-5312500.0,0.0,-787500.0,191142,241950.40878193392,4,20,0.04453760982697068,0.06940016700536944,0.007703708004555665,0.06639737500518095
25408,-2312500.0,0.0,-812500.0,192384,241065.27599551968,4,20,0.04017266956798938,0.06368466600542888,0.010811125001055188,0.06105779099743813
27808,-2312500.0,0.0,-712500.0,193216,243094.31170694952,6,56,0.04747404909980905,0.06850275000033434,0.006871250006952323,0.18212379100441467
33024,-6912500.0,0.0,-487500.0,198370,252022.17057045907,10,220,0.04996691311277134,0.07311933299934026,0.007257209013914689,0.7579954590037232
40320,-4512500.0,0.0,-187500.0,241884,256080.9985836363,16,816,0.048904263979779566,0.07823695799743291,0.013296208009705879,2.758458582989988
27200,-2512500.0,0.0,-737500.0,192896,242513.63005888747,5,35,0.0453805705523731,0.07442949998949189,0.012023500006762333,0.1291013329901034
75712,-4712500.0,0.0,1287500.0,186484,238332.43278486718,4,20,0.014486653198072573,0.06301666700164787,0.00860429099702742,0.08508262499526609
73312,-4712500.0,0.0,1187500.0,188224,238426.64268697222,4,20,0.01380505210463851,0.07491891700192355,0.01082995800243225,0.07777616700332146
29600,-2512500.0,0.0,-637500.0,194752,245526.39221819572,8,120,0.04845470532338336,0.06881745900318492,0.007751083001494408,0.4225215000042226
30208,-2312500.0,0.0,-612500.0,195648,246575.579201415,9,165,0.04678900654882841,0.06746787500742357,0.00759454199578613,0.5528765829949407
63360,1487500.0,0.0,762500.0,192820,241670.8741149044,5,35,0.04479580655614432,0.06491395800549071,0.009115833992836997,0.10893066599965096
27520,5487500.0,0.0,-737500.0,192640,243174.13953312172,5,35,0.04263891471826225,0.0711812500085216,0.007247083995025605,0.11450454099394847
60960,1487500.0,0.0,662500.0,193024,244808.3467916597,8,120,0.04644248953890995,0.07907941599842161,0.007882167003117502,0.4102917080017505
29920,5487500.0,0.0,-637500.0,194996,246393.08431538666,7,84,0.049681392076203944,0.07888304098742083,0.007523250009398907,0.2948265830054879
30016,-7112500.0,0.0,-612500.0,196928,247586.28050236113,8,120,0.04946282372939608,0.06773687498935033,0.0073334589978912845,0.3959998749924125
25952,-3712500.0,0.0,-787500.0,191616,241705.3454572003,4,20,0.04544536748462162,0.06762733300274704,0.007673542000702582,0.08263820799766108
32416,-7112500.0,0.0,-512500.0,198315,251291.80077496107,10,220,0.04859197015242176,0.07188820799638052,0.007369541999651119,0.7485242920083692
25344,-3912500.0,0.0,-812500.0,190528,241272.1435975437,4,20,0.03994954566815876,0.062202666988014244,0.0069069160090293735,0.06094812499941327
28352,-3712500.0,0.0,-687500.0,192832,244112.14911878048,7,84,0.04307784686235512,0.06982704199617729,0.007379457994829863,0.277054042002419
34816,-7112500.0,0.0,-412500.0,200737,253870.8172080744,11,286,0.04589403528427248,0.07106854200537782,0.010001833012211137,0.9656629160017474
27744,-3912500.0,0.0,-712500.0,192640,243470.89858662867,5,35,0.048618556042226035,0.07656958300503902,0.007117582994396798,0.1150078329956159
37568,1687500.0,0.0,-312500.0,236096,270776.0897888095,14,560,0.046473583860511175,0.08743420800601598,0.010012124999775551,1.931045167002594
30144,-3912500.0,0.0,-612500.0,194324,246586.68591188855,9,165,0.04600624048748973,0.065783250000095,0.009683374999440275,0.5638053330039838
39360,1487500.0,0.0,-237500.0,265920,268076.40173733054,19,1330,0.04797109768334744,0.10335770899837371,0.007613499998115003,4.463208957997267
78816,-2112500.0,0.0,1412500.0,190184,239463.59631349292,4,20,0.01537846997423773,0.06805029101087712,0.008766250000917353,0.06573466600093525
81216,-2112500.0,0.0,1512500.0,189928,239414.43852013652,4,20,0.015974211578609974,0.07042966700100806,0.007245250002597459,0.06447104200196918
22560,1487500.0,0.0,-937500.0,190328,239850.29824899352,4,20,0.02494597229865099,0.06548250000923872,0.007039624993922189,0.06586791700101458
20160,1487500.0,0.0,-1037500.0,190968,239844.3715364329,4,20,0.019361519216878776,0.06898370799899567,0.008216166999773122,0.0804604169970844
24960,1487500.0,0.0,-837500.0,190772,240451.25010828953,4,20,0.037262098980409115,0.07366016600281,0.009152957994956523,0.06513937500130851
33216,-2112500.0,0.0,-487500.0,197504,253673.50558940743,10,220,0.0481815370890382,0.06992154200270306,0.008543042000383139,0.7259594169881893
35616,-2112500.0,0.0,-387500.0,210432,262746.79735480214,11,286,0.04829607455282212,0.07376887500868179,0.010957041013170965,0.947124292011722
30464,4087500.0,0.0,-612500.0,194104,246795.7619052089,9,165,0.045977977400731104,0.06431599998904858,0.007212582990177907,0.547587624998414
39968,1687500.0,0.0,-212500.0,271232,263610.059842435,17,969,0.04962298810178115,0.09974225000769366,0.007441042005666532,3.270401292000315
32864,4087500.0,0.0,-512500.0,195776,250848.84435518523,11,286,0.04685061153199465,0.0660637080000015,0.008642332992167212,0.9648310000047786
35264,4087500.0,0.0,-412500.0,200948,254718.26155760017,11,286,0.04535796930018792,0.0675344170012977,0.011921625002287328,0.9710149589955108
31744,6087500.0,0.0,-562500.0,196912,249447.26745091597,10,220,0.04675356305294791,0.06747275000088848,0.007812584008206613,0.741274500003783
34752,6287500.0,0.0,-437500.0,199612,253857.14771010933,11,286,0.046823020833121974,0.06901849999849219,0.006911042000865564,0.9185110830003396
34144,6087500.0,0.0,-462500.0,198400,253231.268122033,11,286,0.047053767541305774,0.06680037498881575,0.010797875002026558,0.9700301249977201
32352,6287500.0,0.0,-537500.0,197440,250436.9224716314,10,220,0.04823016488983745,0.06642295799974818,0.007544541003881022,0.7236860839911969
37856,-6112500.0,0.0,-287500.0,209067,253082.46492472827,12,364,0.046850274452052816,0.07273437500407454,0.008384707994991913,1.2186788340040948
84768,-3312500.0,0.0,1662500.0,188416,238946.7730249727,4,20,0.01594122355428991,0.06255920800322201,0.00821416699909605,0.07373024999105837
89568,-3312500.0,0.0,1862500.0,188480,240203.75279674088,4,20,0.0002743499266633751,0.06724270799895748,0.01075329098966904,0.07018170799710788
87168,-3312500.0,0.0,1762500.0,188800,238981.90716388365,4,20,0.015821031581063245,0.05867062500328757,0.010298167006112635,0.07187933300156146
38560,-3512500.0,0.0,-262500.0,231232,263283.5089742406,15,680,0.04434001345446096,0.0794592919992283,0.008264957999926992,2.2792560829984723
58560,1487500.0,0.0,562500.0,194740,249874.87575753636,10,220,0.0453214812874529,0.06790337500569876,0.0074387499917065725,0.6993386249960167
37984,-2912500.0,0.0,-287500.0,230001,266205.9824486444,14,560,0.04928976268785148,0.09634787499089725,0.008651625001220964,1.849659542000154
88544,1087500.0,0.0,1812500.0,189424,239496.54705201564,4,20,0.016225856932298163,0.07113070800551213,0.009790749987587333,0.06598337499599438
40256,-6112500.0,0.0,-187500.0,235536,252610.58200625796,16,816,0.04565262717506492,0.08423770900117233,0.009022124999319203,2.7147353750042384
86144,1087500.0,0.0,1712500.0,189408,239536.93485867706,4,20,0.016362854187689443,0.06659449999278877,0.00818670800072141,0.06440812500659376
83744,1087500.0,0.0,1612500.0,188971,239577.9462498385,4,20,0.01641450243262114,0.0651938329974655,0.010832582993316464,0.06187241700536106
56160,1487500.0,0.0,462500.0,203520,257240.68281360753,10,220,0.046554505691388866,0.07278966599551495,0.008321874993271194,0.7098437499953434
40960,-3512500.0,0.0,-162500.0,262528,254768.66635038232,17,969,0.04882961498708535,0.08951795799657702,0.008374291006475687,3.179900125003769
53760,1487500.0,0.0,362500.0,222400,267775.1024924902,12,364,0.04589341902635623,0.08402250001381617,0.006873333011753857,1.1864964999986114
37792,7287500.0,0.0,-312500.0,205568,254228.76283601602,11,286,0.04680012362652619,0.06804720799846109,0.0070789999881526455,0.9237870419892715
38400,7487500.0,0.0,-287500.0,209332,253395.09390652386,11,286,0.0485098620861324,0.07422141698771156,0.011520833999384195,0.9222005829942646
40384,-2912500.0,0.0,-187500.0,262784,259487.84690233914,18,1140,0.04633205961823908,0.08863791699695867,0.00930112499918323,3.7489154579961905
31232,-6712500.0,0.0,-562500.0,197575,249364.32323484952,10,220,0.04654549402290953,0.06275029199605342,0.00696800000150688,0.7238608330080751
33632,-6712500.0,0.0,-462500.0,198696,252671.94425271603,11,286,0.04689271624068632,0.0742445409996435,0.0068545410031219944,0.9366194580070442
68576,-3112500.0,0.0,987500.0,190324,239533.84064445854,4,20,0.017896248035311164,0.07140716700814664,0.012352375008049421,0.07082399999490008
66176,-3112500.0,0.0,887500.0,190144,240218.60564163048,4,20,0.027028538345846613,0.08124625000345986,0.010572541010333225,0.06825499999104068
26752,1287500.0,0.0,-762500.0,193268,241641.64754207185,5,35,0.04532365205195801,0.06405370800348464,0.009813917000428773,0.11684404200059362
34368,-3312500.0,0.0,-437500.0,201152,253255.00924031902,10,220,0.049696683848136365,0.0720213330059778,0.008084707995294593,0.7645757499994943
65152,1287500.0,0.0,837500.0,191220,240386.6726329193,4,20,0.037514010580116955,0.06076991699228529,0.006975917000090703,0.07244320900645107
69952,1287500.0,0.0,1037500.0,191024,239883.9082814757,4,20,0.020058374558184783,0.06650737499876413,0.006856249994598329,0.07290437500341795
40800,7487500.0,0.0,-187500.0,233268,251818.34585744655,15,680,0.042957909267371426,0.08145320799667388,0.0066885839914903045,2.2704589589993702
40192,7287500.0,0.0,-212500.0,228800,253236.47311653997,14,560,0.04738356153301991,0.08359495799231809,0.008415792006417178,1.8669272920087678
67552,1287500.0,0.0,937500.0,190545,239834.4123927444,4,20,0.025697114778257656,0.0653319580014795,0.009721000009449199,0.12362154100264888
31968,-3312500.0,0.0,-537500.0,196096,249244.7302163399,10,220,0.04835843850081325,0.0694950410106685,0.008806957994238473,0.797983791999286
29152,1287500.0,0.0,-662500.0,192884,244947.40664164288,8,120,0.04632994692328043,0.065214250003919,0.010585750002064742,0.4775635410042014
37088,4687500.0,0.0,-337500.0,206208,256126.68302012145,11,286,0.048494036770125044,0.11526350000349339,0.012146666995249689,1.0440060829860158
37760,6487500.0,0.0,-312500.0,205248,254984.58152626976,11,286,0.04992178671222801,0.09348974999738857,0.011012541988748126,1.028609624991077
36704,-4912500.0,0.0,-337500.0,205568,253752.195535674,11,286,0.047175101352510504,0.08354529200005345,0.010252249994664453,1.0367696250032168
78176,-3112500.0,0.0,1387500.0,188479,238998.7271160243,4,20,0.015500144626490263,0.10354762499628123,0.0073532079986762255,0.06950791699637193
80576,-3112500.0,0.0,1487500.0,188336,239008.1595662784,4,20,0.015959086580046068,0.06730320800852496,0.006984042003750801,0.06746270800067578
8160,1487500.0,0.0,-1537500.0,190528,239549.64313656787,4,20,0.016110192457588626,0.07157595800526906,0.00717845800681971,0.0675759160076268
12960,1487500.0,0.0,-1337500.0,190588,239719.08244070617,4,20,0.014804411155719207,0.06307400000514463,0.009895082999719307,0.06961004099866841
10560,1487500.0,0.0,-1437500.0,190344,239623.14281619556,4,20,0.01555284237621794,0.06750704199657775,0.009719749999931082,0.06820312500349246
31328,-4312500.0,0.0,-562500.0,194880,248466.83623197183,10,220,0.0475214623317741,0.06407616700744256,0.008172499990905635,0.7989379169885069
39488,4687500.0,0.0,-237500.0,228508,257627.75810374168,14,560,0.047773869874800284,0.1308724589907797,0.012382541986880824,2.0856981670076493
39104,-4912500.0,0.0,-237500.0,227328,256400.7741225607,14,560,0.0463387852974728,0.09236216700810473,0.00848674999724608,2.0136848330002977
33728,-4312500.0,0.0,-462500.0,199040,251675.30532368115,11,286,0.04608459962272126,0.08080337499268353,0.00926166599674616,1.0248448339989409
40160,6487500.0,0.0,-212500.0,229696,254208.5209322717,15,680,0.04597782963828806,0.1617725830001291,0.010745874998974614,2.437766290997388
31072,4287500.0,0.0,-587500.0,194800,247822.55157241918,9,165,0.049498633585786635,0.07390266700531356,0.01056508299370762,0.6029720830119913
57344,1087500.0,0.0,512500.0,198784,254440.2663419667,10,220,0.04592749083050704,0.07091108399617951,0.0069047079887241125,0.7691600840043975
54944,1087500.0,0.0,412500.0,213184,264655.565523089,11,286,0.043999040441486593,0.08011362499382813,0.008564834002754651,1.0070303749962477
33472,4287500.0,0.0,-487500.0,197568,251832.9844512576,11,286,0.04700884643032915,0.07165858399821445,0.010714332995121367,0.9818484580027871
31168,6687500.0,0.0,-587500.0,196855,248536.5305259034,9,165,0.046600671840493435,0.07050995899771806,0.01090079199639149,0.6057045839988859
35872,4287500.0,0.0,-387500.0,201920,255216.436054232,11,286,0.04538219469215978,0.07006904199079145,0.009319207994849421,0.9849649159878027
30688,-5312500.0,0.0,-587500.0,196212,247992.75046647602,9,165,0.048178998606793214,0.06210491698584519,0.01020658299967181,0.5645896250061924
33568,6687500.0,0.0,-487500.0,197942,252323.76932106394,11,286,0.04658369044560337,0.07199791699531488,0.011953207998885773,0.9641907500044908
35968,6687500.0,0.0,-387500.0,201129,254605.47628185633,11,286,0.046110118168340875,0.07076404200051911,0.010926125003607012,0.989554458996281
31296,-5112500.0,0.0,-562500.0,196200,248794.37551262937,10,220,0.04722191896318461,0.09067233400128316,0.008981000006315298,0.7629622079984983
33696,-5112500.0,0.0,-462500.0,198084,251861.78839386103,11,286,0.04652974955259411,0.07935737499792594,0.00797325000166893,0.9563294999970822
72800,-2512500.0,0.0,1162500.0,190628,239426.26702912408,4,20,0.014196990262951828,0.06322529099998064,0.01122400000167545,0.06849054200574756
33088,-5312500.0,0.0,-487500.0,197224,251261.4262257707,11,286,0.046917913619364364,0.08465637499466538,0.011383290999219753,0.9458843330066884
75808,-2312500.0,0.0,1287500.0,189684,239443.0852378762,4,20,0.014346054378757099,0.06838283300749026,0.0072429579886374995,0.07343674999719951
73408,-2312500.0,0.0,1187500.0,190324,239509.99900847577,4,20,0.014232388880569973,0.06838066699856427,0.009442541995667852,0.08730508299777284
71008,-2312500.0,0.0,1087500.0,190784,239620.91799520963,4,20,0.015517966760005707,0.09530099999392405,0.009402874988154508,0.08147645900317002
6944,1087500.0,0.0,-1587500.0,189316,239574.50669011797,4,20,0.01637960865998319,0.08906808400934096,0.007108208010322414,0.08384058299998287
11744,1087500.0,0.0,-1387500.0,190196,239739.74140559798,4,20,0.015200267856754318,0.07914466699003242,0.0069742079940624535,0.08184324999456294
9344,1087500.0,0.0,-1487500.0,190708,239643.36037424667,4,20,0.015920174373662277,0.07102887499786448,0.0074278749962104484,0.06999558299139608
35488,-5312500.0,0.0,-387500.0,201076,253029.74002042157,11,286,0.04481500451329659,0.06459716700192075,0.007003457998507656,1.0058326250000391
37056,3887500.0,0.0,-337500.0,209792,257117.8025080712,11,286,0.04982851327743436,0.07834437501151115,0.007006291998550296,0.9817840420000721
37376,-3112500.0,0.0,-312500.0,220288,262923.3609502084,13,455,0.04635916673857986,0.0838977499952307,0.007230999995954335,1.5990042920020642
38336,5887500.0,0.0,-287500.0,210048,255146.48936880386,12,364,0.04757267407475265,0.07013433300016914,0.00695791699399706,1.3493381250009406
31776,6887500.0,0.0,-562500.0,197675,249524.25223702338,10,220,0.04653072532236994,0.06578637499478646,0.006985792002524249,0.8692473340051947
34176,6887500.0,0.0,-462500.0,198846,253136.6945116136,11,286,0.0469517608027214,0.06862891599303111,0.007436125000822358,1.1382275000069058
39456,3887500.0,0.0,-237500.0,235520,259833.08927833746,15,680,0.04674457928531037,0.09777525000390597,0.008459749995381571,2.4909684160084
39776,-3112500.0,0.0,-212500.0,250176,262944.4589835115,17,969,0.04930254327019214,0.08743466700252611,0.011213082994800061,3.5297883750026813
40736,5887500.0,0.0,-187500.0,236435,253676.27694972767,16,816,0.045576892174383724,0.08287387499876786,0.0069769169931532815,2.984008500003256
81824,-1912500.0,0.0,1537500.0,190167,239466.15911689197,4,20,0.01603855252823638,0.0732637920009438,0.01800341698981356,0.07088104200374801
79424,-1912500.0,0.0,1437500.0,190428,239521.40036577816,4,20,0.01554713627648387,0.07547929199063219,0.01000454199675005,0.07580841700837482
26784,2087500.0,0.0,-762500.0,193024,241843.35877809403,5,35,0.04195622486070197,0.06941804199595936,0.011302541999612004,0.11209954200603534
37312,-4712500.0,0.0,-312500.0,208832,254978.1947103881,12,364,0.04431834289918166,0.08747879099973943,0.010234458997729234,1.3406353749887785
72352,1287500.0,0.0,1137500.0,190528,239926.32646690917,4,20,0.016615129780798973,0.06091945800289977,0.006946708002942614,0.07212837498809677
74752,1287500.0,0.0,1237500.0,190324,239876.53901616766,4,20,0.014867882239840507,0.06136754200269934,0.008819000009680167,0.07147912500659004
29184,2087500.0,0.0,-662500.0,194688,244666.5348923066,7,84,0.04865259714465736,0.062190124997869134,0.009277332996134646,0.2785997920000227
39712,-4712500.0,0.0,-212500.0,236224,257389.09311058535,15,680,0.04891785561506263,0.11124458399717696,0.010297166998498142,2.4336149580049096
37696,4887500.0,0.0,-312500.0,209904,256749.5062772101,12,364,0.045003268135595735,0.08006249999743886,0.006974124989937991,1.2526712920080172
38304,5087500.0,0.0,-287500.0,214144,256304.75762012778,12,364,0.047447378930291696,0.08047129098849837,0.007234999997308478,1.250409790998674
42176,-3112500.0,0.0,-112500.0,281280,249418.61450736484,16,816,0.04602934500695661,0.10000079199380707,0.008809874998405576,2.908171040995512
40096,4887500.0,0.0,-212500.0,235264,257380.48337364485,15,680,0.048855210565234106,0.09054366700001992,0.010503333993256092,2.3058025000063935
37216,-7112500.0,0.0,-312500.0,205376,253821.95231772718,11,286,0.047471954372909395,0.07439704099670053,0.015134165994822979,0.9678079170116689
44576,-3112500.0,0.0,-12500.0,293696,246148.19676553286,17,969,0.044355056208327484,0.12641695800994057,0.009883416001684964,3.405631583009381
69824,-1912500.0,0.0,1037500.0,190964,239807.35559835588,4,20,0.017913305510546262,0.07115312499809079,0.00772033300017938,0.0796730000001844
67424,-1912500.0,0.0,937500.0,190580,239923.76850307707,4,20,0.0233673916585994,0.06237341699306853,0.010920957996859215,0.06047504200250842
68768,1687500.0,0.0,987500.0,190592,239843.950512439,4,20,0.020884918060235534,0.07342070799495559,0.0079238749895012,0.06699366700195242
66368,1687500.0,0.0,887500.0,190516,240107.08909248465,4,20,0.029182998764125334,0.06590958399465308,0.010418874997412786,0.0709619169938378
39616,-7112500.0,0.0,-212500.0,228800,253029.637253878,14,560,0.04909474702278441,0.08772966700780671,0.007031874993117526,1.8671609580051154
71168,1687500.0,0.0,1087500.0,190964,239851.65474706257,4,20,0.017057749317333334,0.07968075000098906,0.00950975000159815,0.08087433299806435
75968,1687500.0,0.0,1287500.0,189952,239729.6294254588,4,20,0.014471001998859215,0.08261845800734591,0.017461791998357512,0.07276783300039824
73568,1687500.0,0.0,1187500.0,190528,239802.25928140996,4,20,0.014890221656173763,0.07323075000022072,0.008130582995363511,0.07180045799759682
40704,5087500.0,0.0,-187500.0,239424,255004.81049329418,16,816,0.046320517909899134,0.08328912500292063,0.009355083995615132,2.8056384999945294
43392,-2712500.0,0.0,-62500.0,292928,246789.50601212186,15,680,0.046222456014434914,0.10907904099440202,0.01313395900069736,2.3613655000081053
42720,-4512500.0,0.0,-87500.0,274591,245823.7576054008,17,969,0.04559847059648858,0.10399533399322536,0.008465167004032992,3.2827731249999488
41600,-2512500.0,0.0,-137500.0,283200,252942.95455201998,16,816,0.04799025859147089,0.09930675000941847,0.010990374998073094,2.7337987090140814
41952,6287500.0,0.0,-137500.0,246592,248499.59196128944,17,969,0.04991207835706949,0.09536604200548027,0.00952208299713675,3.362499625000055
41344,6087500.0,0.0,-162500.0,241856,252025.79703447796,17,969,0.047595952940084625,0.09787091700127348,0.007445625000400469,3.4660632089944556
43744,6087500.0,0.0,-62500.0,276480,244177.1569357465,18,1140,0.0494944156436916,0.10138608400302473,0.011304041996481828,4.2351314579864265
41440,-6512500.0,0.0,-137500.0,246464,247861.94150660964,17,969,0.04937652069302043,0.0866137919947505,0.008829792001051828,3.8168226669949945
81184,-2912500.0,0.0,1512500.0,188851,239095.12171032914,4,20,0.016007653695486724,0.0849059159954777,0.009506542002782226,0.07030308298999444
78784,-2912500.0,0.0,1412500.0,188971,239095.6484936051,4,20,0.015623503867730119,0.07571274999645539,0.007496874997741543,0.07224516599671915
42048,-6312500.0,0.0,-112500.0,256668,245761.23340718765,18,1140,0.045234240796016296,0.11325304199999664,0.009144000010564923,4.261656041999231
20768,1687500.0,0.0,-1012500.0,190708,239814.9265348125,4,20,0.019613438648085988,0.06901116699737031,0.01017554200370796,0.06825470800686162
23168,1687500.0,0.0,-912500.0,190592,239960.26353234207,4,20,0.02638719242824338,0.07073641600436531,0.00842520898731891,0.06809729100496043
42080,-5512500.0,0.0,-112500.0,261440,246482.86840304788,17,969,0.04903779120796739,0.1398315830010688,0.024619917006930336,3.649165584007278
44448,-6312500.0,0.0,-12500.0,288064,244702.62452320717,20,1540,0.04825642659224331,0.11171295800886583,0.007843667000997812,5.8216335420002
44160,1487500.0,0.0,-37500.0,300352,249031.21492085955,13,455,0.049868308831592566,0.12061850000463892,0.013212709003710188,1.6549131670035422
41760,1487500.0,0.0,-137500.0,288832,254506.3074743005,14,560,0.049812983722634555,0.11648379199323244,0.009922791999997571,2.0126329159975285
43840,-6512500.0,0.0,-37500.0,282228,243336.04363128834,20,1540,0.04654903675602249,0.11759750000783242,0.009145459000137635,5.670861332997447
44480,-5512500.0,0.0,-12500.0,288448,244985.96263145847,19,1330,0.04776513234572969,0.1297035000025062,0.009024958999361843,4.770921874995111
43680,4487500.0,0.0,-62500.0,281856,246170.6017384984,17,969,0.04785093786283532,0.11472749999666121,0.009047540996107273,3.615156208004919
43200,7487500.0,0.0,-87500.0,263872,243247.9336918458,17,969,0.04300526948423633,0.09449562500230968,0.010955208010273054,3.6005377500114264
42592,7287500.0,0.0,-112500.0,255584,245492.8387411529,17,969,0.04281145651726427,0.10451041700434871,0.00733287500042934,3.5428680000040913
44992,7287500.0,0.0,-12500.0,287360,244348.6204034812,19,1330,0.045608833835174285,0.10255483299260959,0.008762792000197805,4.716092250004294
36768,-3312500.0,0.0,-337500.0,212406,259194.22045547309,12,364,0.04541026995926158,0.08000862499466166,0.009594333998393267,1.2930683750018943
39168,-3312500.0,0.0,-237500.0,239744,264215.29534197104,16,816,0.047663147723569936,0.10246204100258183,0.012392167001962662,2.868158167009824
84224,-1912500.0,0.0,1637500.0,189885,239430.13841776137,4,20,0.016151031463698087,0.0687902500067139,0.009886375002679415,0.0717469999945024
86624,-1912500.0,0.0,1737500.0,189672,239421.1929489931,4,20,0.016027220279386672,0.0745127499976661,0.014819707997958176,0.09202941700641531
89024,-1912500.0,0.0,1837500.0,189608,239392.30883623098,4,20,0.015951851478856367,0.10126408300129697,0.01361466699745506,0.0711234170012176
42656,-6112500.0,0.0,-87500.0,265152,243981.750303177,18,1140,0.0465636582625057,0.10044554200430866,0.010655250007403083,4.066317207994871
56768,1687500.0,0.0,487500.0,198700,254317.12181790487,10,220,0.04661990871585433,0.0735203329968499,0.00954112499312032,0.7499020419927547
54368,1687500.0,0.0,387500.0,215296,263454.9514166875,11,286,0.047685185809458644,0.07118104198889341,0.0069968330062692985,0.933105042000534
44608,-2312500.0,0.0,-12500.0,299328,247270.47367439858,15,680,0.04811674534112312,0.11983220800175332,0.011668374994769692,2.3436210839863634
42208,-2312500.0,0.0,-112500.0,290368,250511.97089911942,15,680,0.0461170707087091,0.1068985000019893,0.008871750003891066,2.2742626250110334
44000,-2512500.0,0.0,-37500.0,296960,246975.1054199267,15,680,0.046090440955064545,0.11224208399653435,0.008443083002930507,2.342229750007391
38272,4287500.0,0.0,-287500.0,216960,257876.44537399153,12,364,0.04942355675434652,0.0765266250091372,0.009276374999899417,1.2583699579990935
40672,4287500.0,0.0,-187500.0,243664,256031.47623065568,16,816,0.049533346627817144,0.0853954589983914,0.007128792000003159,2.809265083007631
40864,-5912500.0,0.0,-162500.0,242944,251447.0478379684,16,816,0.04937684566754344,0.08505424999748357,0.011316040996462107,2.746935749994009
42560,6487500.0,0.0,-112500.0,256768,246225.4258926665,18,1140,0.04556148294208511,0.09294170800421853,0.008244166005169973,3.842867917002877
43264,-5912500.0,0.0,-62500.0,277760,243506.1855661146,18,1140,0.049036565254824666,0.10558329199557193,0.012795375005225651,3.923244791003526
44352,6287500.0,0.0,-37500.0,283072,243965.77696667542,20,1540,0.045961487160422566,0.1124323749972973,0.008937417005654424,5.391392374993302
42752,-3712500.0,0.0,-87500.0,281856,246659.01643109965,16,816,0.04686064481995053,0.10227479199238587,0.009703667004941963,2.882003166989307
17760,1487500.0,0.0,-1137500.0,190404,239858.01159742256,4,20,0.016182832191947646,0.07332491599663626,0.010891708006965928,0.0759681250056019
15360,1487500.0,0.0,-1237500.0,190126,239805.5806889025,4,20,0.01470090573582231,0.07417974999407306,0.007716084001003765,0.06753133299935143
80768,1687500.0,0.0,1487500.0,190516,239565.5176625516,4,20,0.015849505538670927,0.08269787501194514,0.007816999990609474,0.07983916701050475
44960,6487500.0,0.0,-12500.0,288064,245098.2490970225,20,1540,0.048321200717001855,0.10045091700158082,0.008405375003349036,5.384141125003225
78368,1687500.0,0.0,1387500.0,190244,239641.1949905284,4,20,0.015143701866473626,0.08820929200737737,0.0075850419962080196,0.069999999992433
36512,5287500.0,0.0,-362500.0,203499,255688.14170887903,11,286,0.046511767112148585,0.07268866700178478,0.007510874987929128,0.9992680830036988
38016,-2112500.0,0.0,-287500.0,240192,271966.72319724376,15,680,0.04835700814551655,0.1684296669991454,0.019134916990878992,2.353781500001787
38912,5287500.0,0.0,-262500.0,219712,256723.28513892836,13,455,0.048093573685925414,0.07149800000479445,0.006953666990739293,1.564570458009257
44544,-3912500.0,0.0,-12500.0,292672,245521.74425488253,18,1140,0.04382516791536952,0.11169308399257716,0.008233000000473112,4.029093791003106
40416,-2112500.0,0.0,-187500.0,274304,260663.54850813208,17,969,0.04824914420328934,0.10280070899170823,0.015095791997737251,3.4021963749983115
41312,5287500.0,0.0,-162500.0,244608,252976.94609170945,16,816,0.0497202980096412,0.08898658299585804,0.009054291003849357,2.8029568339989055
41408,-7312500.0,0.0,-137500.0,247284,247576.34524649967,16,816,0.04875730410073341,0.08849841701157857,0.011656833012239076,2.8266923329938436
76416,-2112500.0,0.0,1312500.0,190080,239526.53316943633,4,20,0.014544670839023903,0.07509929200750776,0.012303582989261486,0.06818929099244997
74016,-2112500.0,0.0,1212500.0,190516,239595.06351846966,4,20,0.014265611518969714,0.06944566700258292,0.011646667000604793,0.0631755840004189
40896,-5112500.0,0.0,-162500.0,245440,252532.1446325978,16,816,0.049700626443818695,0.09010741599195171,0.011574750009458512,2.8055011670076055
71616,-2112500.0,0.0,1112500.0,190780,239684.69047107804,4,20,0.015402805156319562,0.07313412499206606,0.007521500010625459,0.08705554199696053
11168,1687500.0,0.0,-1412500.0,190516,239595.0769401126,4,20,0.015358697616367276,0.07905512499564793,0.01743666600668803,0.07038925000233576
8768,1687500.0,0.0,-1512500.0,190768,239522.6101777056,4,20,0.01598580823603757,0.08001008299470413,0.011934875001315959,0.06965645801392384
43296,-5112500.0,0.0,-62500.0,279680,244196.7646900193,17,969,0.04843442746486537,0.09800191699468996,0.008891999998013489,3.3972923749970505
70560,1487500.0,0.0,1062500.0,191028,239884.96778330344,4,20,0.018468991177709122,0.07535820800694637,0.008174999995389953,0.07552250000298955
68160,1487500.0,0.0,962500.0,190580,239843.29620437106,4,20,0.023182984525931025,0.06957325000257697,0.007065708996378817,0.07337954200920649
65760,1487500.0,0.0,862500.0,190724,240221.0387354521,4,20,0.03311815741076225,0.06946204099222086,0.0071052080020308495,0.060111166996648535
42688,-5312500.0,0.0,-87500.0,270208,244887.70841578036,17,969,0.04834645766290077,0.09730074999970384,0.016149583010701463,3.3217018750001444
43808,-7312500.0,0.0,-37500.0,283758,242932.31384555963,19,1330,0.04329875188434287,0.10835429099097382,0.007311082998057827,4.619118124988745
42784,-2912500.0,0.0,-87500.0,287424,247631.62863687435,16,816,0.04533878285793501,0.10620004200609401,0.013949125001090579,2.888734291991568
36032,-6712500.0,0.0,-362500.0,201780,253907.4973852782,11,286,0.04592448895842333,0.07831541700579692,0.012822958000469953,1.0514132920070551
38432,-6712500.0,0.0,-262500.0,214336,253246.87602304577,13,455,0.04449671705445534,0.08584074999089353,0.0166536670003552,1.634996708991821
37280,-5512500.0,0.0,-312500.0,206720,253670.32995184432,12,364,0.04354131238132002,0.07789749999938067,0.007791042007738724,1.368651459008106
39680,-5512500.0,0.0,-212500.0,232184,254952.40444599144,15,680,0.04737932427517131,0.08560445799957961,0.009854500007349998,2.4383767919935053
1568,1687500.0,0.0,-1812500.0,189983,239411.60651694957,4,20,0.016017286372361345,0.06805979199998546,0.008921417000237852,0.06386437499895692
6368,1687500.0,0.0,-1612500.0,190047,239468.8174966955,4,20,0.016220476495254186,0.06760362499335315,0.009404708005604334,0.07079900000826456
3968,1687500.0,0.0,-1712500.0,189919,239446.0527699866,4,20,0.016133152757966777,0.07691937500203494,0.008471624998492189,0.06120812500012107
42496,4887500.0,0.0,-112500.0,264064,248138.65985763035,17,969,0.04605480407749836,0.10510775000147987,0.007695125008467585,3.512069958000211
43104,5087500.0,0.0,-87500.0,271680,246013.74177581427,17,969,0.047477976122772936,0.11591204200522043,0.009159666005871259,3.4898569170036353
72960,1487500.0,0.0,1162500.0,190644,239873.43152251912,4,20,0.015617644366789642,0.08303675000206567,0.00914187500893604,0.06631337499129586
75360,1487500.0,0.0,1262500.0,189928,239808.43261457444,4,20,0.014570537151252226,0.07154216700291727,0.008105125001748092,0.07004183300887235
44896,4887500.0,0.0,-12500.0,290112,246626.20552021076,19,1330,0.045302469958664104,0.10539445899485145,0.007825874999980442,4.770766750007169
43360,-3512500.0,0.0,-62500.0,289344,245617.99069741467,16,816,0.04577953194193452,0.10279641699162312,0.007913833993370645,2.920747708994895
44768,1687500.0,0.0,-12500.0,300160,248490.96913515608,14,560,0.04974019895343207,0.11310650000814348,0.010742167010903358,1.9372460830054479
42368,1687500.0,0.0,-112500.0,291776,251480.81521994038,14,560,0.04876365326992725,0.1035479169950122,0.007275708005181514,2.036016791986185
43712,5287500.0,0.0,-62500.0,279104,245244.07663296466,18,1140,0.048896468029201036,0.1083767079981044,0.008263249997980893,3.9265549999981886
42816,-2112500.0,0.0,-87500.0,295424,248896.5190804244,15,680,0.044073351469422054,0.12002270900120493,0.008182332996511832,2.3209520829987014
85984,-2912500.0,0.0,1712500.0,188651,239118.2897742541,4,20,0.015921649928296457,0.07226491598703433,0.011044875005609356,0.06898399999772664
83584,-2912500.0,0.0,1612500.0,188267,239093.46309613727,4,20,0.016059436790840882,0.06800391699653119,0.007879083990701474,0.0726712920004502
88384,-2912500.0,0.0,1812500.0,188610,239120.56035973065,4,20,0.015873151881087268,0.06772745799389668,0.007114457999705337,0.06560737499967217
40832,-6712500.0,0.0,-162500.0,240704,250797.9895753126,17,969,0.04521536591260906,0.08481491600105073,0.014432750002015382,3.2967659999994794
43232,-6712500.0,0.0,-62500.0,275264,243023.1353072384,19,1330,0.04804308259572203,0.1011724590061931,0.008170333996531554,4.581978625006741
41504,-4912500.0,0.0,-137500.0,256704,249552.1715231978,17,969,0.04486283190697056,0.08857666701078415,0.007892791996710002,3.3026619589945767
43904,-4912500.0,0.0,-37500.0,286416,244447.24940281574,19,1330,0.04323143835640553,0.10520212499250192,0.00893904099939391,4.467556582996622
42944,1087500.0,0.0,-87500.0,298816,251859.092830392,13,455,0.04890822746846717,0.11032341700047255,0.007097499998053536,1.5131824579875683
74080,-512500.0,0.0,1212500.0,190964,239963.7426563935,4,20,0.01591292221504154,0.0734172919910634,0.010380291001638398,0.059821582995937206
71680,-512500.0,0.0,1112500.0,191284,239964.2874788638,4,20,0.019014305566591148,0.06570833300065715,0.01125066599342972,0.06727666700317059
36128,-4312500.0,0.0,-362500.0,204352,254311.06588690085,11,286,0.04608341832714017,0.08140208300028462,0.007131542006391101,1.0313314999948489
41856,3887500.0,0.0,-137500.0,266944,250661.00966242483,17,969,0.046328806985935236,0.12286483398929704,0.006895208003697917,3.3011854170035804
66784,-2912500.0,0.0,912500.0,190528,240019.40016699987,4,20,0.02401913028060909,0.06903425000200514,0.00927420899097342,0.07047725000302307
38528,-4312500.0,0.0,-262500.0,225280,258620.9975593683,14,560,0.044350105160171065,0.07579095799883362,0.007195542013505474,1.9342304169986164
69184,-2912500.0,0.0,1012500.0,190308,239509.82245290265,4,20,0.016828704795311535,0.0677125419897493,0.0071072089922381565,0.0703639999992447
44256,3887500.0,0.0,-37500.0,290048,246655.9132705963,18,1140,0.04281843617943262,0.11474416700366419,0.01220958300109487,3.89575904099911
42528,5687500.0,0.0,-112500.0,260160,247180.37727639312,18,1140,0.04463446804867302,0.09630525000102352,0.008448041990050115,3.929476707999129
62752,1287500.0,0.0,737500.0,192820,242246.41578598565,5,35,0.04971806530638658,0.0691562919964781,0.009343083002022468,0.12438616600411478
60352,1287500.0,0.0,637500.0,192768,246011.97296904985,8,120,0.04856272985046177,0.06803116700029932,0.01026920801086817,0.4094037920003757
44928,5687500.0,0.0,-12500.0,288640,245884.84054438927,20,1540,0.04762377677859485,0.10898758300754707,0.013648207997903228,5.2712522499932675
40544,1087500.0,0.0,-187500.0,279808,262777.5469599225,15,680,0.04944084083766622,0.0985608329938259,0.00866225000936538,2.329371290994459
40928,-4312500.0,0.0,-162500.0,251520,253658.5811285326,17,969,0.04464699580652961,0.08620183399762027,0.00844987500749994,3.33172062500671
38368,6687500.0,0.0,-287500.0,208640,254155.25318013944,12,364,0.04733299177824,0.08147720799024682,0.011996041008387692,1.279892332997406
36672,-5712500.0,0.0,-337500.0,203376,253260.98742599002,11,286,0.0465262454817681,0.07621733400446828,0.00871795800048858,0.9970959170022979
38144,1087500.0,0.0,-287500.0,251328,274680.7879275819,18,1140,0.048882564407424764,0.09211162499559578,0.010432124996441416,3.9330974999902537
42464,4087500.0,0.0,-112500.0,272768,248901.99712064862,17,969,0.04613823303547493,0.10145129199372604,0.008063041997957043,3.358134207999683
44864,4087500.0,0.0,-12500.0,293248,247143.66981567268,18,1140,0.04531760716802111,0.10889833299734164,0.01134674999048002,3.97150016699743
75776,-3112500.0,0.0,1287500.0,189288,239008.1176237784,4,20,0.014599688887838838,0.07025529199745506,0.00894937499833759,0.06923366601404268
40768,6687500.0,0.0,-187500.0,234332,252480.3142580546,16,816,0.0456508049089987,0.0940755409974372,0.00843716699455399,2.804075166990515
73376,-3112500.0,0.0,1187500.0,189900,239069.49048966393,4,20,0.013971433867642569,0.06921433300885838,0.007548791996669024,0.07232791700516827
70976,-3112500.0,0.0,1087500.0,190208,239236.56673523388,4,20,0.014710075005046843,0.06759816700650845,0.009567749992129393,0.07144579199666623
39072,-5712500.0,0.0,-237500.0,224576,253983.57994855396,14,560,0.044859056185390815,0.08672591600043233,0.007714958002907224,1.9295996250002645
57312,287500.0,0.0,512500.0,199728,256402.51524036183,9,165,0.04985378085881276,0.08194787500542589,0.009577666001860052,0.5680533750128234
54912,287500.0,0.0,412500.0,214848,268629.0422781195,11,286,0.04240902363631081,0.07472741599485744,0.007037875009700656,1.0007480409985874
42144,-3912500.0,0.0,-112500.0,273536,248440.55775157677,16,816,0.04977550648083458,0.105225708000944,0.007509457995183766,2.7887272920052055
64544,1087500.0,0.0,812500.0,191476,240640.57833062185,4,20,0.04270821968257868,0.07051066600251943,0.008822625008178875,0.06750566700065974
62144,1087500.0,0.0,712500.0,191443,243030.00409165525,6,56,0.04961342567656916,0.07277220899413805,0.008410499998717569,0.18686091700510588
59744,1087500.0,0.0,612500.0,193579,247514.53643366526,8,120,0.049833674875506405,0.06993504200363532,0.0077804169995943084,0.4320033749972936
80480,-5512500.0,0.0,1487500.0,184043,238160.28426339172,4,20,0.014732520483021814,0.05803325001033954,0.0070620000042254105,0.059382000006735325
47744,1087500.0,0.0,112500.0,294656,253828.78156947365,13,455,0.04979016629223145,0.11125183300464414,0.00877720800053794,1.52712120799697
78080,-5512500.0,0.0,1387500.0,184884,238116.6869735299,4,20,0.014508481180049927,0.07120150000264402,0.00817533300141804,0.06479429200408049
6272,-712500.0,0.0,-1612500.0,189349,239603.9480373331,4,20,0.016586792428364566,0.07120608299737796,0.010624832997564226,0.0632699169946136
1472,-712500.0,0.0,-1812500.0,188679,239510.59258267304,4,20,0.01639274249369028,0.07002612500218675,0.007135166000807658,0.07048495800700039
3264,-912500.0,0.0,-1737500.0,189108,239543.12460485232,4,20,0.01641371891757582,0.06859083399467636,0.009501082997303456,0.07684462500037625
864,-912500.0,0.0,-1837500.0,189300,239507.53064416745,4,20,0.016305074027550253,0.08503674999519717,0.010107584006618708,0.07205187500221655
5664,-912500.0,0.0,-1637500.0,189296,239583.35653213045,4,20,0.01651492575022416,0.07290450000436977,0.007524500004365109,0.06873954100592528
41536,-4112500.0,0.0,-137500.0,263488,250641.36973407376,17,969,0.04553921319996782,0.09823704100563191,0.012189707995275967,3.308822417006013
3872,-712500.0,0.0,-1712500.0,189035,239552.74909121552,4,20,0.016544603517512673,0.07035283299046569,0.007373915999778546,0.06830933400487993
88896,-5112500.0,0.0,1837500.0,186756,238387.50116359137,4,20,0.014957309228147623,0.06822141700831708,0.008056250007939525,0.0570704589918023
86496,-5112500.0,0.0,1737500.0,186356,238368.9339760683,4,20,0.01491738247434866,0.07180512500053737,0.008590708996052854,0.07037758399383165
84096,-5112500.0,0.0,1637500.0,186212,238327.51649373045,4,20,0.014992593635956872,0.07181366700388025,0.007213333999970928,0.07578604099398945
88288,-5312500.0,0.0,1812500.0,186676,238339.27723115846,4,20,0.014816879549273613,0.06873354200797621,0.007154375009122305,0.06431504199281335
85888,-5312500.0,0.0,1712500.0,186795,238311.20587399398,4,20,0.014768912025982739,0.06464116700226441,0.007870250003179535,0.07153604199993424
43936,-4112500.0,0.0,-37500.0,290624,245003.12399404222,18,1140,0.04325098413067158,0.11243570799706504,0.009467083000345156,3.9135904169961577
83488,-5312500.0,0.0,1612500.0,186475,238268.0912899236,4,20,0.014874088560981363,0.07072029200207908,0.007046250000712462,0.06901104099233635
45344,1087500.0,0.0,12500.0,306880,250374.2559657498,14,560,0.04750890350732784,0.10726116699515842,0.011805333007941954,1.8949479169968981
23776,1887500.0,0.0,-887500.0,190528,240137.8005156687,4,20,0.028459812654932953,0.06490374999702908,0.01016820799850393,0.06585112499305978
21376,1887500.0,0.0,-987500.0,190912,239805.9919103252,4,20,0.020015780248520895,0.06886479200329632,0.007178084008046426,0.0729940000019269
47808,2687500.0,0.0,112500.0,286464,249872.06475625176,15,680,0.04942813650463748,0.09571329200116452,0.009519958999590017,2.3834602089918917
43168,6687500.0,0.0,-87500.0,262720,243879.16454190738,18,1140,0.047662648792952594,0.09055341700150166,0.009192083991365507,3.965227209002478
45408,2687500.0,0.0,12500.0,295936,247747.37140805201,16,816,0.049351561998104254,0.16512820799835026,0.008370957992156036,2.8665038339968305
48128,-4312500.0,0.0,137500.0,261632,250320.86042125386,17,969,0.04473644647299587,0.15251374999934342,0.009085750003578141,3.345588583004428
52928,-4312500.0,0.0,337500.0,207232,255269.12415497357,11,286,0.04835537183541871,0.0710535000107484,0.009042457997566089,0.9642651250032941
45728,-4312500.0,0.0,37500.0,288768,244692.26363111756,18,1140,0.044588589344886874,0.15509749999910127,0.008192875000531785,3.9253732499928446
46848,-6312500.0,0.0,87500.0,264380,243770.1601015697,18,1140,0.04691903758632224,0.13962120799988043,0.00969012500718236,3.9256216670037247
89632,-1712500.0,0.0,1862500.0,188480,240203.75279674088,4,20,0.0002743499266633751,0.06435412500286475,0.0111245419975603,0.0819019170012325
87232,-1712500.0,0.0,1762500.0,189692,239448.93219402918,4,20,0.016027510111794853,0.066090708001866,0.007475291000446305,0.061825959011912346
84832,-1712500.0,0.0,1662500.0,189823,239468.52205665456,4,20,0.016170236393745617,0.07055175000277814,0.010537666006712243,0.057990749992313795
50528,-4312500.0,0.0,237500.0,231872,259054.0687134488,15,680,0.04500017484179801,0.08495604099880438,0.009249082999303937,2.275481167001999
47552,-3712500.0,0.0,112500.0,276352,248832.95939621722,16,816,0.04833110391104879,0.10746612500224728,0.010189834007178433,2.753798875011853
46944,-3912500.0,0.0,87500.0,278784,246321.6759169561,16,816,0.04835523236907608,0.10328504200151656,0.007746917006443255,2.768698083003983
46240,-6512500.0,0.0,62500.0,275200,243293.90835345263,19,1330,0.04909185533330733,0.10383391700452194,0.009627957988413982,4.48234970800695
45152,-3712500.0,0.0,12500.0,293312,245784.7280591261,17,969,0.04964376042896408,0.1155657500057714,0.00873137499729637,3.2884693749947473
46336,-4112500.0,0.0,62500.0,283840,245200.1228493841,17,969,0.04724155270260826,0.1026790829928359,0.007041958000627346,3.300022750001517
48736,-4112500.0,0.0,162500.0,253824,254150.80362664178,17,969,0.04549856042822593,0.08903220799402334,0.010756708987173624,3.278000416001305
51744,-3912500.0,0.0,287500.0,220352,259293.65672365585,13,455,0.04661605812632298,0.0828158749936847,0.008791167012532242,1.752974458009703
48480,4487500.0,0.0,137500.0,259840,250349.78935106043,17,969,0.04450849650504641,0.09495908299868461,0.01160804099345114,3.4039122499962104
49120,5487500.0,0.0,162500.0,243904,252667.67329338653,16,816,0.04928669422115281,0.09741674999531824,0.009601208003005013,2.922723333002068
51136,-4112500.0,0.0,262500.0,226560,259971.51702348219,14,560,0.045758358887232294,0.08079379200353287,0.00811908399919048,2.037739374994999
10432,-1712500.0,0.0,-1437500.0,190192,239604.43968898602,4,20,0.015548743021267242,0.07547429199621547,0.009830750001128763,0.08213137500570156
53536,-4112500.0,0.0,362500.0,205248,255280.1882122865,11,286,0.046684984013491984,0.06855050000012852,0.010840541988727637,0.9609626250021392
8032,-1712500.0,0.0,-1537500.0,190631,239540.39239569844,4,20,0.016085451277089366,0.06661083300423343,0.007945375007693656,0.06589041599363554
12832,-1712500.0,0.0,-1337500.0,190384,239687.59743174503,4,20,0.014758363186098227,0.07625233300495893,0.011207707997527905,0.0703722909966018
68032,-1712500.0,0.0,962500.0,190964,239861.76422566222,4,20,0.022262254557373996,0.06765991699649021,0.0076293750025797635,0.0692040830035694
46080,4487500.0,0.0,37500.0,287936,246111.00859501003,18,1140,0.04708422436768994,0.10341383299964946,0.008923666988266632,4.028962583004613
65632,-1712500.0,0.0,862500.0,190900,240277.99513264475,4,20,0.032498936919102196,0.06517037500452716,0.00740537499950733,0.07688649999909103
70432,-1712500.0,0.0,1062500.0,190836,239848.92618557226,4,20,0.017724174751661437,0.06896420801058412,0.007972707986482419,0.07402408300549723
64352,-3712500.0,0.0,812500.0,191040,241238.93460413095,4,20,0.039900981276536955,0.0674297499936074,0.010037125000962988,0.08135412499541417
46720,5487500.0,0.0,62500.0,278976,244941.5235297619,18,1140,0.049064386032219666,0.1096384999982547,0.009833582997089252,4.142363416001899
61952,-3712500.0,0.0,712500.0,192256,243466.2686922473,5,35,0.04869212630304671,0.08424404100514948,0.010063291992992163,0.20155616701231338
59552,-3712500.0,0.0,612500.0,194816,246698.63229979336,9,165,0.04608946434439396,0.08782216599502135,0.006632207994698547,0.645038917005877
45120,-4512500.0,0.0,12500.0,290880,245515.39807349074,18,1140,0.04764143954771323,0.11176654200244229,0.009620708005968481,4.038689958004397
47520,-4512500.0,0.0,112500.0,269184,247923.86762599155,17,969,0.045133091181511216,0.11226029199315235,0.008836708002490923,3.4949966249987483
3360,1487500.0,0.0,-1737500.0,189928,239473.8413157406,4,20,0.016145859066198004,0.06793183299305383,0.009107791993301362,0.07569825000246055
46048,3687500.0,0.0,37500.0,290176,246818.44572712365,16,816,0.04994064989188259,0.20797866600332782,0.011989750011707656,2.8436992919887416
960,1487500.0,0.0,-1837500.0,189736,239439.75497993012,4,20,0.016062278137607727,0.07920387499325443,0.010198417003266513,0.07418379200680647
5760,1487500.0,0.0,-1637500.0,189819,239498.92075388858,4,20,0.01627156549097653,0.06751604200690053,0.007410292004351504,0.05848745899857022
49056,3887500.0,0.0,162500.0,256256,253612.5266726056,17,969,0.046086733710731374,0.16110762499738485,0.014339625005959533,3.4267902089923155
46656,3887500.0,0.0,62500.0,286656,246694.6283073326,16,816,0.04862855606935239,0.1090341660019476,0.0076537499990081415,2.7780835419980576
48448,3687500.0,0.0,137500.0,268928,250948.79622086044,17,969,0.04705251688266973,0.10616133300936781,0.008668666006997228,3.322075332995155
4576,1887500.0,0.0,-1687500.0,189843,239412.4583408901,4,20,0.0161381096837483,0.0863936669920804,0.0077601660013897344,0.07744275000004563
2176,1887500.0,0.0,-1787500.0,189578,239395.75750074335,4,20,0.01601085805502906,0.07516354200197384,0.015393249996122904,0.06471691699698567
6976,1887500.0,0.0,-1587500.0,190279,239433.99326045119,4,20,0.016183534765441796,0.07095183299679775,0.007286166000994854,0.06975733301078435
12416,2887500.0,0.0,-1362500.0,188507,239112.9625215096,4,20,0.01521090116719152,0.06613404100062326,0.010001667003962211,0.06465312500949949
10016,2887500.0,0.0,-1462500.0,188898,239109.76318233515,4,20,0.015855872048123075,0.07798820899915881,0.009517375001451,0.06546612500096671
7616,2887500.0,0.0,-1562500.0,188502,239099.09756583863,4,20,0.016055637490256944,0.06673712500196416,0.008114874988677911,0.07431983399146702
47040,-1512500.0,0.0,87500.0,295552,250349.94215016143,14,560,0.0459826132072513,0.12732245799270459,0.009393500004080124,1.9119922919926466
46304,-4912500.0,0.0,62500.0,279744,244585.11808163775,17,969,0.047620940447403774,0.10066450000158511,0.007349790990701877,3.2269597920094384
47424,-6912500.0,0.0,112500.0,254800,245705.69543261584,17,969,0.04880190873390067,0.09402025000599679,0.00809458299772814,3.3417149169981712
75136,-4112500.0,0.0,1262500.0,187264,238555.1293199398,4,20,0.014449002149164664,0.0687774999969406,0.008760499986237846,0.06997845899604727
72736,-4112500.0,0.0,1162500.0,188276,238657.99290456675,4,20,0.013879487547691867,0.06859362500836141,0.009303375001763925,0.06594758300343528
70944,-3912500.0,0.0,1087500.0,188608,238913.2522036655,4,20,0.014454969717165044,0.06640233399230056,0.008663790998980403,0.07220954100193921
47264,4087500.0,0.0,87500.0,277504,247243.0733260645,17,969,0.04657100321765821,0.11036779099958949,0.007747875002678484,3.262372458993923
48576,6887500.0,0.0,137500.0,247199,247998.23979541895,17,969,0.04612150999727708,0.08111241699953098,0.007220999992568977,3.2786756249988684
78720,-4512500.0,0.0,1412500.0,186062,238410.79403528155,4,20,0.015360259436090273,0.07456570799695328,0.012941584005602635,0.06890770800237078
81120,-4512500.0,0.0,1512500.0,186231,238449.552956835,4,20,0.015561609637930941,0.06227708300866652,0.007330541993724182,0.07085504199494608
52320,-4512500.0,0.0,312500.0,209408,256094.38625486603,12,364,0.04501574308135299,0.0778235829930054,0.0118862499948591,1.1999671250086976
45024,-6912500.0,0.0,12500.0,287168,244582.6482710474,20,1540,0.04949048906578453,0.10584658299922012,0.010154749994399026,5.231276167003671
46432,-1712500.0,0.0,62500.0,298688,248700.6645243693,13,455,0.049583146487232825,0.1104757499997504,0.009292832997743972,1.5399669160105987
49920,-4512500.0,0.0,212500.0,237136,258386.77192674176,15,680,0.049674016433873994,0.08719016700342763,0.007354415996815078,2.291082291994826
81152,-3712500.0,0.0,1512500.0,187627,238751.84042164485,4,20,0.015930329520753784,0.0710632089903811,0.008520499992300756,0.065528582999832
78752,-3712500.0,0.0,1412500.0,187743,238725.72090966857,4,20,0.01568285121906099,0.07141716699698009,0.013151459002983756,0.07360470799903851
80544,-3912500.0,0.0,1487500.0,187154,238665.30955731065,4,20,0.01584808134322478,0.06949770900246222,0.0074301250133430585,0.06601879200024996
46176,6887500.0,0.0,37500.0,282548,243299.53906558972,19,1330,0.049999820398992575,0.10175104200607166,0.01166083301359322,4.497954750011559
46624,3087500.0,0.0,62500.0,290752,247355.72902324292,16,816,0.04592649948456928,0.09937650000210851,0.0070237499894574285,2.7215027089987416
46688,4687500.0,0.0,62500.0,280512,245925.28957328215,17,969,0.04783614951568716,0.09870733400748577,0.00978529200074263,3.265261874999851
23072,-712500.0,0.0,-912500.0,190196,239756.68124989595,4,20,0.029639079151191433,0.07362508299411274,0.008785917001659982,0.08007941600226332
20672,-712500.0,0.0,-1012500.0,191092,239817.67931814422,4,20,0.023114674207037698,0.06712054100353271,0.01035291601147037,0.06741308300115634
3424,3087500.0,0.0,-1737500.0,188648,239057.78560529585,4,20,0.01587362311374468,0.0652797910006484,0.010240833988063969,0.0672257910046028
49088,4687500.0,0.0,162500.0,247168,253310.26737185,17,969,0.04431627288559695,0.10299133398802951,0.009880999990855344,3.2622973329998786
1024,3087500.0,0.0,-1837500.0,188756,239059.69097374435,4,20,0.01585798280999578,0.07170099999348167,0.009214499994413927,0.06601662498724181
5824,3087500.0,0.0,-1637500.0,188401,239027.03047285907,4,20,0.016013605053283503,0.06773824999982025,0.00970525000593625,0.06884579100005794
48032,-6712500.0,0.0,137500.0,246900,247808.16942618982,17,969,0.048025136103733976,0.09568562501226552,0.008566165997763164,3.342631250008708
41568,-3312500.0,0.0,-137500.0,272960,251827.67973559862,16,816,0.0489940718212031,0.09993037499953061,0.00935291599307675,2.7662128750089323
43968,-3312500.0,0.0,-37500.0,291584,245756.38616451994,16,816,0.048388027889429155,0.10203700000420213,0.011654207992251031,2.757818459009286
45632,-6712500.0,0.0,37500.0,282100,243131.4794863109,20,1540,0.046965744599759385,0.10085145900666248,0.007337250004638918,5.329130166006507
47232,3287500.0,0.0,87500.0,285632,247890.8777613614,16,816,0.04553388771782384,0.10331891699752305,0.011473624996142462,2.874871834006626
3232,-1712500.0,0.0,-1737500.0,189992,239476.814003792,4,20,0.016097788100174718,0.07172125000215601,0.007765125003061257,0.06106104201171547
832,-1712500.0,0.0,-1837500.0,189864,239444.10462250223,4,20,0.016015403377458423,0.07257308300177101,0.011706291013979353,0.06718195900612045
5632,-1712500.0,0.0,-1637500.0,189835,239494.7389953177,4,20,0.016222364307267628,0.06564687499485444,0.006890791992191225,0.0701684999949066
38592,-2712500.0,0.0,-262500.0,241728,268462.002381534,16,816,0.04585469876530602,0.0947744160075672,0.010222041993984021,2.8535222909995355
47936,5887500.0,0.0,112500.0,258944,246911.1189618146,18,1140,0.04465884852250361,0.08322383399354294,0.007354166998993605,4.042524374992354
40992,-2712500.0,0.0,-162500.0,275264,255898.9466476307,17,969,0.04697878566615187,0.09857583399571013,0.012368124997010455,3.326746042002924
46464,-912500.0,0.0,62500.0,304768,251521.387857138,13,455,0.04796418547929368,0.11545029099215753,0.006990042005782016,1.575782749991049
45856,-1112500.0,0.0,37500.0,304980,250343.14451744518,13,455,0.049380056795490054,0.12700858298921958,0.00956916699942667,1.6233259580039885
48256,-1112500.0,0.0,137500.0,290021,256722.47293265845,14,560,0.04823667202274035,0.11012237500108313,0.008891749996109866,2.022529249996296
45536,5887500.0,0.0,12500.0,288568,245660.04152440024,20,1540,0.04789379100698742,0.10525287500058766,0.010152916991501115,5.410234708004282
46912,-4712500.0,0.0,87500.0,273759,245497.1452777414,17,969,0.045554808297134416,0.10124391700082924,0.01387129099748563,3.4388685839949176
41024,-1912500.0,0.0,-162500.0,281296,257206.5218467298,16,816,0.04752651502677469,0.115373709006235,0.012863832991570234,2.8565682920016116
46016,2887500.0,0.0,37500.0,292916,247411.90154384437,15,680,0.049858040324498504,0.11835733300540596,0.010807166996528395,2.3773778329923516
48416,2887500.0,0.0,137500.0,277760,251685.5267021797,16,816,0.04796050564336708,0.11255866599094588,0.010164624996832572,2.8467817500059027
38624,-1912500.0,0.0,-262500.0,252480,272156.3218798099,18,1140,0.049736356076377115,0.10434287499811035,0.009253458003513515,3.964286082991748
47296,4887500.0,0.0,87500.0,273043,246347.41864271654,17,969,0.04662561907351993,0.10671716601063963,0.009687625002698041,3.3881200420000823
47904,5087500.0,0.0,112500.0,263452,247835.14615051763,17,969,0.04683457378565729,0.10388875000353437,0.009941083000740036,3.4400734579976415
43424,-1912500.0,0.0,-62500.0,299008,248234.64306924533,14,560,0.047603836372775585,0.1064025420055259,0.007782000000588596,1.9254469580046134
11072,-712500.0,0.0,-1412500.0,190068,239761.43548126798,4,20,0.015441664298135985,0.060721083005773835,0.008939500010455959,0.06706437500542961
8672,-712500.0,0.0,-1512500.0,190440,239676.08108870068,4,20,0.016155239927728268,0.07400995900388807,0.0073551249952288345,0.0715320419985801
8064,-912500.0,0.0,-1537500.0,190192,239647.66500798333,4,20,0.016234914197531626,0.07320983298995998,0.007168915995862335,0.07217391699668951
12864,-912500.0,0.0,-1337500.0,189598,239839.12890090808,4,20,0.014956481647593224,0.06723087499267422,0.008430540998233482,0.07056845800252631
10464,-912500.0,0.0,-1437500.0,190772,239725.6536154499,4,20,0.015597773026347588,0.062490624986821786,0.010796000002301298,0.0661879169929307
5792,2287500.0,0.0,-1637500.0,189234,239307.39262688902,4,20,0.01611945793988682,0.06625670799985528,0.006966333006857894,0.063325375012937
5184,2087500.0,0.0,-1662500.0,189907,239362.43743101807,4,20,0.016133190529619038,0.06605166700319387,0.0069226249906932935,0.06296287500299513
2784,2087500.0,0.0,-1762500.0,189592,239357.43519125145,4,20,0.01598833473714858,0.0624918749963399,0.007435791994794272,0.06981541699497029
384,2087500.0,0.0,-1862500.0,188480,240203.75279674088,4,20,0.0002743499266633751,0.06479120900621638,0.008416958007728681,0.07452716599800624
48096,-5112500.0,0.0,137500.0,254172,249288.72262826722,17,969,0.04556668273977109,0.0906674580037361,0.0075006249971920624,3.2863243330066325
14816,2887500.0,0.0,-1262500.0,188816,239140.34221126424,4,20,0.014298471566828305,0.06869408400962129,0.006889791999128647,0.07174149999627843
17216,2887500.0,0.0,-1162500.0,189740,239214.17691870168,4,20,0.013986110098721643,0.06789962499169633,0.009237749996827915,0.06855041699600406
8640,-1512500.0,0.0,-1512500.0,190554,239597.07042523826,4,20,0.015992746574767815,0.07218916599231306,0.008557834007660858,0.07152816599409562
11040,-1512500.0,0.0,-1412500.0,190256,239672.97203596646,4,20,0.015354874634352271,0.06805045799410436,0.008689791997312568,0.06546683299529832
45504,5087500.0,0.0,12500.0,289984,246428.56258666655,19,1330,0.04568004305767196,0.11027629100135528,0.00934037500701379,4.479547291004565
47488,-5312500.0,0.0,112500.0,261696,246998.31754642216,17,969,0.04773851040250446,0.09772787500696722,0.008652999997138977,3.2675985410023713
60480,4487500.0,0.0,637500.0,193792,246179.08706769347,8,120,0.048181714408681714,0.06971987499855459,0.008427833003224805,0.4161504999938188
45696,-5112500.0,0.0,37500.0,285696,244143.64894201796,19,1330,0.04354572979463062,0.10489912499906495,0.009094915993046016,4.530467208009213
65280,4487500.0,0.0,837500.0,189888,240901.23165406717,4,20,0.03484048148579672,0.06971675000386313,0.010516958005609922,0.07310337500530295
62880,4487500.0,0.0,737500.0,192384,243030.86699198463,5,35,0.04357533308212448,0.06382862498867325,0.01091574999736622,0.11336133300210349
5056,-1112500.0,0.0,-1662500.0,189163,239561.31046797388,4,20,0.016421174891990343,0.06520879099844024,0.009870791996945627,0.07371479200082831
2656,-1112500.0,0.0,-1762500.0,189419,239524.29368311932,4,20,0.016268507768379497,0.06896229198900983,0.0073619999893708155,0.07798149999871384
256,-1112500.0,0.0,-1862500.0,188480,240203.75279674088,4,20,0.0002743499266633751,0.07159424999554176,0.007326916995225474,0.058605167010682635
80032,-1712500.0,0.0,1462500.0,190428,239564.644508684,4,20,0.015700118646144217,0.06801566699869,0.008232125008362345,0.06487845799711067
77632,-1712500.0,0.0,1362500.0,190076,239644.49909259108,4,20,0.01493633941815302,0.06814241700340062,0.007111208004062064,0.07064312500006054
82432,-1712500.0,0.0,1562500.0,190315,239503.8812052022,4,20,0.016121262642020753,0.06836325000040233,0.01004508399637416,0.06154083399451338
45088,-5312500.0,0.0,12500.0,288896,245260.97931505914,19,1330,0.0460659394180393,0.10643212500144728,0.011140834001707844,4.510460541001521
48512,5287500.0,0.0,137500.0,252032,249636.0396462553,17,969,0.04680480718957053,0.08933395899657626,0.007731958001386374,3.276356875008787
46816,-7112500.0,0.0,87500.0,261504,243348.50076359435,17,969,0.04773569564484164,0.09069366600306239,0.009102416996029206,3.3570615830103634
47776,1887500.0,0.0,112500.0,292416,250964.44120650884,15,680,0.044033271889249034,0.11140983299992513,0.007012749993009493,2.3484080000052927
45376,1887500.0,0.0,12500.0,301824,248189.78439867485,15,680,0.04717770978385613,0.11246745901007671,0.00913158300681971,2.357958000007784
7456,-1112500.0,0.0,-1562500.0,189675,239616.12982358813,4,20,0.016291776837315503,0.06802533299196512,0.008631707998574711,0.07622966599592473
12256,-1112500.0,0.0,-1362500.0,190068,239790.11597157962,4,20,0.015022507083308817,0.0776600000099279,0.012764041995978914,0.0646270419965731
9856,-1112500.0,0.0,-1462500.0,190644,239688.34893686222,4,20,0.015749321938000473,0.08267508300195914,0.007289000001037493,0.06495845800964162
46112,5287500.0,0.0,37500.0,285504,245204.36684139597,19,1330,0.045144762792189326,0.10980500000005122,0.008393208001507446,4.599370457988698
20032,-1712500.0,0.0,-1037500.0,190724,239856.77350317824,4,20,0.01850188315603914,0.07070516599924304,0.010540457995375618,0.07045800000196323
22432,-1712500.0,0.0,-937500.0,190400,239918.44268809093,4,20,0.024025334957057793,0.06592558400006965,0.009121875002165325,0.07907391700427979
24832,-1712500.0,0.0,-837500.0,191488,240535.73547278947,4,20,0.03668945189674109,0.07047849999798927,0.009041541008627973,0.0744798749947222
62912,5287500.0,0.0,737500.0,192704,243239.0480120074,5,35,0.042823471609715426,0.08418999999412335,0.008377249992918223,0.12397704199247528
60512,5287500.0,0.0,637500.0,194944,246519.0866409393,7,84,0.049788294801631806,0.06863112500286661,0.012665750007727183,0.3116490829997929
65312,5287500.0,0.0,837500.0,190480,240970.50379903754,4,20,0.03460224831166166,0.07970516600471456,0.007064084013109095,0.06851475000439677
14176,1887500.0,0.0,-1287500.0,190388,239627.85448024483,4,20,0.014437660057683644,0.07406358400476165,0.011902500002179295,0.06788508300087415
47872,4287500.0,0.0,112500.0,271040,248639.0519584574,17,969,0.04567821877120415,0.10608779100584798,0.011515791004057974,3.324947916000383
18976,1887500.0,0.0,-1087500.0,190742,239765.44588383325,4,20,0.016454912261345503,0.07650308300799225,0.008804791999864392,0.06640470899583306
16576,1887500.0,0.0,-1187500.0,190516,239697.72631751257,4,20,0.014633497672419952,0.07361733300786,0.0073554999980842695,0.07319091699901037
9376,1887500.0,0.0,-1487500.0,190488,239486.4860787601,4,20,0.015885463824788247,0.06724679200851824,0.010493042005691677,0.06920620899472851
11776,1887500.0,0.0,-1387500.0,190312,239552.36676884917,4,20,0.015182828386424577,0.06898104099673219,0.013266875001136214,0.074513208004646
85120,5487500.0,0.0,1662500.0,186143,238302.89840517455,4,20,0.014653214003199475,0.08059883299574722,0.007711124999332242,0.06501149998803157
89920,5487500.0,0.0,1862500.0,188480,240203.75279674088,4,20,0.0002743499266633751,0.06895683299808297,0.011526125003001653,0.07112320899614133
87520,5487500.0,0.0,1762500.0,186228,238342.62421290457,4,20,0.014638767112968418,0.07527087499329355,0.009447208998608403,0.07067516700772103
17632,-1712500.0,0.0,-1137500.0,190912,239834.694135927,4,20,0.01566569506627015,0.06419004200142808,0.00966766700730659,0.07370649999938905
15232,-1712500.0,0.0,-1237500.0,190400,239767.68181780184,4,20,0.014480954367784295,0.06587325000145938,0.015106666993233375,0.07571383300819434
49184,7087500.0,0.0,162500.0,239616,251073.2746578681,16,816,0.04818208751527217,0.09544237499358132,0.008860792004270479,2.7651478329935344
51648,-6312500.0,0.0,287500.0,209024,253420.35203550052,12,364,0.047082130668037535,0.07134075000067241,0.007462333989678882,1.25906570799998
52256,-6112500.0,0.0,312500.0,205812,254193.0480814949,12,364,0.04415771258509388,0.07082550000632182,0.007554125011665747,1.2632757919927826
18240,-1512500.0,0.0,-1112500.0,190628,239895.38749092148,4,20,0.016788141016072646,0.07471604201418813,0.011026332998881117,0.0761116669891635
45472,4287500.0,0.0,12500.0,292604,247026.70171911686,18,1140,0.04658379737451408,0.10753495800599921,0.012181750003946945,3.94425100000808
15840,-1512500.0,0.0,-1212500.0,190336,239848.92381220093,4,20,0.014866526226282518,0.0698896250105463,0.012467667009332217,0.07396004199108575
13440,-1512500.0,0.0,-1312500.0,190080,239768.98581864886,4,20,0.014658986592408258,0.07132558300509118,0.01078508299542591,0.0613748749892693
23680,-512500.0,0.0,-887500.0,190480,239802.73210169695,4,20,0.032572436112906715,0.07496558300044853,0.00966883399814833,0.07405358299729414
21280,-512500.0,0.0,-987500.0,191552,239751.19223284317,4,20,0.025160924504765925,0.0771313330042176,0.010287041004630737,0.06952525000087917
18880,-512500.0,0.0,-1087500.0,191040,239933.03963370068,4,20,0.020057341072086468,0.06522083400341216,0.007992291997652501,0.06656295800348744
1632,3287500.0,0.0,-1812500.0,188660,238992.08819804215,4,20,0.015825265022818644,0.0711337920074584,0.011693207998177968,0.08198687501135282
6432,3287500.0,0.0,-1612500.0,188523,238944.26606896985,4,20,0.015998457668716853,0.0751889169914648,0.007783374996506609,0.0718698749988107
4032,3287500.0,0.0,-1712500.0,188660,238977.26122319448,4,20,0.015848465023271335,0.07193579200247768,0.009035499999299645,0.0682687919907039
46784,7087500.0,0.0,62500.0,274624,243140.5727242786,18,1140,0.049278394032938905,0.1057626249967143,0.010056707993499003,4.034194499996374
24992,2287500.0,0.0,-837500.0,191808,240704.20272540065,4,20,0.03521104538582831,0.07924866699613631,0.010084417008329183,0.07199675000447314
19584,2087500.0,0.0,-1062500.0,190900,239710.99524999975,4,20,0.01658907860728243,0.07473129199934192,0.009696250010165386,0.07006220900802873
22592,2287500.0,0.0,-937500.0,191284,239904.58446927293,4,20,0.022102607659980313,0.07211666699731722,0.009987208002712578,0.06849037499341648
20192,2287500.0,0.0,-1037500.0,191284,239668.01301903435,4,20,0.016845116481858075,0.0709026249969611,0.008862874994520098,0.07148245799180586
49856,-6112500.0,0.0,212500.0,230272,254107.61704797854,15,680,0.046901868593489195,0.09349849999125581,0.007113917003152892,2.343991667003138
21984,2087500.0,0.0,-962500.0,190900,239832.0464705476,4,20,0.020832290629874316,0.07606274999852758,0.007740250002825633,0.07447120800497942
24384,2087500.0,0.0,-862500.0,190964,240386.1374931993,4,20,0.0313075203907605,0.07152666700130794,0.009424208998098038,0.07783449999988079
53280,4487500.0,0.0,337500.0,206528,256214.41800408333,11,286,0.04867385592694998,0.0854932079964783,0.009213583005475812,1.0163311669894028
53184,2087500.0,0.0,337500.0,220160,265491.7403720429,13,455,0.044717892323839985,0.08890370899462141,0.0077448340016417205,1.6163666670036037
16608,2687500.0,0.0,-1187500.0,189876,239296.07445562916,4,20,0.014001037541654106,0.06359333300497383,0.008547874997020699,0.06771937500161584
14208,2687500.0,0.0,-1287500.0,189291,239233.30386085185,4,20,0.014454748917632133,0.06193074998736847,0.00851866700395476,0.06950591699569486
50880,4487500.0,0.0,237500.0,230196,258063.1497246138,14,560,0.04874099307161368,0.08221508300630376,0.009399417001986876,2.033864666998852
19008,2687500.0,0.0,-1087500.0,190336,239426.17430010412,4,20,0.014944680765056036,0.06961587500700261,0.009719000008772127,0.0775155829905998
53504,-4912500.0,0.0,362500.0,203456,254306.5530776017,11,286,0.04586801866457494,0.07548579199647065,0.007247208006447181,1.0667403749976074
16448,-1312500.0,0.0,-1187500.0,190580,239910.38893709084,4,20,0.015456097073679426,0.06931345899647567,0.01056037499802187,0.0716643329942599
14048,-1312500.0,0.0,-1287500.0,189752,239837.47257969278,4,20,0.01467918176455202,0.07330624999303836,0.008637332997750491,0.071866250000312
18848,-1312500.0,0.0,-1087500.0,191124,239925.20563539298,4,20,0.01808068773439752,0.07174775000021327,0.008603709007729776,0.07636020900099538
51104,-4912500.0,0.0,262500.0,219776,256556.60016926227,13,455,0.04821940941574432,0.08342725000693463,0.010306291995220818,1.6011589169938816
52608,2687500.0,0.0,312500.0,225600,263160.65176655306,13,455,0.047199673909299,0.08772866700019222,0.00885829099570401,1.5876845000020694
48832,-1712500.0,0.0,162500.0,280960,257727.28279669626,15,680,0.048713152266410334,0.10954033301095478,0.011316542004351504,2.3385967500071274
50784,2087500.0,0.0,237500.0,258944,265933.3464521172,19,1330,0.04792630262463934,0.10311254099360667,0.009083457989618182,4.733806417003507
48704,-4912500.0,0.0,162500.0,246400,253119.83767665166,17,969,0.04462494371483395,0.08612991699192207,0.012046584000927396,3.4901028750027763
53920,5487500.0,0.0,362500.0,202487,255858.75694808518,11,286,0.046554372723742396,0.07681516699085478,0.010943834000499919,1.0102540840016445
54048,-6312500.0,0.0,387500.0,201259,254150.10118368972,11,286,0.04581015560097507,0.10561645899724681,0.015179583002463914,1.021513458006666
51520,5487500.0,0.0,262500.0,218752,256255.67218610138,13,455,0.04752033193010692,0.08397716699982993,0.00870299999951385,1.6000387079984648
51232,-1712500.0,0.0,262500.0,254592,272812.2629128707,19,1330,0.049723309197893965,0.0961382919922471,0.013376125003560446,4.690647082999931
50208,2687500.0,0.0,212500.0,258240,261051.01853119416,18,1140,0.04752265150808723,0.09476266699493863,0.007362000003922731,4.247239374992205
53440,-6512500.0,0.0,362500.0,201962,254596.4323196263,11,286,0.04640868625870206,0.07714683300582692,0.00786804199742619,1.1667987919936422
16480,-512500.0,0.0,-1187500.0,190960,239967.06498592335,4,20,0.016438750397773906,0.06522004101134371,0.007926708000013605,0.07241758299642242
14080,-512500.0,0.0,-1287500.0,190348,239909.136004978,4,20,0.015048520820406594,0.06875958300952334,0.008758416995988227,0.06866341599379666
23648,-1312500.0,0.0,-887500.0,190900,240001.8752562331,4,20,0.030260986594112582,0.07356900000013411,0.008982665996882133,0.07012137499987148
21248,-1312500.0,0.0,-987500.0,190772,239840.48016730603,4,20,0.022247604206339214,0.0654039590008324,0.011562582993065007,0.06658995899488218
17824,3087500.0,0.0,-1137500.0,189660,239151.23918942822,4,20,0.014079509696611864,0.07099479199678171,0.007499792001908645,0.0771378750068834
57120,-4512500.0,0.0,512500.0,196864,250691.80439578483,11,286,0.047043705115861145,0.08517629200650845,0.01034208299824968,0.9907909579924308
54720,-4512500.0,0.0,412500.0,200768,253519.38960267033,11,286,0.04490037606969597,0.07746495900209993,0.01624870799423661,0.9887108339898987
15424,3087500.0,0.0,-1237500.0,189364,239048.06714291914,4,20,0.014162579088212036,0.06290699999954086,0.0081801659980556,0.07081304199527949
51040,-6512500.0,0.0,262500.0,214656,253834.8583115138,13,455,0.04524966432148551,0.21416887499799486,0.011458082997705787,1.6160850419983035
28000,2487500.0,0.0,-712500.0,193216,243125.19687530675,6,56,0.04740982614085577,0.07831804199668113,0.008227124999393709,0.1943845419882564
48640,-6512500.0,0.0,162500.0,240960,251199.41706812597,17,969,0.04645673324324442,0.11469324999779928,0.007865749998018146,3.5730067910044454
25600,2487500.0,0.0,-812500.0,192128,241082.87342210332,4,20,0.040125484654050296,0.07110100000863895,0.008203457997296937,0.07128304100479
49248,-6312500.0,0.0,187500.0,234536,252400.67209952086,16,816,0.04574125910117173,0.0890381659992272,0.008790749998297542,3.0110097500000848
30400,2487500.0,0.0,-612500.0,195072,246524.15552241405,9,165,0.046486650752771176,0.07737574999919161,0.010566083001322113,0.5878092079947237
27392,2287500.0,0.0,-737500.0,192832,242446.73209595945,5,35,0.045933286309033705,0.07426220799970906,0.007501292013330385,0.13436954200733453
29792,2287500.0,0.0,-637500.0,194944,245554.75370210776,8,120,0.04852171263145248,0.06741020901245065,0.01034187500772532,0.4012207499908982
54016,-7112500.0,0.0,387500.0,201660,254610.37317745533,11,286,0.045651368074916925,0.0655824580026092,0.011955458001466468,0.9550144999957411
52032,3287500.0,0.0,287500.0,226752,261137.83305508894,13,455,0.049163799348295595,0.08350229100324214,0.0106467919977149,1.5532453750056447
52896,-5112500.0,0.0,337500.0,205175,254058.78135770213,11,286,0.04703012414718959,0.07003750000149012,0.010697208999772556,0.9689761670015287
51616,-7112500.0,0.0,287500.0,208896,253547.46974695427,12,364,0.0456332964607489,0.07113012499758042,0.008901792010874487,1.2506752499903087
6880,-512500.0,0.0,-1587500.0,189927,239626.83144735429,4,20,0.016577253569510425,0.07766675000311807,0.007382665993645787,0.07271991598827299
4480,-512500.0,0.0,-1687500.0,189419,239565.67003628472,4,20,0.01666071411972453,0.07242466701427475,0.010655833990313113,0.07507404198986478
2080,-512500.0,0.0,-1787500.0,189051,239526.9648535638,4,20,0.016482262504622012,0.06281083301291801,0.008631874996353872,0.07198337498994078
52288,-5312500.0,0.0,312500.0,207104,254584.15751259553,12,364,0.04390001140291916,0.07121158299560193,0.0077339159906841815,1.2757331659959164
49216,-7112500.0,0.0,187500.0,233460,251877.16006645458,15,680,0.046246385678745325,0.07970754100824706,0.007205957997939549,2.3206319169985363
34432,-1712500.0,0.0,-437500.0,206156,259877.82808522435,10,220,0.04768043730426884,0.08598329100641422,0.0071412079996662214,0.7951837919972604
49632,3287500.0,0.0,187500.0,256576,256966.45827679322,17,969,0.04815922485494254,0.09346591700159479,0.008904542002710514,3.2937147919874405
10624,3087500.0,0.0,-1437500.0,188715,239020.69036265337,4,20,0.015777766949514962,0.06096612500550691,0.01048508399981074,0.07333695799752604
8224,3087500.0,0.0,-1537500.0,188904,239020.89273188706,4,20,0.016029400561205484,0.0764799999888055,0.015273500001057982,0.06968033401062712
13024,3087500.0,0.0,-1337500.0,188288,239016.38283838736,4,20,0.015049513079320866,0.07421237499511335,0.007257250006659888,0.07749991700984538
50496,-5112500.0,0.0,237500.0,226408,255804.6376568426,14,560,0.04557878080250831,0.07562658299866598,0.010656584010575898,1.9690747499989811
32032,-1712500.0,0.0,-537500.0,195136,251328.44114094952,10,220,0.046599072898620086,0.07317779200093355,0.00794316599785816,0.7738366249977844
49888,-5312500.0,0.0,212500.0,233344,255873.38954581745,15,680,0.047688806087444635,0.087114833004307,0.007384167009149678,2.3586411669966765
53984,7087500.0,0.0,362500.0,202768,255327.18565777128,11,286,0.04576553419658971,0.07501787500223145,0.008550832993933,0.9664689589990303
36832,-1712500.0,0.0,-337500.0,225984,271561.40490286896,13,455,0.04664129042149619,0.0852361249999376,0.008472208995954134,1.6027800000010757
51584,7087500.0,0.0,262500.0,213120,254224.06212525902,13,455,0.04266674083610298,0.08675750000111293,0.013900707999709994,1.5476373330020579
44640,-1512500.0,0.0,-12500.0,300992,248863.57165683492,14,560,0.04881159754048009,0.10695400000258815,0.007067291007842869,1.9020811660011532
42240,-1512500.0,0.0,-112500.0,291584,252329.6260252864,14,560,0.04760864732195994,0.1085909170069499,0.006979625002713874,1.9099941669992404
52224,-6912500.0,0.0,312500.0,204980,254404.24540375464,11,286,0.048659807027119535,0.07369958399794996,0.009660666008130647,0.9627628750022268
11680,-512500.0,0.0,-1387500.0,190380,239793.57005092612,4,20,0.015286731605783274,0.06713645899435505,0.00737904199922923,0.07413499998801854
9280,-512500.0,0.0,-1487500.0,190959,239698.77960951082,4,20,0.01601758559220617,0.06653033399197739,0.010433832998387516,0.07066220800334122
49824,-6912500.0,0.0,212500.0,228480,253372.1962813571,15,680,0.04350541277599643,0.07499949999328237,0.008201624994399026,2.3984600840049097
44064,-912500.0,0.0,-37500.0,307840,251181.15799760027,13,455,0.04921570843828321,0.1189157500048168,0.009957292000763118,1.5764312499959487
41056,-1112500.0,0.0,-162500.0,285247,259853.9474118699,15,680,0.045023848239794224,0.10160408400406595,0.010549500002525747,2.3296675000019604
43456,-1112500.0,0.0,-62500.0,302592,250683.82226956933,13,455,0.04814525351300264,0.11946145800175145,0.009118208996369503,1.5946569579973584
41664,-912500.0,0.0,-137500.0,290560,257486.91262198047,14,560,0.04758435725351317,0.10421120900718961,0.008263290990726091,1.9126611670071725
53216,2887500.0,0.0,337500.0,215042,260054.42660513596,12,364,0.04676226506709304,0.07137637501000427,0.01061045798996929,1.2968269999983022
48864,-912500.0,0.0,162500.0,286464,260757.18194600067,15,680,0.0449379544684764,0.10867737499938812,0.007948416998260655,2.406008916994324
52096,4887500.0,0.0,287500.0,214400,256550.20449460042,12,364,0.04747721384550598,0.07151729200268164,0.00739004100614693,1.2514413750031963
50816,2887500.0,0.0,237500.0,245504,263210.54994496086,16,816,0.0477070729131791,0.09643562500423286,0.009641959011787549,2.8394043750013225
49696,4887500.0,0.0,187500.0,239604,255323.15279207696,16,816,0.04702681015042353,0.08851379199768417,0.00841720899916254,2.8239570000005187
52704,5087500.0,0.0,312500.0,208768,256476.93705965855,12,364,0.04473108733988073,0.07503858300333377,0.008908624993637204,1.2590488330024527
51264,-912500.0,0.0,262500.0,261440,275700.8469452507,19,1330,0.04945260500898598,0.09062437500688247,0.006993459013756365,4.6839866250084015
50656,-1112500.0,0.0,237500.0,267810,271991.27315426397,18,1140,0.048980504877944406,0.10298137500649318,0.007730915996944532,3.909496250009397
54496,4887500.0,0.0,387500.0,201664,255194.57171564587,11,286,0.045565660830845275,0.07607166699017398,0.011299749996396713,0.9763130000064848
10496,-112500.0,0.0,-1437500.0,191168,239740.12895038925,4,20,0.015724679942360247,0.07127875000878703,0.007853292001527734,0.06641283299541101
8096,-112500.0,0.0,-1537500.0,191019,239662.51563337786,4,20,0.016417752748618012,0.06586558300477918,0.00840241699188482,0.05792916700011119
52768,6687500.0,0.0,312500.0,204980,255243.01404152933,11,286,0.04964715727232166,0.07930020800267812,0.012799915988580324,0.9630522079969523
12896,-112500.0,0.0,-1337500.0,190620,239851.4239286755,4,20,0.015152667967321287,0.06539670900383499,0.01051141700008884,0.06932749999396037
53472,-5712500.0,0.0,362500.0,201781,254232.70214975486,11,286,0.04605330376525359,0.0752457499911543,0.009241958992788568,0.9783718329999829
12384,2087500.0,0.0,-1362500.0,189980,239494.45261263367,4,20,0.014970810718052138,0.06475199999113102,0.008272459002910182,0.0710362499958137
7584,2087500.0,0.0,-1562500.0,190111,239386.68295509272,4,20,0.016128863313857593,0.07257762500375975,0.007636000009370036,0.07031262500095181
9984,2087500.0,0.0,-1462500.0,190236,239435.54883143163,4,20,0.01575049487344364,0.07468512500054203,0.00751420900633093,0.0725835420016665
50304,5087500.0,0.0,212500.0,233984,256739.49576957215,15,680,0.04831509193752754,0.08489641699998174,0.008620499997050501,2.329883874990628
51072,-5712500.0,0.0,262500.0,218112,254576.11348510903,13,455,0.04644092086931716,0.08233900000050198,0.009834541997406632,1.5057337080070283
50368,6687500.0,0.0,212500.0,228864,254007.70740573437,15,680,0.04482513112493878,0.08768116700230166,0.009253874988644384,2.3061292499915
52064,4087500.0,0.0,287500.0,218816,258210.84518549262,13,455,0.045648228304035254,0.08234983299917076,0.00943291599105578,1.5915485000004992
49440,-1512500.0,0.0,187500.0,278144,262374.78391569166,16,816,0.04915108876648254,0.11034412500157487,0.00855287499143742,2.8436269170051673
51424,3087500.0,0.0,262500.0,236032,263062.5405574665,15,680,0.04617025691385213,0.08594483400520403,0.012323457995080389,2.367088667000644
23232,3287500.0,0.0,-912500.0,190656,239955.6797091925,4,20,0.02389219316440242,0.06623995800327975,0.00950229199952446,0.0655302910017781
51840,-1512500.0,0.0,287500.0,246400,275116.9131739347,17,969,0.04827994069053626,0.07936141699610744,0.007338833005633205,3.4000760419876315
20832,3287500.0,0.0,-1012500.0,190196,239375.50880978524,4,20,0.01659503970939835,0.06656070800090674,0.0116256670007715,0.07203883399779443
23040,-1512500.0,0.0,-912500.0,190392,239953.9244686304,4,20,0.027011402685065137,0.07024920800176915,0.013277791003929451,0.06490958400536329
20640,-1512500.0,0.0,-1012500.0,190856,239866.68100824615,4,20,0.020276843307077935,0.06999849999556318,0.007100415998138487,0.06982170799165033
49024,3087500.0,0.0,162500.0,268992,253940.83674477536,17,969,0.048208077209950864,0.09434145799605176,0.007995749998372048,3.3883185000013327
15392,2287500.0,0.0,-1237500.0,189876,239473.3969605373,4,20,0.014163316445235746,0.07597383299435023,0.008012292004423216,0.06967441701272037
52736,5887500.0,0.0,312500.0,206455,255851.13159990855,12,364,0.04477958123219047,0.08140158400055952,0.010730624999268912,1.2689662499906262
14784,2087500.0,0.0,-1262500.0,190180,239555.0238139214,4,20,0.014287751596540967,0.06870758401055355,0.009598250006092712,0.06562475000100676
17184,2087500.0,0.0,-1162500.0,190516,239628.62778930747,4,20,0.014630053564493484,0.07653900000150315,0.007887250001658686,0.06696258300507907
18272,-712500.0,0.0,-1112500.0,190852,239959.94984710836,4,20,0.01857646641624314,0.07145674999628682,0.006841458001872525,0.07272825000109151
49664,4087500.0,0.0,187500.0,244992,256293.53358377438,17,969,0.04293716280698406,0.0820997919945512,0.007509707997087389,3.344128124997951
15872,-712500.0,0.0,-1212500.0,190439,239958.12167419645,4,20,0.015715264993745395,0.0739653329947032,0.008844208001391962,0.07209795800736174
13472,-712500.0,0.0,-1312500.0,189364,239878.4223069699,4,20,0.014945351851798377,0.0673302499926649,0.008913208002923056,0.06385620799846947
50336,5887500.0,0.0,212500.0,230784,255226.8661666588,15,680,0.047562014361539,0.07467612499021925,0.013357208998058923,2.325415375002194
53408,-7312500.0,0.0,362500.0,203124,255034.99142165613,11,286,0.04523627433318783,0.06738220898841973,0.007006625004578382,0.9770113330014283
52128,5687500.0,0.0,287500.0,211648,255448.9087023683,12,364,0.04728422929489489,0.0675467499968363,0.008874625011230819,1.2472384169959696
52448,-1312500.0,0.0,312500.0,240064,275664.1136049414,15,680,0.046953590389380226,0.08400566699856427,0.007570041998405941,2.3381779589981306
1440,-1512500.0,0.0,-1812500.0,189819,239470.5455443162,4,20,0.01605090849086454,0.06286262499634176,0.007748832998913713,0.06266062500071712
6240,-1512500.0,0.0,-1612500.0,189963,239539.47350537902,4,20,0.016256224316211272,0.07548141700681299,0.010891209007240832,0.06822629200178199
51008,-7312500.0,0.0,262500.0,213056,253863.78959457943,12,364,0.04965750667754788,0.08074949998990633,0.008378333994187415,1.2551542080036597
3840,-1512500.0,0.0,-1712500.0,189855,239509.09025111768,4,20,0.016165732231188907,0.07976200000848621,0.007354291999945417,0.06672491700737737
57728,-4312500.0,0.0,537500.0,195456,249673.16093766654,10,220,0.048636377944255856,0.06985187499958556,0.0073598750022938475,0.7691922080121003
87840,-1512500.0,0.0,1787500.0,189839,239472.13681600304,4,20,0.016040909958546058,0.07008387500536628,0.008191374989110045,0.06951645801018458
85440,-1512500.0,0.0,1687500.0,189775,239500.2149006184,4,20,0.01618261557999735,0.06494599999859929,0.008515416993759573,0.07713641600275878
83040,-1512500.0,0.0,1587500.0,189979,239533.26777709622,4,20,0.016203074765291748,0.060208166993106715,0.006820999988121912,0.07248116699338425
22496,-112500.0,0.0,-937500.0,190464,239663.19812569185,4,20,0.02942701671369038,0.0736900420015445,0.007619208001415245,0.05867670899897348
24896,-112500.0,0.0,-837500.0,189376,240142.77646525594,4,20,0.040016342105276104,0.06950087498989888,0.00718274999235291,0.07141341600799933
20096,-112500.0,0.0,-1037500.0,191232,239835.29913547845,4,20,0.02334288676146088,0.06869129098777194,0.007182040993939154,0.07057045800320338
55328,-4312500.0,0.0,437500.0,200056,252722.86651459965,11,286,0.045395648079050555,0.07007162499940023,0.010475624992977828,0.9600265000044601
50048,-1312500.0,0.0,212500.0,274752,266973.3087481434,17,969,0.047430869905074786,0.10715279100986663,0.009323499994934537,3.303072249997058
49728,5687500.0,0.0,187500.0,237751,254031.98919912486,16,816,0.0453371891547379,0.0830108329973882,0.007683792005991563,2.8414372080005705
53792,2287500.0,0.0,362500.0,214208,261681.4154305694,12,364,0.04503460079976405,0.07095637499878649,0.0075489580049179494,1.2379741669865325
52000,2487500.0,0.0,287500.0,236736,265911.22994391836,14,560,0.04954976948480361,0.08300250000320375,0.009629375010263175,1.9034648340020794
51488,4687500.0,0.0,262500.0,222464,257761.96276016216,13,455,0.04934335739789776,0.08602020799298771,0.007628666993696243,1.5564735829975689
53888,4687500.0,0.0,362500.0,204032,255973.3734483819,11,286,0.04668019254360216,0.07531641599780414,0.009331624998594634,0.978374915997847
48992,2287500.0,0.0,162500.0,280064,254917.085982546,16,816,0.04886242779465565,0.10903433299972676,0.007370874998741783,2.8225780829961877
51392,2287500.0,0.0,262500.0,246592,267150.4434086642,16,816,0.0477292342812906,0.08799679200456012,0.007104582997271791,2.8250224999937927
36544,6087500.0,0.0,-362500.0,201972,255303.79414296165,11,286,0.04687984054037959,0.0695169169921428,0.009028917003888637,1.0047588750021532
37152,6287500.0,0.0,-337500.0,202527,254994.69007433398,11,286,0.04746473640738507,0.06887966700014658,0.009520624997094274,0.9720662920008181
49600,2487500.0,0.0,187500.0,270656,257873.958064099,18,1140,0.04690822149013693,0.09576475000358187,0.009107084013521671,3.8549755839922
39552,6287500.0,0.0,-237500.0,220224,254224.25840859817,14,560,0.04560264667876816,0.07352008299494628,0.007547000001068227,1.8824083340005018
60736,-4112500.0,0.0,662500.0,193460,245133.52669441796,7,84,0.046783316665630834,0.06332154100527987,0.010525040997890756,0.2633574170031352
63136,-4112500.0,0.0,762500.0,191744,242331.33607580597,5,35,0.0395845593422756,0.07016708399169147,0.009348666993901134,0.12116983300074935
38944,6087500.0,0.0,-262500.0,216640,255256.21346445495,13,455,0.04666108836758175,0.07432841700210702,0.010997667006449774,1.5424438329937402
63744,-3912500.0,0.0,787500.0,191424,241743.21211659958,4,20,0.04530360978707029,0.06451437500072643,0.009113791995332576,0.0716841670073336
52352,-3712500.0,0.0,312500.0,214784,259277.0992760387,12,364,0.04830601271237265,0.07930891599971801,0.00883458300086204,1.2896560419903835
61344,-3912500.0,0.0,687500.0,193220,244253.5621479422,7,84,0.04304484222806347,0.06244787501054816,0.007171416989876889,0.3115327500127023
11232,3287500.0,0.0,-1412500.0,188502,238926.54950139188,4,20,0.015658181870235478,0.08118312500300817,0.012684457993600518,0.06984141599969007
8832,3287500.0,0.0,-1512500.0,188203,238939.32651554162,4,20,0.015978456165351682,0.08657200000016019,0.008733041991945356,0.0669087089918321
33280,-512500.0,0.0,-487500.0,202549,259052.41129813984,10,220,0.04564794927650067,0.06593529200472403,0.007426083000609651,0.7854168339981697
35680,-512500.0,0.0,-387500.0,218780,272163.5529445246,11,286,0.04670475646006858,0.06885270899510942,0.007818707992555574,1.0180135830014478
49344,-3912500.0,0.0,187500.0,248064,257514.52377746452,17,969,0.044294372246201315,0.09096795800724067,0.008898624990251847,3.3076740830001654
52640,3487500.0,0.0,312500.0,216192,259289.0492685466,12,364,0.048920856524317984,0.07498520899389405,0.007216083002276719,1.2720427909953287
49952,-3712500.0,0.0,212500.0,243456,261175.72515432636,16,816,0.04984648068705703,0.08310412499122322,0.011710832986864261,2.8226302080001915
53312,5287500.0,0.0,337500.0,204598,255772.61923443922,11,286,0.047815982236796936,0.06999295800051186,0.013294999997015111,0.9876620420109248
58880,-5512500.0,0.0,587500.0,196020,248426.39878184028,9,165,0.04761845786561769,0.0722585839976091,0.010610083001665771,0.5735208749974845
50912,5287500.0,0.0,237500.0,226036,256144.74391133833,14,560,0.0456674819123355,0.07881316699786112,0.007313500012969598,1.882531832990935
56480,-5512500.0,0.0,487500.0,197099,251934.78794101407,11,286,0.04709226160155076,0.07848595899122301,0.008960791004938073,0.9923122089967364
54080,-5512500.0,0.0,387500.0,200640,253727.78105261028,11,286,0.044978153294847306,0.07163541699992493,0.009114790998864919,0.9824479160015471
69248,-1312500.0,0.0,1012500.0,190848,239861.98796823644,4,20,0.021027175316560846,0.07549329100584146,0.009149750010692514,0.0752422499936074
66848,-1312500.0,0.0,912500.0,190644,239889.72043285417,4,20,0.02768540177369324,0.07727512498968281,0.009321374993305653,0.07067429101152811
50240,3487500.0,0.0,212500.0,246464,259740.86919111808,16,816,0.04939208662110649,0.09136762500565965,0.007295999996131286,2.791896957991412
42880,-512500.0,0.0,-87500.0,304000,254520.08120504906,13,455,0.04920053086618363,0.10671675000048708,0.009309792003477924,1.5850918750074925
58048,3687500.0,0.0,537500.0,195959,249706.82747964808,10,220,0.04864950055514772,0.06887541699688882,0.008672292009578086,0.7702730000019073
55648,3687500.0,0.0,437500.0,200640,253641.9097557334,11,286,0.0445221454837058,0.0744692500011297,0.013160540998796932,1.0111891669948818
43488,-312500.0,0.0,-62500.0,309824,254157.06886337872,13,455,0.04852442540165911,0.11968595899816137,0.00941629100998398,1.5789430000004359
73984,-2912500.0,0.0,1212500.0,189448,239155.63149651038,4,20,0.014025418412684296,0.06859687500400469,0.008353625002200715,0.06831762500223704
71584,-2912500.0,0.0,1112500.0,189632,239282.49704746486,4,20,0.014417021724947455,0.07464291699579917,0.007425291012623347,0.0671989999973448
76384,-2912500.0,0.0,1312500.0,188583,239106.26087961043,4,20,0.014767241606603018,0.06751545899896882,0.010268291996908374,0.07989158300915733
44096,-112500.0,0.0,-37500.0,312512,254250.2266800983,14,560,0.0436293708544887,0.11466329199902248,0.0071976669860305265,1.9566044590028469
41696,-112500.0,0.0,-137500.0,294016,260848.71696381614,14,560,0.0476903177651683,0.11695666699961293,0.006903832996613346,1.9751361249946058
58656,3887500.0,0.0,562500.0,195088,248810.88333640515,10,220,0.04757897311215232,0.07185620800009929,0.008605125010944903,0.7743405840010382
41088,-312500.0,0.0,-162500.0,287680,263497.29422151076,15,680,0.04468745077057205,0.10406154100201093,0.007454665988916531,2.329660875009722
87776,-3112500.0,0.0,1787500.0,188712,239058.43733633007,4,20,0.01585963809890123,0.0712719580042176,0.009429500001715496,0.05842020901036449
56256,3887500.0,0.0,462500.0,198720,252895.33968523185,11,286,0.04597745846745216,0.06720175000373274,0.011183458002051339,0.9736326250131242
85376,-3112500.0,0.0,1687500.0,188521,239035.55685271774,4,20,0.01593898178541576,0.07485000000451691,0.010283374998834915,0.07038841700705234
58848,-6312500.0,0.0,587500.0,196336,248709.33494750425,9,165,0.04671827870388409,0.06423358399479184,0.009081917000003159,0.5377116250019753
82976,-3112500.0,0.0,1587500.0,188583,239009.37543611738,4,20,0.016048049912216204,0.0685137500113342,0.008518916001776233,0.06906858300499152
5088,-312500.0,0.0,-1662500.0,189611,239574.50066314903,4,20,0.01675187376867711,0.06254645799344871,0.0070516660052817315,0.07264829099585768
2688,-312500.0,0.0,-1762500.0,189495,239531.7604103692,4,20,0.01658296216952861,0.0679553750087507,0.01137495799048338,0.060793750002630986
288,-312500.0,0.0,-1862500.0,188480,240203.75279674088,4,20,0.0002743499266633751,0.0640994999994291,0.006865499992272817,0.06568912499642465
992,2287500.0,0.0,-1837500.0,189260,239293.76659458855,4,20,0.01593765538022194,0.06991000000562053,0.010252207997837104,0.06639233299938496
6400,2487500.0,0.0,-1612500.0,189215,239243.77293893642,4,20,0.016087784095591785,0.06762266698933672,0.006926000001840293,0.06688083399785683
4000,2487500.0,0.0,-1712500.0,189096,239251.2836824378,4,20,0.015963655295182837,0.06873770800302736,0.007099499998730607,0.06767699999909382
1600,2487500.0,0.0,-1812500.0,188892,239241.78614347827,4,20,0.015894053688002827,0.06558450000011362,0.009076542002731003,0.07299954199697822
58240,-6512500.0,0.0,562500.0,197632,249744.4654505801,10,220,0.04656528957169561,0.06676566699752584,0.009776749997399747,0.7685502499953145
3392,2287500.0,0.0,-1737500.0,189428,239312.33473506707,4,20,0.01599482581546742,0.06579183299618308,0.011462499998742715,0.07442679199448321
77024,-1912500.0,0.0,1337500.0,190224,239594.3605887411,4,20,0.014731135303541235,0.06319612500374205,0.008362958003999665,0.07548245799262077
74624,-1912500.0,0.0,1237500.0,190324,239671.4642397536,4,20,0.014328467537947307,0.07494437501009088,0.007394291998934932,0.07979337500000838
72224,-1912500.0,0.0,1137500.0,190708,239748.1419943993,4,20,0.01529362212186105,0.07572491599421483,0.007412959006614983,0.08258970899623819
56448,-6312500.0,0.0,487500.0,197108,252356.637830746,11,286,0.04667375596348592,0.07347441700403579,0.009025749997817911,1.0184362080035498
64032,3287500.0,0.0,787500.0,191744,241650.5844558324,4,20,0.04544773131110453,0.08550958300475031,0.012211082997964695,0.06655704199511092
55840,-6512500.0,0.0,462500.0,198224,253254.95801886026,11,286,0.047047801512585696,0.07571820900193416,0.011583707993850112,0.9918083750089863
61632,3287500.0,0.0,687500.0,192768,244039.28195562182,7,84,0.04310612036128984,0.09020104100636672,0.00997983300476335,0.311526417004643
59424,-6912500.0,0.0,612500.0,196352,247861.22832271628,8,120,0.049549142495408684,0.07883729200693779,0.008171457986463793,0.4314736670057755
56032,-1712500.0,0.0,462500.0,202368,257396.00579673037,10,220,0.04769330050068413,0.07941737500368617,0.0074728329927893355,0.8587720419891411
58432,-1712500.0,0.0,562500.0,193984,249714.50968128745,10,220,0.04543829105416737,0.07600549999915529,0.010461915997439064,0.8196814580005594
57024,-6912500.0,0.0,512500.0,197559,251766.16614077523,10,220,0.04884675832934221,0.07334075000835583,0.008663624990731478,0.8575100419984665
64320,-4512500.0,0.0,812500.0,190528,241340.75361581775,4,20,0.039654403805846374,0.07913129199005198,0.01020845799939707,0.07319958398875315
61920,-4512500.0,0.0,712500.0,192832,243730.84506977725,5,35,0.0479631742789476,0.07694004199584015,0.007551875009085052,0.12864349999290425
17088,-312500.0,0.0,-1162500.0,191168,239971.26780222938,4,20,0.017389410395011094,0.07170804199995473,0.00808166699425783,0.06880791700677946
14688,-312500.0,0.0,-1262500.0,190720,239932.27458022744,4,20,0.01531498392784024,0.06873929100402165,0.0076049580093240365,0.1056542080041254
59520,-4512500.0,0.0,612500.0,194192,247053.6037781865,9,165,0.04521500313821071,0.07425575000524987,0.00716649999958463,0.6690187500062166
54624,-6912500.0,0.0,412500.0,200565,254498.59791170908,11,286,0.04628993443253966,0.07581241699517705,0.010665583991794847,1.1114135839889059
53632,-1712500.0,0.0,362500.0,219664,268803.7446614659,12,364,0.04714727921792844,0.08832708299451042,0.010368208997533657,1.4800982499873498
62848,3687500.0,0.0,737500.0,192384,242805.36202372602,5,35,0.043940864494888474,0.07988674999796785,0.010536166999372654,0.1324207919969922
55584,2087500.0,0.0,437500.0,203280,256464.6976406888,10,220,0.04760329867345098,0.08215854100126307,0.011659083000267856,0.8968677079974441
58592,2287500.0,0.0,562500.0,195200,248778.84429448462,10,220,0.045942988852932895,0.08897879200230818,0.011545834000571631,0.9376547499996377
60448,3687500.0,0.0,637500.0,193744,245818.01299740883,8,120,0.0487862339950023,0.09136958299495745,0.008130249989335425,0.5909497499960708
65248,3687500.0,0.0,837500.0,190336,240852.2585337172,4,20,0.03502831458763432,0.09807233299943618,0.0076514579996000975,0.08763100000214763
57984,2087500.0,0.0,537500.0,195520,250221.9700093531,10,220,0.047516444309307314,0.0941147080011433,0.010082542008603923,0.9308248339948477
63456,3887500.0,0.0,762500.0,191808,242275.79532513703,5,35,0.03968672506886164,0.07383491699874867,0.009051125001860783,0.11560537500190549
61056,3887500.0,0.0,662500.0,193588,245046.89272134285,7,84,0.046956057224598155,0.08429137499479111,0.01064487500116229,0.3004682080063503
58176,6887500.0,0.0,537500.0,197751,250881.99161481662,10,220,0.04785388588423626,0.07914041599724442,0.011508208001032472,0.8370497089927085
47648,-1312500.0,0.0,112500.0,292992,253054.01349818258,14,560,0.04633376758414724,0.13073954101128038,0.0341153339977609,2.21677099999215
45248,-1312500.0,0.0,12500.0,303936,249495.15567540668,14,560,0.04802544227477366,0.17148229200392962,0.007900708995293826,2.189817790989764
57664,-5912500.0,0.0,537500.0,197172,250463.72289589525,10,220,0.04829115138328423,0.08660937499371357,0.00858445800258778,0.7700075410102727
17696,-112500.0,0.0,-1137500.0,191424,239963.56903652544,4,20,0.018450652799598885,0.07501637500536162,0.008819958995445631,0.08778920800250489
55776,6887500.0,0.0,437500.0,199839,254257.45968774747,11,286,0.04661602919969709,0.07597674999851733,0.008893874997738749,1.0595839159941534
15296,-112500.0,0.0,-1237500.0,191296,239948.44728246174,4,20,0.01570476385316841,0.0699353750096634,0.009692833002191037,0.0758914170000935
55264,-5912500.0,0.0,437500.0,199095,253365.16641539673,11,286,0.04641598679831402,0.07242716700420715,0.007799958999385126,1.0010542919917498
57280,-512500.0,0.0,512500.0,200176,256291.6986798097,9,165,0.049920026465255944,0.07228416699217632,0.0076543750037672,0.6345401669968851
59200,2487500.0,0.0,587500.0,195895,247507.40426654622,9,165,0.049798602933668515,0.0733767909987364,0.009193083009449765,0.5612990829977207
54880,-512500.0,0.0,412500.0,215552,268673.936321702,11,286,0.043047157967569076,0.09393874999659602,0.008288124998216517,1.0346874579990981
56192,2287500.0,0.0,462500.0,199616,254216.4529290217,10,220,0.049115938178655595,0.07855074999679346,0.007498999999370426,0.8423178749944782
64128,5687500.0,0.0,787500.0,191412,242033.91269166683,4,20,0.044146075566588255,0.07505349999701139,0.007714250008575618,0.06822670799738262
61728,5687500.0,0.0,687500.0,194676,244859.75840255094,6,56,0.04853370709338523,0.06318683401332237,0.010312791011529043,0.19870737499149982
56800,2487500.0,0.0,487500.0,198080,252281.4666031154,10,220,0.04970962475458466,0.07111179099592846,0.008234667009674013,0.792008624994196
54400,2487500.0,0.0,387500.0,209536,258361.4087057474,11,286,0.04647832168042823,0.07690637500490993,0.007415208005113527,1.0148059169878252
45888,-312500.0,0.0,37500.0,311744,253784.35015853686,13,455,0.049947155094592584,0.11093766700651031,0.007525958004407585,1.6000129589956487
12288,-312500.0,0.0,-1362500.0,190720,239823.8185195917,4,20,0.015193455157212966,0.06550604099174961,0.01000749999366235,0.08267395799339283
9888,-312500.0,0.0,-1462500.0,191351,239718.6954645847,4,20,0.015866468640014064,0.0733944999956293,0.010624457994708791,0.06855025001277681
7488,-312500.0,0.0,-1562500.0,190747,239644.31748913773,4,20,0.01652315065168606,0.06829316599760205,0.008379749997402541,0.08057062499574386
58784,7087500.0,0.0,562500.0,198007,249906.33893066796,10,220,0.04637372714293275,0.06414712499827147,0.007736041996395215,0.7730081670015352
20800,2487500.0,0.0,-1012500.0,191476,239640.98602460284,4,20,0.01722082238941,0.07651920799980871,0.007873209004173987,0.05857520799327176
48288,-312500.0,0.0,137500.0,293248,260381.702665863,14,560,0.04767748490891324,0.10782074999588076,0.010062457993626595,1.9969460419961251
62688,-312500.0,0.0,737500.0,190528,242170.40982453653,6,56,0.04654339948512466,0.07209704199340194,0.0077085829980205745,0.21602799999527633
23200,2487500.0,0.0,-912500.0,190576,240040.07523742656,4,20,0.02422872630629603,0.07175245899998117,0.007780041996738873,0.06471366601181217
60288,-312500.0,0.0,637500.0,193920,246643.5219862864,8,120,0.047097711829165084,0.07016358400869649,0.007720834008068778,0.3994315000018105
56384,7087500.0,0.0,462500.0,198994,253664.12642130296,11,286,0.046967278118673836,0.07671845900767948,0.00907250000454951,1.0738756249920698
57504,5087500.0,0.0,512500.0,196880,251477.70246541375,10,220,0.04982356474229571,0.06401966699922923,0.008247749996371567,0.7933659170084866
55072,4287500.0,0.0,412500.0,200692,254720.277052838,11,286,0.045611523156963846,0.07565883299685083,0.012031417005346157,1.009293290990172
46496,-112500.0,0.0,62500.0,309760,254645.04886556862,13,455,0.049052478851150785,0.11186000000452623,0.008391625000513159,1.5240237910038559
57472,4287500.0,0.0,512500.0,195968,251067.3424023752,11,286,0.04716405159290706,0.07411516600404866,0.010134750002180226,0.9693696250033099
55104,5087500.0,0.0,412500.0,200820,254909.8893387134,11,286,0.04609912163565998,0.06393708300311118,0.007502459004172124,0.9379402500053402
56896,4887500.0,0.0,487500.0,196928,252282.4883503554,11,286,0.04739567071439415,0.07269770799030084,0.01088250000611879,0.9764052079990506
59296,4887500.0,0.0,587500.0,195456,248281.60234142738,9,165,0.04881363894385898,0.07077812499483116,0.010489709005923942,0.5688667909998912
58944,-3912500.0,0.0,587500.0,195252,247677.72900292155,9,165,0.04982007658977735,0.06897045900404919,0.010423958010505885,0.56311000000278
57056,-6112500.0,0.0,512500.0,197376,251494.87361735845,10,220,0.04919139484434165,0.07079129100020509,0.007481207998353057,0.7655186249903636
64448,-1312500.0,0.0,812500.0,192116,240679.32244599657,4,20,0.04242213208261667,0.06846987499739043,0.008952916992711835,0.06320350000169128
54656,-6112500.0,0.0,412500.0,200180,254055.60859477235,11,286,0.04610634096771907,0.07697395799914375,0.009531832998618484,0.976739791003638
58336,-4112500.0,0.0,562500.0,194612,248716.09129011026,10,220,0.04758282092129035,0.0658149590017274,0.009091082989471033,0.724688292000792
55936,-4112500.0,0.0,462500.0,198592,252205.89387421298,11,286,0.04615979641063893,0.06253091599501204,0.007561791004263796,0.9317124170047464
62048,-1312500.0,0.0,712500.0,192560,242956.981559805,6,56,0.049721404553137075,0.06816675000300165,0.010526957994443364,0.2067513750080252
66240,-1512500.0,0.0,887500.0,190708,240048.68839137134,4,20,0.029719699413118014,0.0665533329884056,0.011940750002395362,0.07042470898886677
68640,-1512500.0,0.0,987500.0,190564,239846.1759360663,4,20,0.021546534861200287,0.06299787500756793,0.0077524170046672225,0.06782870800816454
56096,-112500.0,0.0,462500.0,206263,262567.19019125856,10,220,0.04769255354673721,0.08184362499741837,0.008938832994317636,0.7405656249902677
72832,-1712500.0,0.0,1162500.0,190848,239806.18519410185,4,20,0.015211196028478313,0.07171970799390692,0.008169375010766089,0.06767062500875909
75232,-1712500.0,0.0,1262500.0,190272,239732.24853573908,4,20,0.01441886772515834,0.06702237500576302,0.007058250004774891,0.06282466699485667
59648,-1312500.0,0.0,612500.0,193024,247335.7164641878,9,165,0.04767607340726445,0.07017224999435712,0.01087929199275095,0.5201011249882868
63008,-7312500.0,0.0,762500.0,192576,242823.67547288642,4,20,0.04856411306924789,0.06618866699864157,0.0074320829880889505,0.06198641700029839
63680,-5512500.0,0.0,787500.0,191360,242015.07954164935,4,20,0.0442539570255566,0.07265445799566805,0.007440458997734822,0.06869699999515433
53696,-112500.0,0.0,362500.0,225280,275945.1927346041,12,364,0.04668527180115353,0.0806196670018835,0.007315417009522207,1.2338497080054367
60608,-7312500.0,0.0,662500.0,196160,245987.31912039116,7,84,0.0442335052023452,0.0759750840079505,0.0074326250032754615,0.27865041699260473
58624,3087500.0,0.0,562500.0,195520,248553.8952918072,10,220,0.046899196526355345,0.06734350000624545,0.010719375000917353,0.7855916670087026
61280,-5512500.0,0.0,687500.0,194036,244813.02371704302,6,56,0.04876797185169147,0.06501687499985565,0.009385165991261601,0.19794445799198002
7008,2687500.0,0.0,-1587500.0,188551,239174.104404722,4,20,0.016081599406154168,0.06750554099562578,0.008381999999983236,0.05717845800973009
53824,3087500.0,0.0,362500.0,210176,257855.22667465036,11,286,0.04857496824517863,0.0745219999953406,0.011017583005013876,0.9363321669952711
56224,3087500.0,0.0,462500.0,199360,252979.5114386294,11,286,0.04426516423630815,0.06866633299796376,0.00739529199199751,0.9562129160040058
4608,2687500.0,0.0,-1687500.0,188292,239183.48905741543,4,20,0.0159960166181225,0.07246999999915715,0.008309458004077896,0.07238808399415575
2208,2687500.0,0.0,-1787500.0,188568,239194.32643421358,4,20,0.015894775374421573,0.06533158299862407,0.007545500004198402,0.06517004099441692
63392,2287500.0,0.0,762500.0,192768,241914.97156180206,5,35,0.04125761674510381,0.07095883300644346,0.012292958999751136,0.12144237500615418
64000,2487500.0,0.0,787500.0,192256,241507.1171213599,4,20,0.04560994055565756,0.0654753749986412,0.00705283299612347,0.07668499999272171
60992,2287500.0,0.0,662500.0,194544,244639.16729025758,7,84,0.048231077217210046,0.07040658401092514,0.011624167003901675,0.2657308330090018
61600,2487500.0,0.0,687500.0,193472,243849.69017250068,7,84,0.04371798107173397,0.0633210409869207,0.007269832989550196,0.2747422499960521
71040,-1512500.0,0.0,1087500.0,190772,239890.63258821206,4,20,0.01754244243113619,0.07204754100530408,0.007789249997586012,0.06879145900893491
56640,-1512500.0,0.0,487500.0,199552,255818.23201316816,10,220,0.04625668881709544,0.0721205839945469,0.007160500012105331,0.7582000830007019
75840,-1512500.0,0.0,1287500.0,190121,239775.56769739595,4,20,0.014545984247117645,0.06911829199816566,0.007002790996921249,0.06470279199129436
73440,-1512500.0,0.0,1187500.0,190452,239852.899959783,4,20,0.015139749176164152,0.06908666600065771,0.011159000001498498,0.07192333300190512
54240,-1512500.0,0.0,387500.0,216896,267098.5595686282,11,286,0.048668387453070776,0.07351799999014474,0.008011916987015866,0.9704560410027625
64928,-4312500.0,0.0,837500.0,189824,240870.0353280628,4,20,0.0349090406807674,0.07195833300647791,0.010639667001669295,0.062396666005952284
62528,-4312500.0,0.0,737500.0,192372,242988.22490311752,5,35,0.04362083426416421,0.06783570900734048,0.01043420800124295,0.1124820830009412
58688,4687500.0,0.0,562500.0,196096,249214.1647541517,10,220,0.04763865774746344,0.06499824998900294,0.007346291997237131,0.7707333750004182
60128,-4312500.0,0.0,637500.0,193728,246064.84708051244,8,120,0.04843413547946319,0.0725857920042472,0.013137292000465095,0.44900262499868404
57632,-6712500.0,0.0,537500.0,197687,250732.68642572538,10,220,0.04797458786157708,0.06100395799148828,0.008303499998874031,0.7860309999960009
56288,4687500.0,0.0,462500.0,198336,253208.61760842256,11,286,0.04701315445656875,0.08089687500614673,0.00704629099345766,1.1070369999943068
82464,-912500.0,0.0,1562500.0,190059,239618.30438023075,4,20,0.01636018681185007,0.0668442089954624,0.0070835000078659505,0.08674574999895412
80064,-912500.0,0.0,1462500.0,190468,239691.91830093437,4,20,0.01578242262830466,0.06447404199570883,0.008086625006399117,0.06688645800750237
77664,-912500.0,0.0,1362500.0,190004,239798.85354554994,4,20,0.015078229151320644,0.06817754199437331,0.007448874996043742,0.0737843749957392
81856,-1112500.0,0.0,1537500.0,190004,239619.69975090976,4,20,0.016177858392921525,0.07221308400039561,0.007483958994271234,0.061802583004464395
55232,-6712500.0,0.0,437500.0,199708,253806.68414837398,11,286,0.04659992517973107,0.07368608300748747,0.01038883400906343,1.0536695839982713
79456,-1112500.0,0.0,1437500.0,190388,239695.24644552323,4,20,0.015561229365343487,0.07009375000779983,0.007681749993935227,0.10451624999404885
77056,-1112500.0,0.0,1337500.0,189748,239805.96735042782,4,20,0.014888751700310328,0.11966237500018906,0.007052166998619214,0.07648283301386982
57248,-1312500.0,0.0,512500.0,198400,254356.18216011536,10,220,0.046695290607453414,0.11256483400939032,0.009952583990525454,0.8067280419927556
78240,-1512500.0,0.0,1387500.0,190260,239676.75978665226,4,20,0.015128380991840563,0.07119258301099762,0.009074792003957555,0.06720820900227409
80640,-1512500.0,0.0,1487500.0,190468,239593.493990785,4,20,0.015840434598728408,0.07548174999828916,0.00698987499345094,0.06958504198701121
54848,-1312500.0,0.0,412500.0,212992,265146.87212513114,11,286,0.045418897494746625,0.07395408299635164,0.009041666009579785,1.0428250419936376
62464,-5912500.0,0.0,737500.0,192948,243378.09500186454,5,35,0.04219286418182794,0.07502616599958856,0.011264833010500297,0.12918058299692348
55616,2887500.0,0.0,437500.0,200320,254212.26311754875,10,220,0.04933814385968418,0.11545912499423139,0.009700833994429559,0.7575501249957597
58016,2887500.0,0.0,537500.0,196288,249597.47155615335,10,220,0.04834498726878469,0.06665633300144691,0.014414875011425465,0.7606497920060065
60064,-5912500.0,0.0,637500.0,195072,246694.2296399772,7,84,0.04920478247152223,0.07027837500208989,0.008435833005933091,0.27958445900003426
6848,-1312500.0,0.0,-1587500.0,189691,239579.40430637257,4,20,0.01631675615856323,0.06827204200089909,0.00821587500104215,0.07055087501066737
58080,4487500.0,0.0,537500.0,195840,250100.25570375472,10,220,0.04878390615571396,0.06179295800393447,0.011089334002463147,0.7883012500096811
4448,-1312500.0,0.0,-1687500.0,189627,239537.53049435234,4,20,0.016314722446933792,0.07465045900607947,0.009344250007416122,0.07329066599777434
2048,-1312500.0,0.0,-1787500.0,189547,239504.91214513272,4,20,0.016163898331230935,0.06663466700410936,0.012204208003822714,0.07232233299873769
74048,-1312500.0,0.0,1212500.0,190260,239887.4282733187,4,20,0.015085954329297116,0.07288087501365226,0.011254208002355881,0.06734304199926555
71648,-1312500.0,0.0,1112500.0,190976,239926.79549589817,4,20,0.01727952752028456,0.06402995799726341,0.009148375000222586,0.07277549999707844
76448,-1312500.0,0.0,1312500.0,189376,239799.51662065496,4,20,0.014716747411442117,0.06327016699651722,0.007576915988465771,0.06799308399786241
7040,3487500.0,0.0,-1587500.0,188143,238863.5807727154,4,20,0.015995593981333912,0.06397066700446885,0.008616874998551793,0.05790729200816713
4640,3487500.0,0.0,-1687500.0,187980,238893.7938804718,4,20,0.015861836077388843,0.06796516600297764,0.0072029579896479845,0.0678215419902699
55680,4487500.0,0.0,437500.0,199983,253805.5787771083,11,286,0.04592964623311604,0.06994262500666082,0.01261466700816527,0.9608032499963883
2240,3487500.0,0.0,-1787500.0,188396,238926.21107730537,4,20,0.01579727520905381,0.06912383400776889,0.015708958002505824,0.06689191699842922
87968,1687500.0,0.0,1787500.0,189812,239457.62095117563,4,20,0.016014553432944154,0.06932704099745024,0.010482541998499073,0.07613795800716616
85568,1687500.0,0.0,1687500.0,189751,239480.66335963804,4,20,0.016148529096218424,0.06362383300438523,0.010241750002023764,0.07183695799903944
83168,1687500.0,0.0,1587500.0,190187,239508.0646557565,4,20,0.016177140075945007,0.06760570898768492,0.008718500001123175,0.07104133299435489
59232,3287500.0,0.0,587500.0,194908,247538.62405232235,9,165,0.04998808334192804,0.07037054200191051,0.012711584000498988,0.5605390420096228
58112,5287500.0,0.0,537500.0,197172,250505.96049511305,10,220,0.04845692409965655,0.06987837501219474,0.006998790995567106,0.7674940420110943
56832,3287500.0,0.0,487500.0,197376,251694.80297214567,11,286,0.04536327472154583,0.0688371659925906,0.007682499999646097,1.010483000005479
54432,3287500.0,0.0,387500.0,204928,255925.7128073317,11,286,0.045014703017590633,0.06865283400111366,0.007891458008089103,0.9981244160007918
55712,5287500.0,0.0,437500.0,199220,254120.84404410585,11,286,0.046568541695117364,0.07232850001309998,0.007680875001824461,0.9785556249989895
86048,-1312500.0,0.0,1712500.0,189727,239515.261135576,4,20,0.016251347721506024,0.0688305830117315,0.008175249997293577,0.07132870799978264
83648,-1312500.0,0.0,1612500.0,189675,239550.59358591103,4,20,0.01631381031914442,0.06930120900506154,0.008419665988185443,0.06383062500390224
88448,-1312500.0,0.0,1812500.0,189502,239475.33188370924,4,20,0.01612102985337316,0.0657300419989042,0.0076730000000679865,0.06881520900060423
58272,-5712500.0,0.0,562500.0,196800,249474.51539545137,10,220,0.04674954133452394,0.0685579579876503,0.007950707993586548,0.7696387920004781
78848,-1312500.0,0.0,1412500.0,190144,239692.09661827964,4,20,0.015354234199909545,0.06477008399087936,0.007555250005680136,0.0684283750015311
81248,-1312500.0,0.0,1512500.0,190708,239609.78357383003,4,20,0.01600950215474629,0.0642711669934215,0.011320375007926486,0.07118920799985062
68672,-712500.0,0.0,987500.0,191220,239777.90179179504,4,20,0.024580147633450504,0.06768925000505988,0.008180915989214554,0.07428270801028702
55872,-5712500.0,0.0,462500.0,198135,252836.08796331444,11,286,0.04688160151533464,0.06676454200351145,0.009011083995574154,0.9876690840028459
70464,-912500.0,0.0,1062500.0,191156,239918.9883149547,4,20,0.020211532623764867,0.0652352500037523,0.009639791998779401,0.0687656250083819
66272,-712500.0,0.0,887500.0,189876,239835.30243237765,4,20,0.0320783134848065,0.07276049999927636,0.00948991700715851,0.07475229199917521
68064,-912500.0,0.0,962500.0,190772,239769.7778303033,4,20,0.025353749672458556,0.07099100000050385,0.007641124990186654,0.07654620900575537
64224,-6912500.0,0.0,812500.0,191671,241576.44742885607,4,20,0.038627236922172146,0.06723962498654146,0.00879229100246448,0.0695372909976868
61824,-6912500.0,0.0,712500.0,194624,244260.7915769122,5,35,0.045386254900971625,0.08728300000075251,0.007226917005027644,0.10904283399577253
55008,2687500.0,0.0,412500.0,204288,256138.716721646,10,220,0.04954402969720713,0.0799107499915408,0.010453708004206419,0.7949746669910382
57408,2687500.0,0.0,512500.0,196916,250902.94812044612,10,220,0.04995523364109353,0.06965445799869485,0.009555167009239085,0.7908584590040846
62784,2087500.0,0.0,737500.0,193344,242404.45083403753,5,35,0.0466256848651998,0.08313333400292322,0.008223625001846813,0.11348616699979175
896,-112500.0,0.0,-1837500.0,189480,239510.16611556226,4,20,0.016540863038683965,0.06893795799987856,0.0124740839964943,0.06784750000224449
3296,-112500.0,0.0,-1737500.0,189547,239541.67498305047,4,20,0.016676019160590624,0.07942512500449084,0.010335208004107699,0.07611925000674091
5696,-112500.0,0.0,-1637500.0,189663,239589.34271612563,4,20,0.01678827122138141,0.06357816701347474,0.007250333001138642,0.07719275000272319
65664,-912500.0,0.0,862500.0,190452,240024.680807873,4,20,0.03450766269940762,0.0760395410034107,0.009893291993648745,0.06328291600220837
69856,-1112500.0,0.0,1037500.0,191156,239889.19390023596,4,20,0.02065152260458639,0.06739554199157283,0.009689165992313065,0.07390087499516085
60384,2087500.0,0.0,637500.0,194112,245568.070280192,8,120,0.04843300430513195,0.07698437500221189,0.009006499996758066,0.4523925829998916
65056,-1112500.0,0.0,837500.0,191156,240305.41020073663,4,20,0.03778910253013243,0.06344458401144948,0.009090166000532918,0.07483733400295023
67456,-1112500.0,0.0,937500.0,190416,239799.36705112932,4,20,0.026350363435706528,0.0726028339995537,0.008026458002859727,0.06548895800369792
81280,-512500.0,0.0,1512500.0,191140,239675.4930988493,4,20,0.016188076112396817,0.06920733400329482,0.011035625007934868,0.06913566699950024
76480,-512500.0,0.0,1312500.0,190132,239881.99982161948,4,20,0.015018043925273073,0.07210504199611023,0.010401541003375314,0.08122941700275987
78880,-512500.0,0.0,1412500.0,191004,239760.30815386705,4,20,0.015471216535224853,0.0733422080083983,0.007549417001428083,0.06487920800282154
83072,-712500.0,0.0,1587500.0,189019,239613.695605741,4,20,0.016486894507867233,0.06705854200117756,0.007687707999139093,0.08347229099308606
87872,-712500.0,0.0,1787500.0,188427,239521.40428505972,4,20,0.016395479010690845,0.06700579200696666,0.006837499997345731,0.07668412500061095
63424,3087500.0,0.0,762500.0,191872,242103.76123709296,5,35,0.03991636349046476,0.06816824999987148,0.007738833999610506,0.11520070899860002
52576,1887500.0,0.0,312500.0,232512,269116.81834015454,14,560,0.04526697836395665,0.08068324999476317,0.008604832997662015,1.9747524169943063
85472,-712500.0,0.0,1687500.0,189099,239558.4126328884,4,20,0.016554036329036854,0.06641704100184143,0.007477124992874451,0.06900216700159945
64800,7487500.0,0.0,812500.0,191648,241599.2070664088,4,20,0.03851115277642229,0.06898683299368713,0.012507417006418109,0.07060516699857544
64192,7287500.0,0.0,787500.0,192272,242178.31873581882,4,20,0.04340957552707183,0.07017429200641345,0.009138374996837229,0.07208129200444091
61792,7287500.0,0.0,687500.0,195804,245099.72105176203,5,35,0.04981362218208339,0.07686633300909307,0.008248082987847738,0.12659779100795276
61024,3087500.0,0.0,662500.0,193856,244767.9645031324,7,84,0.0472951357834015,0.07670329199754633,0.008165667008142918,0.31571716599864885
64896,-5112500.0,0.0,837500.0,190528,240945.01979301224,4,20,0.034638022434206835,0.07216166700527538,0.007646625002962537,0.080406666995259
62400,7487500.0,0.0,712500.0,194624,244286.86799882562,5,35,0.045161012841448446,0.07773908399394713,0.011736375003238209,0.12347987499379087
62496,-5112500.0,0.0,737500.0,192768,243209.37417345282,5,35,0.04302130614925293,0.06199195800581947,0.010661457999958657,0.12893991699093021
61888,-5312500.0,0.0,712500.0,192704,243974.13397367523,5,35,0.046998059822200774,0.06959241699951235,0.007790000003296882,0.13428758400550578
64288,-5312500.0,0.0,812500.0,190592,241448.28471078622,4,20,0.039261608010843795,0.07022283400874585,0.007625957994605415,0.0687130000005709
63840,-1512500.0,0.0,787500.0,192635,241136.4239877347,4,20,0.0475088479257008,0.0745715830125846,0.007346458995016292,0.06912462500622496
60096,-5112500.0,0.0,637500.0,194448,246406.73570840608,7,84,0.0499657809136419,0.06955720800033305,0.010776833994896151,0.3007848339912016
23808,2687500.0,0.0,-887500.0,190580,240226.24143325238,4,20,0.027059148287210816,0.07344062501215376,0.011068541003623977,0.06070762500166893
21408,2687500.0,0.0,-987500.0,190580,239647.5535371338,4,20,0.018137853176685505,0.07166158300242387,0.008658666993142106,0.06887245799589437
83680,-512500.0,0.0,1612500.0,189811,239603.6856650634,4,20,0.016626553591986535,0.06994775000202935,0.007176040991907939,0.07399304199498147
86080,-512500.0,0.0,1712500.0,189295,239550.69597658247,4,20,0.016589018754818816,0.07090891599364113,0.007398249988909811,0.06656770900008269
61440,-1512500.0,0.0,687500.0,192768,243778.65867136704,7,84,0.04659287357878734,0.06598683400079608,0.007467458010069095,0.29141416600032244
88480,-512500.0,0.0,1812500.0,188927,239511.74687027515,4,20,0.016425519059081867,0.06905008299509063,0.01148812500468921,0.0781799999967916
62272,4287500.0,0.0,712500.0,192500,243651.15401651396,5,35,0.048250610734202296,0.0707707920082612,0.007224917004350573,0.11821504100225866
64672,4287500.0,0.0,812500.0,190592,241321.3940749752,4,20,0.03980446991494904,0.08161083300365135,0.0073958749999292195,0.0809991669957526
59040,-1512500.0,0.0,587500.0,194040,248483.70968920828,9,165,0.049639989020172394,0.06784862499625888,0.009885874998872168,0.6188940420106519
64736,5887500.0,0.0,812500.0,191072,241502.98144906366,4,20,0.038969771248078815,0.06987749999098014,0.00963779199810233,0.08086841700423975
62336,5887500.0,0.0,712500.0,193588,244108.9976684499,5,35,0.04630036909510392,0.07398537499830127,0.007383375006611459,0.13791554199997336
65792,2287500.0,0.0,862500.0,191040,240460.2531207163,4,20,0.030982291332136327,0.06991979200392962,0.010982625011820346,0.07357154200144578
68800,2487500.0,0.0,987500.0,191284,239737.54111832398,4,20,0.018417989430770793,0.06897554099850822,0.00880804100597743,0.07845329100382514
66400,2487500.0,0.0,887500.0,190592,240260.95600148983,4,20,0.027245929601174248,0.06953112500195857,0.011626207997323945,0.07743995799683034
68192,2287500.0,0.0,962500.0,190976,239845.98332033225,4,20,0.020308693250488057,0.0728030000027502,0.011125082994112745,0.07010774999798741
70592,2287500.0,0.0,1062500.0,190848,239675.21044800695,4,20,0.016180186359135536,0.06696999999985565,0.006957082994631492,0.0717809589987155
59872,4287500.0,0.0,612500.0,193901,247023.9066579593,9,165,0.045684290943178045,0.08141637498920318,0.009577542004990391,0.620336166000925
59936,5887500.0,0.0,612500.0,195584,247704.64977301334,9,165,0.04390342095499987,0.07097429101122543,0.007503207991248928,0.6097466670034919
24288,-312500.0,0.0,-862500.0,190576,239927.90332486457,4,20,0.03601470385099953,0.07028487500792835,0.009803749999264255,0.06372991700482089
21888,-312500.0,0.0,-962500.0,191168,239691.60567472436,4,20,0.027344593276609108,0.0788041659980081,0.007896625000284985,0.07102266600122675
19488,-312500.0,0.0,-1062500.0,191296,239890.58383913815,4,20,0.02175030411393724,0.07334091699158307,0.009639333002269268,0.06847274999017827
74656,-1112500.0,0.0,1237500.0,190315,239906.40312773324,4,20,0.01503535109467865,0.07408970799588133,0.013132541003869846,0.07845883400295861
50176,1887500.0,0.0,212500.0,269184,262875.2571684175,18,1140,0.04873426773849427,0.10112695799034555,0.006947999994736165,4.068222624991904
72256,-1112500.0,0.0,1137500.0,190616,239953.37284190583,4,20,0.01696828496615637,0.07052100000146311,0.011338291995343752,0.06929583298915531
57152,-3712500.0,0.0,512500.0,196480,250477.6724744278,11,286,0.046352385312445336,0.06421500000578817,0.007288833992788568,1.023290042008739
82496,-112500.0,0.0,1562500.0,190699,239646.4000712886,4,20,0.016555116775178534,0.06933312499313615,0.009395082990522496,0.08293904201127589
54752,-3712500.0,0.0,412500.0,202240,254140.60876392393,11,286,0.04474677868034569,0.06971983298717532,0.011722124996595085,1.0165688749984838
80096,-112500.0,0.0,1462500.0,191220,239717.8151380137,4,20,0.0159173834059384,0.0735190830018837,0.009710083992104046,0.07683620799798518
54144,-3912500.0,0.0,387500.0,203008,254440.43945663498,11,286,0.04495755285021781,0.07811904200934805,0.009123208001255989,1.0644820419984171
77696,-112500.0,0.0,1362500.0,191040,239819.97892957585,4,20,0.015242486387180539,0.07547929199063219,0.010383916000137106,0.08464212500257418
56544,-3912500.0,0.0,487500.0,196916,251272.22313829124,11,286,0.04650283181916955,0.07009629100502934,0.008513374996255152,1.0457027919910615
64832,-6712500.0,0.0,837500.0,190775,241053.3130073919,4,20,0.03418652429418006,0.077676540997345,0.008016415988095105,0.0691871250019176
62432,-6712500.0,0.0,737500.0,193006,243486.06831648678,5,35,0.041549639150273335,0.07287683300091885,0.010997750010574237,0.11627512499399018
59264,4087500.0,0.0,587500.0,194804,247873.56779165467,9,165,0.04962109544710467,0.06512720801401883,0.008249167003668845,0.5992112919921055
58816,-7112500.0,0.0,587500.0,196968,248859.7559268572,9,165,0.04628600297373354,0.06790824999916367,0.008399917001952417,0.5935520419880049
11648,-1312500.0,0.0,-1387500.0,190388,239735.4484918489,4,20,0.015190532901395666,0.07146170799387619,0.012830958003178239,0.07016933300474193
60032,-6712500.0,0.0,637500.0,196160,246866.70626830807,7,84,0.04845392579746138,0.07546145899686962,0.0072911250026663765,0.3077047919941833
9248,-1312500.0,0.0,-1487500.0,190393,239645.88018284802,4,20,0.015913704866094353,0.07385966699803248,0.00795608400949277,0.07496175001142547
87296,-112500.0,0.0,1762500.0,189547,239534.76050079116,4,20,0.016601704332661987,0.0705602919915691,0.007237625002744608,0.07535916699271183
84896,-112500.0,0.0,1662500.0,189611,239577.9677167937,4,20,0.01677505334960397,0.07114491600077599,0.008705167012521997,0.07336866699915845
56864,4087500.0,0.0,487500.0,197248,251876.21488063846,11,286,0.04697713626002813,0.061640125000849366,0.007314208007301204,1.009855707990937
89696,-112500.0,0.0,1862500.0,188480,240203.75279674088,4,20,0.0002743499266633751,0.0698931250080932,0.009340541990241036,0.07340445800218731
54464,4087500.0,0.0,387500.0,202295,255221.96389631313,11,286,0.045406388485880134,0.07563945800939109,0.007986917000380345,1.028618333992199
11808,2687500.0,0.0,-1387500.0,189415,239206.0220319145,4,20,0.01536165015565207,0.06613329199899454,0.008953500000643544,0.06626779200450983
9408,2687500.0,0.0,-1487500.0,189360,239192.3166749472,4,20,0.01592841602525722,0.06648649999988265,0.0075026660051662475,0.07416270799876656
64608,2687500.0,0.0,812500.0,191552,241153.58662433518,4,20,0.04004012192911311,0.06674958299845457,0.007271834008861333,0.08081720799964387
56416,-7112500.0,0.0,487500.0,198306,252634.72333334837,11,286,0.046491936375262874,0.07478720899962354,0.00704687500547152,1.0280626669991761
64064,4087500.0,0.0,787500.0,191808,241783.24551104163,4,20,0.045234989958940194,0.07350191699515563,0.007676082997932099,0.06136395801149774
18368,1687500.0,0.0,-1112500.0,190772,239815.27607438178,4,20,0.016334085040182838,0.06627945898799226,0.011329165994538926,0.0707973340031458
62208,2687500.0,0.0,712500.0,192768,243186.14422786966,6,56,0.04700325713037355,0.07034979200398084,0.011022749997209758,0.19194504199549556
15968,1687500.0,0.0,-1212500.0,190336,239758.36594234986,4,20,0.014649463766221199,0.0666697499982547,0.012507040999480523,0.06583875000069384
13568,1687500.0,0.0,-1312500.0,190396,239683.0370483412,4,20,0.014603651595533045,0.07004366698674858,0.009120125003391877,0.06377725000493228
63072,-5712500.0,0.0,762500.0,192336,242663.35144737552,4,20,0.049500971173626916,0.0694818329939153,0.008106749999569729,0.06864537500950973
24864,-912500.0,0.0,-837500.0,191348,240261.66085459606,4,20,0.03819522351662649,0.07109958300134167,0.008153415998094715,0.07264899999427143
61664,4087500.0,0.0,687500.0,193140,244317.48852198964,7,84,0.04300699106434786,0.07238920898817014,0.01072224999370519,0.30432916700374335
24256,-1112500.0,0.0,-862500.0,190388,240098.90617704886,4,20,0.03396194898941757,0.07221841601131018,0.007500791994971223,0.07962704199599102
21856,-1112500.0,0.0,-962500.0,191124,239799.20929732698,4,20,0.02454644329623645,0.07755050000560004,0.008163874997990206,0.0754868340009125
19456,-1112500.0,0.0,-1062500.0,191028,239915.84261161892,4,20,0.019580474465753926,0.07013516601000447,0.008128875007969327,0.07193820900283754
22464,-912500.0,0.0,-937500.0,190772,239759.38460338284,4,20,0.026946491103029078,0.06737762500415556,0.008241916992119513,0.07637316700129304
20064,-912500.0,0.0,-1037500.0,191092,239877.09650450115,4,20,0.021202554103430967,0.06551454099826515,0.007638583003426902,0.07088325000950135
60672,-5712500.0,0.0,662500.0,194804,245729.56507307614,7,84,0.045300036066950065,0.0840247919986723,0.009162125003058463,0.2858432500070194
59808,2687500.0,0.0,612500.0,194676,246483.41515007248,9,165,0.04629939421651433,0.06837662500038277,0.008829958009300753,0.6092661659931764
57856,-1112500.0,0.0,537500.0,197748,252672.11294056394,9,165,0.049991526591850216,0.07437183299043681,0.010632125005940907,0.6179750410083216
56064,-912500.0,0.0,462500.0,205815,260806.02684504152,10,220,0.04684201809514379,0.07416483300039545,0.009928291998221539,0.7639952910103602
55456,-1112500.0,0.0,437500.0,209206,262973.3725670597,10,220,0.0474879151779282,0.08882283400453161,0.009992125007556751,0.8004319579922594
62816,2887500.0,0.0,737500.0,192192,242603.2628874522,5,35,0.04452899233230618,0.06909862499742303,0.012643833993934095,0.1350214169942774
60416,2887500.0,0.0,637500.0,194448,245558.03295122038,8,120,0.048571198966521914,0.07044220800162293,0.010279166992404498,0.44505287500214763
53664,-912500.0,0.0,362500.0,225088,273584.9677873499,12,364,0.04632250414703831,0.09582575000240467,0.006906708003953099,1.3315876249980647
62976,6887500.0,0.0,737500.0,193335,243497.09320331295,5,35,0.04140216000650791,0.07508374999451917,0.006981916012591682,0.1281089999974938
53056,-1112500.0,0.0,337500.0,233662,275220.66893359035,13,455,0.04672303772654372,0.08171699999365956,0.01290175000031013,1.6263194589992054
65376,6887500.0,0.0,837500.0,191232,241063.07241232204,4,20,0.034110710071244985,0.07287662499584258,0.007839124999009073,0.07607891599764116
58720,5487500.0,0.0,562500.0,196328,249590.15977656675,10,220,0.046845926699563965,0.07415350001247134,0.011459082990768366,0.7837770830083173
60576,6887500.0,0.0,637500.0,196352,246901.4994609834,7,84,0.0482883558044929,0.07610487499914598,0.011311166992527433,0.29548991699994076
17664,-912500.0,0.0,-1137500.0,190900,239965.10218171513,4,20,0.017294631859744437,0.07325299999502022,0.010578957997495309,0.07988225000735838
15264,-912500.0,0.0,-1237500.0,190324,239934.7214289713,4,20,0.015191914295611158,0.06331208300252911,0.007732291996944696,0.0756653330026893
17056,-1112500.0,0.0,-1162500.0,190644,239949.4278483608,4,20,0.016259133460126838,0.06390487500175368,0.009699916001409292,0.07259579200763255
14656,-1112500.0,0.0,-1262500.0,190184,239892.50841542834,4,20,0.014846093786454302,0.07027541700517759,0.008461582998279482,0.07273608300602064
56320,5487500.0,0.0,462500.0,198696,253544.70979398797,11,286,0.047332812718789016,0.0748228750017006,0.009742957990965806,1.025558125009411
63232,-1712500.0,0.0,762500.0,192756,241686.32978940968,5,35,0.04392717233005604,0.07713541699922644,0.010922917004791088,0.12899279200064484
41152,1287500.0,0.0,-162500.0,284096,258361.95634509652,15,680,0.04540777087843333,0.10536345900618471,0.0107878749986412,2.424723375006579
60832,-1712500.0,0.0,662500.0,193088,244709.95467963628,7,84,0.0497057735507386,0.07029879200854339,0.007315249997191131,0.29971929101157
62176,1887500.0,0.0,712500.0,193600,243024.578113902,6,56,0.04822708245548709,0.07898362498963252,0.007112042003427632,0.19910587499907706
64576,1887500.0,0.0,812500.0,191808,240917.39304618677,4,20,0.04102549803796469,0.0668165829993086,0.008043791996897198,0.07606908399611712
16000,2487500.0,0.0,-1212500.0,190244,239385.51499881095,4,20,0.014072833094465503,0.06774804199812934,0.007305999999516644,0.06535037499270402
18400,2487500.0,0.0,-1112500.0,190456,239484.81693354395,4,20,0.014770783565622744,0.07122849998995662,0.010223874996881932,0.07389529200736433
13600,2487500.0,0.0,-1312500.0,189520,239327.00361199162,4,20,0.014599511636514895,0.06985054198594298,0.010410333998152055,0.06971779200830497
17792,2287500.0,0.0,-1137500.0,190656,239556.22475091234,4,20,0.014718245194057481,0.0720108330133371,0.009493915989878587,0.06864270799269434
63520,5487500.0,0.0,762500.0,192256,242616.87115665022,4,20,0.04972608752180984,0.07097749999957159,0.010016959000495262,0.06913287499628495
59776,1887500.0,0.0,612500.0,193728,246738.14243770484,9,165,0.04711831122272356,0.07065862500166986,0.009379249997437,0.5710390830063261
61120,5487500.0,0.0,662500.0,194996,245671.45627714574,7,84,0.04552038523150866,0.06383466599800158,0.011109291997854598,0.2999032499938039
60000,7487500.0,0.0,612500.0,196724,247908.0847464671,8,120,0.04935935262989046,0.07345850000274368,0.01106062499457039,0.4303644159954274
43552,1287500.0,0.0,-62500.0,300928,249989.70159872854,13,455,0.04828668569197594,0.11410058299952652,0.008036874991375953,1.6326033330115024
57600,7487500.0,0.0,512500.0,198443,251879.39826820354,10,220,0.048677815243666406,0.07101420800609048,0.007854291005060077,0.7513118750066496
54592,7287500.0,0.0,387500.0,201826,254879.01142113502,11,286,0.04544053053843078,0.077701165995677,0.007243792002554983,0.9768847079976695
69728,-4312500.0,0.0,1037500.0,188416,238982.1986117773,4,20,0.01542631286159715,0.06481758299923968,0.009842500003287569,0.06442704200162552
59392,7287500.0,0.0,587500.0,197120,248893.06379423878,9,165,0.04621016771562495,0.06868170799862128,0.010511874992516823,0.5725084170117043
67328,-4312500.0,0.0,937500.0,189696,239623.08880404392,4,20,0.021145051210185294,0.0676496250089258,0.007352125001489185,0.07239862499409355
70624,3087500.0,0.0,1062500.0,190196,239342.95248761197,4,20,0.015228131041297971,0.06540900000254624,0.009178791005979292,0.06659808300901204
55200,7487500.0,0.0,412500.0,200862,254748.6528602815,11,286,0.04593672401229898,0.0705550839920761,0.01184979199024383,0.9596274579962483
65824,3087500.0,0.0,862500.0,190400,240521.1262727736,4,20,0.030695009711452177,0.06712566599890124,0.009903707992634736,0.06591012499120552
68224,3087500.0,0.0,962500.0,190516,239696.83006049242,4,20,0.019439715233157125,0.06728362500143703,0.008828584002912976,0.06673974999284837
62656,-1112500.0,0.0,737500.0,190900,242177.1595871751,5,35,0.04981388781588586,0.0693387920036912,0.008294167011626996,0.11395524999534246
56992,7287500.0,0.0,487500.0,198760,252754.67836353404,11,286,0.046510019068423204,0.07779720801045187,0.00978241600387264,1.002379249999649
26816,2887500.0,0.0,-762500.0,191632,242020.24989603073,5,35,0.04009625111727547,0.06179070800135378,0.009375749999890104,0.128458999999566
29216,2887500.0,0.0,-662500.0,193856,244691.33169381923,7,84,0.0472535972074385,0.07270454199169762,0.008748000007472001,0.29150141699938104
60256,-1112500.0,0.0,637500.0,192628,246141.75607426235,8,120,0.04818301659526868,0.07025412500661332,0.011216208993573673,0.39937699999427423
64096,4887500.0,0.0,787500.0,192128,241922.1857841269,4,20,0.04466589848226042,0.07287341699702665,0.007241749990498647,0.06834749999688938
61696,4887500.0,0.0,687500.0,193328,244612.07095947082,6,56,0.04973740137851229,0.07239641700289212,0.010713208001106977,0.19050650000281166
62304,5087500.0,0.0,712500.0,192960,243902.78025164746,5,35,0.047347521011345095,0.06761425000149757,0.0074794999964069575,0.12210874998709187
58464,-912500.0,0.0,562500.0,196724,251134.54770089182,9,165,0.0493564481227232,0.0722234999993816,0.006941957995877601,0.5798166669992497
64704,5087500.0,0.0,812500.0,190656,241424.76218858227,4,20,0.039362572770943335,0.06980825000209734,0.010208207997493446,0.08272399999259505
64768,6687500.0,0.0,812500.0,191275,241563.5206912704,4,20,0.03872073090052883,0.08437666700046975,0.02055300000938587,0.07798324999748729
7168,6687500.0,0.0,-1587500.0,182327,238085.19096785277,4,20,0.014044704558555271,0.08260533401335124,0.009381083000334911,0.0717930829996476
62368,6687500.0,0.0,712500.0,194615,244235.43049556154,5,35,0.045583090215939724,0.08825341700867284,0.008315083992783912,0.12501520800287835
4768,6687500.0,0.0,-1687500.0,183504,238141.1841187344,4,20,0.013970323959872343,0.07956154199200682,0.007470708005712368,0.07453091599745676
2368,6687500.0,0.0,-1787500.0,184004,238173.5890642171,4,20,0.014039703341524113,0.06515479199879337,0.010455124996951781,0.06271170800027903
5376,6887500.0,0.0,-1662500.0,183376,238117.34138112047,4,20,0.013890179465187147,0.05807916700723581,0.012153500007116236,0.06858208299672697
2976,6887500.0,0.0,-1762500.0,184272,238157.60255999904,4,20,0.013941636624532976,0.06665595799859148,0.007360584000707604,0.0658387920120731
576,6887500.0,0.0,-1862500.0,188480,240203.75279674088,4,20,0.0002743499266633751,0.06810891701024957,0.010955125006148592,0.07282908400520682
26176,1887500.0,0.0,-787500.0,192308,241300.4449498586,4,20,0.04655462291205663,0.06783008300408255,0.008335000005899929,0.07282583299092948
59904,5087500.0,0.0,612500.0,194868,247406.54430255826,9,165,0.04465202351148188,0.07058129200595431,0.009930250002071261,0.581189375006943
8192,2287500.0,0.0,-1537500.0,189364,239331.91580295362,4,20,0.016047619424535062,0.06831524999870453,0.011979792005149648,0.05992212500132155
10592,2287500.0,0.0,-1437500.0,189992,239370.5043667455,4,20,0.015602586877872244,0.06934866700612474,0.0069936250074533746,0.06604308300302364
28576,1887500.0,0.0,-687500.0,193920,243809.2783355964,7,84,0.04521789677292026,0.06114162498852238,0.007346375001361594,0.2776960000046529
11200,2487500.0,0.0,-1412500.0,189867,239293.1615138499,4,20,0.015471511431340595,0.0887074579950422,0.012490124994656071,0.07576525000331458
8800,2487500.0,0.0,-1512500.0,189492,239264.48315741398,4,20,0.015977665657890286,0.06883612500678282,0.007982958006323315,0.07487874999060296
12992,2287500.0,0.0,-1337500.0,189483,239419.29822890414,4,20,0.014749827427501964,0.07566604200110305,0.0093979590019444,0.07065016598789953
67040,3487500.0,0.0,912500.0,190960,239980.31161654674,4,20,0.023891511759911763,0.07590195900411345,0.007362874996033497,0.06829912499233615
69440,3487500.0,0.0,1012500.0,190316,239356.14219752658,4,20,0.016541254620922482,0.07304675001068972,0.010076791993924417,0.07985249999910593
30976,1887500.0,0.0,-587500.0,194304,247963.90204845087,9,165,0.04971785338976519,0.07042045801063068,0.006771749991457909,0.5950937080051517
63648,-6312500.0,0.0,787500.0,191159,242112.0004649288,4,20,0.043867209327273934,0.07295625000551809,0.010007916993345134,0.07331433400395326
38752,1287500.0,0.0,-262500.0,258624,272189.4525169985,20,1540,0.04765318344422938,0.09363199998915661,0.007499750005081296,5.432645209002658
63040,-6512500.0,0.0,762500.0,192375,242772.63915814026,4,20,0.04900771601818134,0.07658833300229162,0.00845416598895099,0.0696661249967292
33376,1887500.0,0.0,-487500.0,196736,253817.63009756006,10,220,0.04720289343067642,0.07703070899879094,0.0096725420007715,0.7988057089969516
60640,-6512500.0,0.0,662500.0,195264,245912.84140903395,7,84,0.04464772577576818,0.07284974999492988,0.012016167005640455,0.3060892909998074
57536,5887500.0,0.0,512500.0,197867,251789.476303403,10,220,0.0495001677418086,0.07070662498881575,0.007432333004544489,0.8005669999984093
83232,3287500.0,0.0,1587500.0,188587,238982.24416691833,4,20,0.01602584123766631,0.07108741698903032,0.01072116699651815,0.07903929099848028
85632,3287500.0,0.0,1687500.0,188727,239010.8551723821,4,20,0.015906638782757998,0.07222204199933913,0.007459084008587524,0.07184929199866019
61248,-6312500.0,0.0,687500.0,195056,244999.98043208919,6,56,0.047853955134897576,0.0696725419984432,0.008160999990650453,0.18919341600849293
35776,1887500.0,0.0,-387500.0,212992,262112.15183000892,11,286,0.0475637058214144,0.08302154099510517,0.009411124992766418,1.0699171250016661
88032,3287500.0,0.0,1787500.0,188800,239038.551673056,4,20,0.01582937227023528,0.06774433399550617,0.008616334001999348,0.07071129100222606
89664,-912500.0,0.0,1862500.0,188480,240203.75279674088,4,20,0.0002743499266633751,0.06926999999268446,0.010052583005744964,0.07098387500445824
87264,-912500.0,0.0,1762500.0,188900,239523.235821912,4,20,0.016357990282273308,0.07046941699809395,0.00748370798828546,0.08027795799716841
84864,-912500.0,0.0,1662500.0,188980,239561.1958093589,4,20,0.016511968688995543,0.07849054200050887,0.007477499995729886,0.0691129170008935
84256,-1112500.0,0.0,1637500.0,188971,239561.74015291568,4,20,0.016416800106761827,0.06931979100045282,0.01123054200434126,0.07106283299799543
55136,5887500.0,0.0,412500.0,200104,255058.19411938387,11,286,0.04638683198015114,0.08392754099622834,0.012791499990271404,1.0388410000014119
89056,-1112500.0,0.0,1837500.0,189555,239492.01240976795,4,20,0.016211194393089705,0.07436904200585559,0.008596125000622123,0.07568433300184552
86656,-1112500.0,0.0,1737500.0,189619,239527.0139110564,4,20,0.01631193108649581,0.07071333400381263,0.007045417005429044,0.06873041599465068
10784,7087500.0,0.0,-1437500.0,181995,237981.70720977976,4,20,0.01375803006954731,0.06876929200370796,0.007890665990998968,0.06976079099695198
8384,7087500.0,0.0,-1537500.0,182663,238033.7707962171,4,20,0.013918563291665152,0.07325579199823551,0.014118708000751212,0.0563102910091402
13184,7087500.0,0.0,-1337500.0,183559,237963.84514165446,4,20,0.013500808221542173,0.06445158399583306,0.010815040994202718,0.07485304199508391
70752,6287500.0,0.0,1062500.0,186752,238607.84695268536,4,20,0.014135136505312377,0.07767170800070744,0.010205083002801985,0.07700829199166037
67744,6087500.0,0.0,937500.0,188480,239567.58640653864,4,20,0.02089155289208841,0.07177087500167545,0.007434416998876259,0.06985104198975023
70144,6087500.0,0.0,1037500.0,187008,238759.2422088186,4,20,0.014895613004925798,0.06867466699623037,0.007874208997236565,0.08105116699880455
68352,6287500.0,0.0,962500.0,187840,239310.88216736884,4,20,0.0187583782662161,0.08156533300643787,0.007460583001375198,0.06844791599723976
65952,6287500.0,0.0,862500.0,189696,240592.54021878607,4,20,0.030165343845578455,0.07058925001183525,0.0073968329961644486,0.0761707089986885
44672,-712500.0,0.0,-12500.0,310400,252012.62999163396,14,560,0.04700887879477935,0.11072875000536442,0.008485750004183501,1.9360881669999799
42272,-712500.0,0.0,-112500.0,297616,255771.46550170245,14,560,0.04500917236176742,0.12066541699459776,0.008159083998179995,2.053004624991445
66720,-4512500.0,0.0,912500.0,189824,239857.33382969696,4,20,0.02371042781180055,0.07152541600225959,0.007572624992462806,0.07023083300737198
69120,-4512500.0,0.0,1012500.0,188672,239065.07420501253,4,20,0.016274380955199046,0.06720995799696539,0.007419999994453974,0.0674401249998482
38176,1887500.0,0.0,-287500.0,241664,269862.01450549526,15,680,0.048719032169085595,0.09066262500709854,0.00862504099495709,2.3717307499900926
41792,2287500.0,0.0,-137500.0,284224,252251.55354560344,15,680,0.048579654629851636,0.1086185000021942,0.01089479200891219,2.333703041993431
41184,2087500.0,0.0,-162500.0,280832,255322.80498997506,16,816,0.04791919912473553,0.11502858300809748,0.010714541989727877,2.832546875011758
40576,1887500.0,0.0,-187500.0,275776,259034.94336646787,17,969,0.045586820883744564,0.11400124999636319,0.012090417003491893,3.3787467910005944
5216,2887500.0,0.0,-1662500.0,188276,239106.91041825057,4,20,0.01600539905457611,0.07506899999862071,0.009072332992218435,0.0723815840028692
2816,2887500.0,0.0,-1762500.0,188276,239129.6237839196,4,20,0.015872121160876017,0.06992704200092703,0.00822262499423232,0.07460895800613798
416,2887500.0,0.0,-1862500.0,188480,240203.75279674088,4,20,0.0002743499266633751,0.06899058300768957,0.008087375012109987,0.05778029099747073
43584,2087500.0,0.0,-62500.0,297920,248129.98854114136,14,560,0.04934858378808272,0.10575995899853297,0.009177917003398761,1.986556792006013
69984,2087500.0,0.0,1037500.0,191220,239764.49025862917,4,20,0.017398302353483774,0.0642745829973137,0.00713920799898915,0.059147916006622836
67584,2087500.0,0.0,937500.0,190964,239939.90914317712,4,20,0.02276326111973688,0.0731714169960469,0.009016416996018961,0.06982049999351148
65184,2087500.0,0.0,837500.0,191924,240670.0170699385,4,20,0.0355520862787944,0.07702791699557565,0.009716874992591329,0.06992616699426435
70720,5487500.0,0.0,1062500.0,187584,238693.23046798704,4,20,0.014399100401496997,0.06665541599795688,0.009072291999473237,0.06393874999776017
68320,5487500.0,0.0,962500.0,187776,239343.94475642167,4,20,0.018899025720278278,0.06978004099801183,0.011161083006300032,0.06596733300830238
65920,5487500.0,0.0,862500.0,188864,240559.4718245694,4,20,0.030308596792561288,0.06959633299265988,0.009047708008438349,0.069079499997315
74944,6087500.0,0.0,1237500.0,186048,238107.08499693315,4,20,0.013388814740385602,0.06425537500763312,0.007426291995216161,0.07047295800293796
72544,6087500.0,0.0,1137500.0,186752,238321.022597082,4,20,0.01323620857347174,0.06704533299489412,0.007099709007889032,0.06734637499903329
77344,6087500.0,0.0,1337500.0,184677,238040.5532107246,4,20,0.013859627351972279,0.06126416700135451,0.0075493330077733845,0.06304129099589773
75552,6287500.0,0.0,1262500.0,185387,238051.77218214248,4,20,0.013428957272336086,0.06878874999529216,0.007028624997474253,0.07576191599946469
11840,3487500.0,0.0,-1387500.0,187819,238834.61966903106,4,20,0.015543295263557083,0.06691375000809785,0.007944709010189399,0.0608349999965867
9440,3487500.0,0.0,-1487500.0,187691,238856.16342948112,4,20,0.015947091202721465,0.0635742080048658,0.010901334011578001,0.08110412501264364
70336,-4112500.0,0.0,1062500.0,188980,238930.52119989519,4,20,0.014851270841110679,0.07411895900440868,0.007540416001575068,0.07769766700221226
65536,-4112500.0,0.0,862500.0,189360,240479.71860273497,4,20,0.0306935847926081,0.06529050000244752,0.007061374999466352,0.06665950000751764
67936,-4112500.0,0.0,962500.0,189568,239446.28802145884,4,20,0.019158023285406608,0.06955066700174939,0.007198207997134887,0.0658300000068266
24416,2887500.0,0.0,-862500.0,190912,240476.60967870345,4,20,0.030651011930078766,0.06655083400255535,0.007516833997215144,0.06654791699838825
22016,2887500.0,0.0,-962500.0,190388,239699.3990572125,4,20,0.01950583874568565,0.06762854200496804,0.011516124999616295,0.07208816699858289
19616,2887500.0,0.0,-1062500.0,189980,239386.90572882586,4,20,0.01530578836349622,0.06892295800207648,0.007521250008721836,0.06931649999751244
22624,3087500.0,0.0,-937500.0,190628,239798.44257579904,4,20,0.02138762225957524,0.060232875010115094,0.007572917005745694,0.05907816700346302
20224,3087500.0,0.0,-1037500.0,190132,239363.58791913802,4,20,0.015848553126330295,0.06302695799968205,0.007433417005813681,0.07335299999976996
25024,3087500.0,0.0,-837500.0,190848,240787.35401252809,4,20,0.035048929254635444,0.07072683300066274,0.00731025000277441,0.07301437499700114
66496,4887500.0,0.0,887500.0,189824,240179.05369279496,4,20,0.026740908835337616,0.06910029100254178,0.007420708003337495,0.07000954200339038
39872,-712500.0,0.0,-212500.0,277504,269451.8883230776,16,816,0.048748140444303326,0.10213883400138002,0.007068040999001823,2.7875492090097396
69504,5087500.0,0.0,1012500.0,188672,239015.5505419943,4,20,0.016081681702843794,0.07318112500070129,0.008827249999740161,0.07079808400885668
67104,5087500.0,0.0,912500.0,189632,239871.53131117183,4,20,0.023596322869482583,0.07127904199296609,0.009031875000800937,0.07543733299826272
68896,4887500.0,0.0,987500.0,188864,239201.6101380453,4,20,0.017343561019581743,0.06777945799694862,0.009923750010784715,0.07861216699529905
71296,4887500.0,0.0,1087500.0,188288,238696.4914900282,4,20,0.014164783835247786,0.0746864170068875,0.008179875003406778,0.06977404200006276
18432,3287500.0,0.0,-1112500.0,189392,239106.33984259894,4,20,0.01423985729156362,0.0626282080047531,0.007745291994069703,0.07254495899542235
16032,3287500.0,0.0,-1212500.0,189428,238964.34975860576,4,20,0.01402531830969745,0.06794454201008193,0.00784429200575687,0.07042191599612124
13632,3287500.0,0.0,-1312500.0,188270,238921.36500352406,4,20,0.014853657424741947,0.06674612499773502,0.008817916008410975,0.06389720799052157
68480,-5512500.0,0.0,987500.0,187856,239107.43531869078,4,20,0.017214222197773604,0.06601237501308788,0.008608459000242874,0.06801912499940954
37472,-712500.0,0.0,-312500.0,247552,278486.3475020918,16,816,0.04924229895128078,0.09150070798932575,0.01311691600130871,2.7679528329899767
66080,-5512500.0,0.0,887500.0,188672,240169.35560005705,4,20,0.026631307944927258,0.061367415997665375,0.011052582995034754,0.07847774999390822
70880,-5512500.0,0.0,1087500.0,187328,238541.65609849364,4,20,0.013939463739597448,0.06150550000893418,0.007365625002421439,0.06389729099464603
27232,-1712500.0,0.0,-737500.0,192976,242290.9452328886,5,35,0.04860612706237902,0.06949650000024121,0.008299209002871066,0.12198016600450501
16640,3487500.0,0.0,-1187500.0,189108,238892.9367350467,4,20,0.013953659820551988,0.06870583300769795,0.008643167006084695,0.07249316599336453
14240,3487500.0,0.0,-1287500.0,188368,238833.01423805527,4,20,0.014674527663558595,0.0640163339994615,0.007687541990890168,0.0698271669971291
76032,3287500.0,0.0,1287500.0,188800,238965.10945599424,4,20,0.014646127701072188,0.06904008300625719,0.00885741699312348,0.07046141700993758
73632,3287500.0,0.0,1187500.0,189412,239026.16236310135,4,20,0.013972990638949152,0.07359429200005252,0.007566415995825082,0.07181220799975563
29632,-1712500.0,0.0,-637500.0,193280,245785.63607932394,8,120,0.04836949751240274,0.08272520899481606,0.009415583001100458,0.42606287500530016
76128,5687500.0,0.0,1287500.0,185288,238129.83098543898,4,20,0.013895941500113395,0.06425133299489971,0.010402125000837259,0.08180158399045467
73728,5687500.0,0.0,1187500.0,186688,238256.5788779159,4,20,0.013397719420111972,0.07180779200280085,0.007331583008635789,0.05832604199531488
19040,3487500.0,0.0,-1087500.0,189248,239078.70596183493,4,20,0.014533264820315717,0.065189625005587,0.008248332989751361,0.06953345800866373
23840,3487500.0,0.0,-887500.0,190448,240171.83847550332,4,20,0.026971189180908045,0.06309529200370889,0.007353625012910925,0.06253825000021607
21440,3487500.0,0.0,-987500.0,190720,239424.22980818409,4,20,0.017679796764949327,0.06959970899333712,0.00976954099314753,0.07327270800305996
66144,-3912500.0,0.0,887500.0,190272,240162.10287507167,4,20,0.026972928871076454,0.07455908300471492,0.007760249995044433,0.07227958299336024
69152,-3712500.0,0.0,1012500.0,189812,239245.96830479882,4,20,0.01646820091499761,0.06718333299795631,0.007643834003829397,0.06938829200225882
66752,-3712500.0,0.0,912500.0,190592,239915.48311772378,4,20,0.023854773147452973,0.06979987499653362,0.009921332995872945,0.06668262500897981
68544,-3912500.0,0.0,987500.0,189492,239322.17396293816,4,20,0.017612187756310516,0.07234012499975506,0.007516375000705011,0.06401849999383558
25472,-712500.0,0.0,-812500.0,189940,240543.33268738384,4,20,0.043195644929126684,0.06174083400401287,0.011513875011587515,0.06606983300298452
27872,-712500.0,0.0,-712500.0,191763,243089.76886756517,6,56,0.04933828506876171,0.06660870800260454,0.010628415999235585,0.19009583399747498
70496,-112500.0,0.0,1062500.0,191360,239901.03156114102,4,20,0.02208506167002299,0.0736099159985315,0.012728041008813307,0.0738447079929756
30272,-712500.0,0.0,-612500.0,194932,248016.1803302765,8,120,0.04883466661465084,0.06871254100406077,0.008493667002767324,0.4093247499986319
68096,-112500.0,0.0,962500.0,190656,239693.19312705586,4,20,0.02783956420177533,0.06733291699492838,0.011397792011848651,0.06217366700002458
65696,-112500.0,0.0,862500.0,190464,239905.4121048344,4,20,0.03641168379986774,0.06984012499742676,0.00844616700487677,0.07448570799897425
66432,3287500.0,0.0,887500.0,190720,240240.44078920034,4,20,0.027023056308078105,0.061387207999359816,0.007386917000985704,0.07342462499218527
39264,-912500.0,0.0,-237500.0,269504,272492.3421085363,18,1140,0.04703433680655947,0.09585962499841116,0.009642792007070966,3.9002460000046995
43616,2887500.0,0.0,-62500.0,291200,247499.2705459022,15,680,0.048631118541968874,0.11791016701317858,0.009831166011281312,2.357409792006365
71232,3287500.0,0.0,1087500.0,189568,239202.41440865907,4,20,0.0146370745325771,0.0715137910010526,0.009296333009842783,0.06667949999973644
47072,-712500.0,0.0,87500.0,301952,253677.14326849178,13,455,0.04933689962511697,0.1091754169901833,0.011514749989146367,1.5658528750063851
68832,3287500.0,0.0,987500.0,190464,239523.54237080837,4,20,0.017795133122037652,0.0706767090014182,0.009924958008923568,0.06334929200238548
71328,5687500.0,0.0,1087500.0,187200,238553.25302905997,4,20,0.013865516227462,0.07279279200884048,0.012307874989346601,0.06743137499142904
68928,5687500.0,0.0,987500.0,187584,239124.83880566602,4,20,0.01718534137978817,0.06846833300369326,0.009623167003155686,0.07849104200431611
66528,5687500.0,0.0,887500.0,188992,240189.61697559874,4,20,0.02662953619592452,0.06848224998975638,0.010489790991414338,0.0744401249976363
69664,-5912500.0,0.0,1037500.0,187328,238742.73095424278,4,20,0.01493662389142038,0.06727650000539143,0.007051416003378108,0.061881667003035545
67264,-5912500.0,0.0,937500.0,188160,239550.23060357294,4,20,0.020912460076429794,0.0789446249982575,0.008834874999593012,0.07174820800719317
64864,-5912500.0,0.0,837500.0,190096,241007.8605814949,4,20,0.03437207293450291,0.07859429199015722,0.008361416999832727,0.07454533300187904
68512,-4712500.0,0.0,987500.0,189056,239186.36761011992,4,20,0.017403575095627656,0.07629358299891464,0.007718291992205195,0.06640075000177603
66112,-4712500.0,0.0,887500.0,189504,240152.10536485395,4,20,0.026789418368542546,0.06837004200497176,0.007343374993070029,0.0784242919908138
32224,3087500.0,0.0,-537500.0,195968,249587.053215917,10,220,0.04826278382858126,0.0674447500059614,0.006948082998860627,0.7560452919860836
70912,-4712500.0,0.0,1087500.0,188268,238688.19668679658,4,20,0.014231523671326438,0.07008966700232122,0.007554249998065643,0.07984058400325011
34624,3087500.0,0.0,-437500.0,200951,254108.81902333634,10,220,0.0495250310436955,0.07181675000174437,0.010413583993795328,0.787225791005767
56672,-712500.0,0.0,487500.0,202240,258469.33687112416,10,220,0.04534612803056031,0.07865054201101884,0.009533165997709148,0.7388556250080001
54272,-712500.0,0.0,387500.0,219008,271449.13828285935,11,286,0.04707122799639467,0.07492229199851863,0.010362542001530528,0.9787760000035632
69472,4287500.0,0.0,1012500.0,188864,239155.96606259633,4,20,0.016333608538995514,0.07195929100271314,0.015588708003633656,0.0687202089902712
67072,4287500.0,0.0,912500.0,189936,239902.23130203845,4,20,0.02372513224636841,0.0643361249967711,0.007241208004415967,0.06796191599278245
67168,6687500.0,0.0,912500.0,188855,239867.00633884122,4,20,0.023403074306520975,0.05988062500546221,0.009940333009581082,0.06847974999982398
69568,6687500.0,0.0,1012500.0,186231,238900.34496559316,4,20,0.01571304234838888,0.06860462500480935,0.010268124999129213,0.08074520800437313
75008,-7312500.0,0.0,1262500.0,184811,237970.51049996004,4,20,0.013126747313893896,0.06938520900439471,0.010876166998059489,0.06399912499182392
36416,2887500.0,0.0,-362500.0,211008,258947.18808789446,11,286,0.04932785783688454,0.08082149999972899,0.010499665993847884,0.9659887500019977
72608,-7312500.0,0.0,1162500.0,185792,238173.65623978386,4,20,0.01285806194752605,0.06959220800490584,0.007360749994404614,0.060437707987148315
38816,2887500.0,0.0,-262500.0,238208,264373.7909151319,15,680,0.04825564841524331,0.08654920799017418,0.01113275000534486,2.325102041999344
24000,7487500.0,0.0,-887500.0,189376,240218.62099990365,4,20,0.026418300571080622,0.06656983299762942,0.011064249993069097,0.07091858300555032
21600,7487500.0,0.0,-987500.0,188400,239097.4514604367,4,20,0.0169555682667137,0.07229650000226684,0.00734520900005009,0.07039783299842384
41216,2887500.0,0.0,-162500.0,272320,254164.23783023618,16,816,0.04983265107804276,0.10570141699281521,0.008963041007518768,2.730139249993954
41824,3087500.0,0.0,-137500.0,276480,251315.7620011407,16,816,0.04799547053748635,0.10727566599962302,0.01098733399703633,2.757700832997216
44224,3087500.0,0.0,-37500.0,292288,247287.71695495895,16,816,0.048555930917768074,0.11473849999310914,0.00839362500119023,2.8210302089864854
23392,7287500.0,0.0,-912500.0,189824,239873.318068884,4,20,0.02334242597053236,0.06163829201250337,0.006780499999877065,0.06595916699734516
19200,7487500.0,0.0,-1087500.0,186880,238480.56939247524,4,20,0.01347849719726821,0.06343966699205339,0.0108652499911841,0.07514616700063925
20992,7287500.0,0.0,-1012500.0,187264,238906.4024500614,4,20,0.01566681395346037,0.06784625000727829,0.007555125004728325,0.0693172909959685
27424,3087500.0,0.0,-737500.0,191872,242602.3450817125,5,35,0.04433407085932444,0.06598612500238232,0.007638499999302439,0.12279687500267755
66976,1887500.0,0.0,912500.0,190400,240021.59636217542,4,20,0.025744201368660298,0.06640625,0.008115374992485158,0.07135241699870676
69376,1887500.0,0.0,1012500.0,190836,239822.43633855073,4,20,0.01895730414948955,0.05993725000007544,0.0069041669921716675,0.07239254099840764
66464,4087500.0,0.0,887500.0,189760,240188.03560992095,4,20,0.026968897965687532,0.06697370800247882,0.010646917013218626,0.057050750008784235
68864,4087500.0,0.0,987500.0,189440,239331.5508113475,4,20,0.01758198928733175,0.07534212499740534,0.008373791992198676,0.067608208002639
69600,7487500.0,0.0,1012500.0,187200,238889.17250346334,4,20,0.015614424266329889,0.06527525000274181,0.007906749990070239,0.06914541700098198
37632,3287500.0,0.0,-312500.0,218688,260471.32225851668,13,455,0.044761830458696306,0.07644375000381842,0.007346166006755084,1.5264473749994067
29824,3087500.0,0.0,-637500.0,194304,245574.77255162993,8,120,0.04879718865172788,0.06573079200461507,0.008344374989974312,0.39409891700779554
66592,7287500.0,0.0,887500.0,189824,240228.06978182416,4,20,0.026361529546918765,0.06774683299590833,0.00778708400321193,0.061454374997993
67200,7487500.0,0.0,912500.0,189696,239879.3015067602,4,20,0.023270762993304217,0.06967450000229292,0.008549666992621496,0.0762903339928016
68992,7287500.0,0.0,987500.0,188160,239084.87821506345,4,20,0.016900864932718026,0.06997445799061097,0.011703875003149733,0.08003008300147485
70272,-5712500.0,0.0,1062500.0,187328,238627.62464466156,4,20,0.01432903886468211,0.08092295798996929,0.013736125009017996,0.06255912499909755
67872,-5712500.0,0.0,962500.0,187536,239305.50138419634,4,20,0.018855048255497303,0.07849120799801312,0.008358457998838276,0.08374412500415929
65472,-5712500.0,0.0,862500.0,189300,240558.49465346654,4,20,0.030267599211646276,0.0845155419956427,0.0072147500031860545,0.05860504199517891
40032,3287500.0,0.0,-212500.0,247668,260309.39428690367,17,969,0.04610339240127742,0.08320933301001787,0.007355249996180646,3.3435299999982817
44032,-1712500.0,0.0,-37500.0,299136,248421.92657815505,14,560,0.04656286481871272,0.11588654200022575,0.007636542010004632,1.903138959009084
42976,1887500.0,0.0,-87500.0,296064,249262.69298826042,14,560,0.04891936959672327,0.11711400000785943,0.008719541991013102,1.941753457998857
70112,5287500.0,0.0,1037500.0,187664,238847.52286659862,4,20,0.01512630803470069,0.0665784999873722,0.006996790994890034,0.07252804200106766
41632,-1712500.0,0.0,-137500.0,287582,254425.69526593693,15,680,0.04550064334104282,0.10729416599497199,0.00723866700718645,2.3049132089945488
49472,-712500.0,0.0,187500.0,281472,265709.629354235,15,680,0.04979417202899975,0.0963864579971414,0.010128374997293577,2.282302207997418
67712,5287500.0,0.0,937500.0,189312,239592.5268716531,4,20,0.02100986299901841,0.06820487500226591,0.01000883300730493,0.06666199999745004
70176,6887500.0,0.0,1037500.0,186624,238728.61027058156,4,20,0.01470061980372778,0.06730500000412576,0.00930970799527131,0.06503304198849946
67776,6887500.0,0.0,937500.0,188975,239569.62010434084,4,20,0.020753862938179587,0.07009787499555387,0.011996165994787589,0.06885179098753724
57952,1287500.0,0.0,537500.0,196096,251897.54320856498,10,220,0.04591188586488492,0.07350058300653473,0.012211791996378452,0.7341467079968425
72128,-4312500.0,0.0,1137500.0,188171,238644.38076052137,4,20,0.013904325921541023,0.07435229199472815,0.009846000000834465,0.07605854199209716
74528,-4312500.0,0.0,1237500.0,187728,238496.86796354075,4,20,0.014228910649226552,0.07040312499157153,0.01036712501081638,0.06405887499568053
65088,-312500.0,0.0,837500.0,189952,240137.92059139023,4,20,0.03971293880137484,0.06745050000608899,0.008460584009299055,0.06596833300136495
67488,-312500.0,0.0,937500.0,190592,239685.47913547844,4,20,0.02919272069654972,0.07199499999114778,0.009030124987475574,0.07300329199642874
55552,1287500.0,0.0,437500.0,207552,260608.13203427484,10,220,0.04678392806012205,0.07315887499134988,0.010523207994992845,0.7449801670009037
69888,-312500.0,0.0,1037500.0,191232,239857.6668248602,4,20,0.023135700905173792,0.07000550000520889,0.009439708999707364,0.06814079200557899
67616,2887500.0,0.0,937500.0,190592,239881.45045618992,4,20,0.02153489792915142,0.07042225000623148,0.009664500001235865,0.07454545899236109
65216,2887500.0,0.0,837500.0,191296,240826.50621232882,4,20,0.03500233907352774,0.0699096659955103,0.009523166008875705,0.06348433399398346
70016,2887500.0,0.0,1037500.0,189952,239484.80803272515,4,20,0.01599906617372586,0.06332695799937937,0.007223958004033193,0.0632587500003865
63968,1687500.0,0.0,787500.0,191924,241233.2008530449,4,20,0.04715735178873332,0.07008124999993015,0.008580875000916421,0.07158920899382792
61568,1687500.0,0.0,687500.0,193216,243804.65250098903,7,84,0.046008626672533304,0.06583583299652673,0.007390708007733338,0.3141931660065893
31616,2887500.0,0.0,-562500.0,195744,248575.23656056615,10,220,0.04667395353214977,0.0635995000047842,0.006992708003963344,0.7653312500042375
70848,-6312500.0,0.0,1087500.0,186816,238460.8509549769,4,20,0.013648755962655227,0.06501574999128934,0.010609292003209703,0.06907033298921306
65440,-6512500.0,0.0,862500.0,189703,240593.37900269174,4,20,0.030125209209849926,0.06997712499287445,0.007095624998328276,0.0722427080036141
59168,1687500.0,0.0,587500.0,194432,248119.7018890893,9,165,0.04950848822577365,0.06568054200033657,0.009898415999487042,0.5684349160001148
68448,-6312500.0,0.0,987500.0,186880,239073.42828393105,4,20,0.017077636984862428,0.0639953339996282,0.007420583002385683,0.0714189160062233
34016,2887500.0,0.0,-462500.0,198760,253306.96995231448,11,286,0.044186864534687266,0.06607454200275242,0.006791624997276813,1.0015994580026018
66048,-6312500.0,0.0,887500.0,189120,240192.81642893906,4,20,0.026551831492295157,0.07088637500419281,0.007623166995472275,0.07037470799696166
67840,-6512500.0,0.0,962500.0,188351,239293.40416488846,4,20,0.018726887428865534,0.06740499999432359,0.010087874994496815,0.0661742500087712
70240,-6512500.0,0.0,1062500.0,186368,238575.27569044262,4,20,0.014079179461644145,0.06430375001218636,0.010793374996865168,0.07109566600411199
67296,-5112500.0,0.0,937500.0,190128,239571.83136121908,4,20,0.021028943704923902,0.07501691700599622,0.010004041003412567,0.06530729199585039
70304,-4912500.0,0.0,1062500.0,188224,238746.84044235214,4,20,0.014614602790570351,0.07087175000924617,0.010846167002455331,0.07191804199828766
65504,-4912500.0,0.0,862500.0,190004,240513.79448001934,4,20,0.0304062455508758,0.07522516600147355,0.012063375004800037,0.05976158300472889
67904,-4912500.0,0.0,962500.0,189120,239350.97024744362,4,20,0.018972037517827334,0.0663751670072088,0.008752499998081475,0.07352808299765456
69696,-5112500.0,0.0,1037500.0,188304,238833.3218190134,4,20,0.01519219636096456,0.07226945899310522,0.009004207997350022,0.0679623750038445
26080,-512500.0,0.0,-787500.0,190528,240945.1264264404,4,20,0.04902919513751735,0.06582970899762586,0.007825332999345846,0.06978583399904892
66880,-512500.0,0.0,912500.0,190336,239728.40346386933,4,20,0.030391680099430194,0.0707786249986384,0.00745883300260175,0.06426504199043848
64480,-512500.0,0.0,812500.0,189440,240484.2427618397,4,20,0.04361492368989407,0.0662944170035189,0.011798791994806379,0.06684616600978188
69280,-512500.0,0.0,1012500.0,191424,239815.2562924813,4,20,0.02385108942926621,0.06394412499503233,0.008975916003691964,0.07057283399626613
28480,-512500.0,0.0,-687500.0,192031,244135.1766382249,7,84,0.04637788667259177,0.07095604200731032,0.008988583998871036,0.31707662499684375
22784,7087500.0,0.0,-937500.0,189184,239571.75568448985,4,20,0.02077563619953694,0.06895812500442844,0.01026154198916629,0.06238854199182242
20384,7087500.0,0.0,-1037500.0,186752,238741.6817248281,4,20,0.01471844485145811,0.06775516700872686,0.00877608300652355,0.07096308299514931
67648,3687500.0,0.0,937500.0,190720,239743.71286618113,4,20,0.021299777537841232,0.07602179200330283,0.007603916004882194,0.06507104200136382
70048,3687500.0,0.0,1037500.0,189824,239199.3488383465,4,20,0.015605719070811024,0.07530383300036192,0.008802584008662961,0.06887858400295954
65856,3887500.0,0.0,862500.0,189824,240505.26888662155,4,20,0.030728090168530755,0.06662633300584275,0.007491249998565763,0.06824704199971166
30880,-512500.0,0.0,-587500.0,196672,249795.1371167985,9,165,0.0474341769649636,0.06678762499359436,0.0074394999974174425,0.6095448329870123
51872,-712500.0,0.0,287500.0,254757,278478.7135390145,19,1330,0.047879372122867456,0.08758116699755192,0.0077223329863045365,4.606958917007432
70656,3887500.0,0.0,1062500.0,189184,239049.1435440265,4,20,0.01491636999401947,0.06789833299990278,0.007026749997748993,0.08000204199925065
68256,3887500.0,0.0,962500.0,189684,239527.71078202178,4,20,0.019198881258638962,0.06512537499656901,0.010797417009598576,0.07214808299613651
68384,7087500.0,0.0,962500.0,188864,239312.2228630088,4,20,0.01860295404581472,0.06784270900243428,0.010716958000557497,0.0718605000001844
65984,7087500.0,0.0,862500.0,190512,240619.13548748422,4,20,0.02998744101532503,0.06903945899102837,0.009869125002296641,0.07870250000269152
70784,7087500.0,0.0,1062500.0,186624,238577.55983581487,4,20,0.013965658068037446,0.06475933300680481,0.009200625005178154,0.06362800000351854
73216,-7112500.0,0.0,1187500.0,184896,238108.77321795758,4,20,0.012891449875078955,0.07207233300141525,0.007683999996515922,0.06828900000255089
75616,-7112500.0,0.0,1287500.0,184124,237949.21776103458,4,20,0.013263343178227433,0.06018195899378043,0.011454042003606446,0.06880645800265484
80160,1487500.0,0.0,1462500.0,190554,239623.9523358496,4,20,0.015696180950806552,0.07487704200320877,0.008872750011505559,0.07948891700652894
77760,1487500.0,0.0,1362500.0,190160,239715.09675609926,4,20,0.014948573026203735,0.0673346250114264,0.012222332996316254,0.07819158300117124
82560,1487500.0,0.0,1562500.0,190346,239557.22881112728,4,20,0.016161991205757977,0.07765695899433922,0.009381915995618328,0.07180966700252611
32672,-712500.0,0.0,-512500.0,199808,256078.30269639572,9,165,0.04997023250441385,0.07852362500852905,0.011724665993824601,0.5990563330124132
76608,2687500.0,0.0,1312500.0,189151,239257.934693182,4,20,0.014671657708866031,0.07242812500044238,0.009753791993716732,0.06989654099743348
74208,2687500.0,0.0,1212500.0,189748,239312.51763704926,4,20,0.014025779723830808,0.07292279199464247,0.007741458000964485,0.07853666700248141
35072,-712500.0,0.0,-412500.0,214976,268213.6831463423,11,286,0.04360515333627135,0.08319483300147112,0.011538999999174848,1.082422667008359
71808,2687500.0,0.0,1112500.0,190100,239424.54810907328,4,20,0.014547877340424608,0.08084062499983702,0.01128791700466536,0.07533762500679586
54976,1887500.0,0.0,412500.0,208640,259648.9262886099,10,220,0.04963048941621401,0.08117029198911041,0.00840487499954179,0.7908430420065997
57376,1887500.0,0.0,512500.0,196160,252112.9942145743,10,220,0.04791317732850087,0.07548054200015031,0.010881084002903663,0.8097603339992929
73152,6287500.0,0.0,1162500.0,186112,238224.72235655703,4,20,0.01310904713168804,0.062072540997178294,0.007388208003249019,0.07058037500246428
76160,6487500.0,0.0,1287500.0,184555,238010.04932777394,4,20,0.013442293416730122,0.07175308300065808,0.007554958006949164,0.07015737499750685
73760,6487500.0,0.0,1187500.0,185264,238146.78244463677,4,20,0.013047512766358113,0.07019266700081062,0.007464791997335851,0.07779933299752884
73920,-4512500.0,0.0,1212500.0,187840,238452.9595173999,4,20,0.013991041303738256,0.08244350001041312,0.007383000003756024,0.08603504199709278
71520,-4512500.0,0.0,1112500.0,187936,238653.76083273187,4,20,0.014006777250978347,0.06921958300517872,0.007337291011936031,0.0745233749912586
48384,2087500.0,0.0,137500.0,287232,252808.94975498205,15,680,0.04721762131046087,0.10955108399502933,0.007514500000979751,2.444904999996652
45984,2087500.0,0.0,37500.0,300160,247940.29953645758,15,680,0.04461893973781237,0.1250252919999184,0.00819979100197088,2.4427564579964383
46592,2287500.0,0.0,62500.0,296320,247936.82604297283,15,680,0.043843979084215765,0.11085199999797624,0.008281209011329338,2.5244044579885667
76320,-4512500.0,0.0,1312500.0,186231,238389.36213938397,4,20,0.014777802657365308,0.06767466700694058,0.010759958997368813,0.06797150000056718
67008,2687500.0,0.0,912500.0,190144,240067.85274532,4,20,0.02410704938782384,0.0662363750016084,0.013008000008994713,0.07070179199217819
69408,2687500.0,0.0,1012500.0,190400,239616.9716276349,4,20,0.017028785361852497,0.07266225000785198,0.01196624999283813,0.07573012499778997
72288,-312500.0,0.0,1137500.0,191280,239976.32591311648,4,20,0.01833047047378132,0.07639558300434146,0.008365334011614323,0.07077191599819344
74688,-312500.0,0.0,1237500.0,191168,239953.92599298537,4,20,0.01563129009893081,0.06662237500131596,0.007026708000921644,0.07550933401216753
73120,5487500.0,0.0,1162500.0,187008,238345.81707395866,4,20,0.013448314635709467,0.06804895799723454,0.008679500009748153,0.06789262501115445
75520,5487500.0,0.0,1262500.0,186503,238194.77729657854,4,20,0.013872368798569783,0.07062445799238048,0.008831624989397824,0.07909704199119005
39232,-1712500.0,0.0,-237500.0,265381,269765.71492396365,20,1540,0.04764912964134156,0.08807712500856724,0.008188916996004991,5.397661832990707
84992,2287500.0,0.0,1662500.0,189255,239342.35726763247,4,20,0.016073370576425584,0.06560720800189301,0.007688958998187445,0.076806500001112
88000,2487500.0,0.0,1787500.0,189088,239291.7960646948,4,20,0.01589063050287788,0.06670266600849573,0.007633959001395851,0.07167633299832232
89792,2287500.0,0.0,1862500.0,188480,240203.75279674088,4,20,0.0002743499266633751,0.07583887499640696,0.012507666993769817,0.0673336659965571
85600,2487500.0,0.0,1687500.0,189096,239288.32694050422,4,20,0.015997291258813696,0.07270408299518749,0.00928970800305251,0.07714979199226946
72640,-6512500.0,0.0,1162500.0,185464,238182.25142174598,4,20,0.013029446121612763,0.06634283400489949,0.007484666988602839,0.06708891699963715
75040,-6512500.0,0.0,1262500.0,185207,238003.29549788556,4,20,0.013324705482563252,0.06809570899349637,0.007639750008820556,0.06380120800167788
73248,-6312500.0,0.0,1187500.0,185719,238133.8744817868,4,20,0.013124570405812136,0.0707376249920344,0.0073223749932367355,0.06276116700610146
25440,-1512500.0,0.0,-812500.0,191488,240774.990256887,4,20,0.04211135943145618,0.07327675000124145,0.010785000005853362,0.06922258299891837
27840,-1512500.0,0.0,-712500.0,192884,242984.43052190743,6,56,0.04952664468253091,0.06793887499952689,0.009067959006642923,0.19202066700381692
62080,-512500.0,0.0,712500.0,191360,243055.0492446017,6,56,0.049503280795925385,0.06816616700962186,0.01063425000756979,0.20760249999875668
30240,-1512500.0,0.0,-612500.0,193216,247187.24434419328,9,165,0.047619052297312746,0.06989975000033155,0.010197166993748397,0.5891111249948153
72448,3687500.0,0.0,1137500.0,188916,238922.84813935016,4,20,0.014003991145544622,0.0704061249998631,0.00952000000688713,0.07151662500109524
74848,3687500.0,0.0,1237500.0,188563,238800.8859841499,4,20,0.01425912864848515,0.0727914999879431,0.007911667009466328,0.06649604199628811
59680,-512500.0,0.0,612500.0,194624,248080.47828585815,8,120,0.048650976042884736,0.0781127919908613,0.01004279100743588,0.4172036669915542
73056,3887500.0,0.0,1162500.0,188548,238796.60484272367,4,20,0.013910264688006744,0.07199574999685865,0.009225292000337504,0.08047045799321495
71840,3487500.0,0.0,1112500.0,188864,239059.59206577655,4,20,0.014247139269424475,0.07064874999923632,0.007507624992285855,0.06467187500675209
75456,3887500.0,0.0,1262500.0,188032,238700.66378551585,4,20,0.014467827780927223,0.06819633299892303,0.0105923749943031,0.07365062499593478
74240,3487500.0,0.0,1212500.0,189028,238907.8113649396,4,20,0.014082217754971036,0.07411045899789315,0.007529750000685453,0.07226270801038481
76640,3487500.0,0.0,1312500.0,187951,238865.7611210886,4,20,0.01493133369448703,0.06925404199864715,0.008005416006199084,0.06680724999750964
88608,2687500.0,0.0,1812500.0,188712,239225.48470063685,4,20,0.015879405573335698,0.07225758400454652,0.007040666998364031,0.07048100000247359
86208,2687500.0,0.0,1712500.0,188740,239229.43758984088,4,20,0.01594157138678553,0.07158629200421274,0.010253333006403409,0.06071262499608565
83808,2687500.0,0.0,1612500.0,188523,239211.40593743013,4,20,0.016059747853931446,0.06562154099810869,0.007986666998476721,0.07191133299784269
74976,6887500.0,0.0,1237500.0,185183,238032.42420939778,4,20,0.013081164680637808,0.07459891699545551,0.007573708004201762,0.07293862500227988
47200,2487500.0,0.0,87500.0,291648,248539.28114148127,15,680,0.04570886983057212,0.11214475000451785,0.010748625005362555,2.352566499990644
72576,6887500.0,0.0,1137500.0,185710,238259.3382698573,4,20,0.012997695492696013,0.07258258400543127,0.011317707991111092,0.0732474579999689
77376,6887500.0,0.0,1337500.0,183700,237950.0735960398,4,20,0.013487935398295672,0.07212808400799986,0.008909042007871903,0.06942287500714883
72064,-5912500.0,0.0,1137500.0,187091,238307.46069371546,4,20,0.013314278655542997,0.07476074999431148,0.00794537499314174,0.07271483400836587
74464,-5912500.0,0.0,1237500.0,186615,238098.99582946594,4,20,0.01349695810883274,0.06603250000625849,0.009036041999934241,0.0749424999958137
41984,7087500.0,0.0,-137500.0,247239,247798.01143432895,17,969,0.043544771113592055,0.0880257920071017,0.00723808299517259,3.523496708003222
57440,3487500.0,0.0,512500.0,197176,250746.57739796326,11,286,0.046300970477767094,0.07194500000332482,0.008734540999284945,1.0187677079957211
44384,7087500.0,0.0,-37500.0,283264,243186.9124437448,19,1330,0.04693732066091636,0.09839287500653882,0.010888750010053627,4.7313074999983655
47840,3487500.0,0.0,112500.0,279296,249296.35666387534,16,816,0.04684419001533,0.10694716600119136,0.011653833003947511,2.943690084008267
76000,2487500.0,0.0,1287500.0,189892,239373.15583999958,4,20,0.014386993384549377,0.07504075000179,0.009068708997801878,0.06930999999167398
50080,-512500.0,0.0,212500.0,277312,270161.5360197932,16,816,0.04855193335723461,0.10547962501004804,0.00818112499837298,2.9667002089991
73600,2487500.0,0.0,1187500.0,190504,239441.00909854352,4,20,0.014095613929214058,0.07074999999895226,0.007643624994670972,0.0689349169988418
75392,2287500.0,0.0,1262500.0,189794,239491.96958074407,4,20,0.014207781493725194,0.06966770900180563,0.009211042008246295,0.07131716700678226
71200,2487500.0,0.0,1087500.0,190720,239557.66056355837,4,20,0.015240549364617237,0.07009129200014286,0.012033833001623861,0.059581833993433975
72992,2287500.0,0.0,1162500.0,190516,239565.42784174063,4,20,0.014431170385400219,0.07221816599485464,0.010156916992855258,0.06928345799678937
83264,4087500.0,0.0,1587500.0,187000,238677.3018583851,4,20,0.015750004340477335,0.06990083299751859,0.008184124992112629,0.06919150000612717
88064,4087500.0,0.0,1787500.0,187318,238757.26151758045,4,20,0.015553150046207925,0.0676373330061324,0.007557124990853481,0.0723323749989504
85664,4087500.0,0.0,1687500.0,186855,238718.40939125334,4,20,0.015596427384634487,0.06623966700863093,0.008183082987670787,0.07003129100485239
75584,7087500.0,0.0,1262500.0,184627,237985.27008475436,4,20,0.013153802624824022,0.06553266599075869,0.009827750007389113,0.06431708300078753
75104,-4912500.0,0.0,1262500.0,186795,238289.18591809188,4,20,0.014199800406380594,0.06388445799530018,0.007809250004356727,0.06268629198893905
73184,7087500.0,0.0,1162500.0,185536,238183.74618667236,4,20,0.012879675364107475,0.060866875006468035,0.01028937500086613,0.07676037501369137
45440,3487500.0,0.0,12500.0,291776,247422.64802942125,17,969,0.04844766626332826,0.11937287499313243,0.011051208988646977,3.4316477910033427
52480,-512500.0,0.0,312500.0,247616,278997.82828907226,17,969,0.04796991624622835,0.09195887499663513,0.011295874995994382,3.452963457995793
72704,-4912500.0,0.0,1162500.0,187839,238422.86036128353,4,20,0.013692879324800863,0.06346954200125765,0.008763416000874713,0.06339429100626148
62240,3487500.0,0.0,712500.0,192384,243393.6577762813,5,35,0.04893738463149364,0.06848954201268498,0.007894958005636,0.10734620799485128
64640,3487500.0,0.0,812500.0,191488,241235.430038007,4,20,0.03991949041865689,0.0710512500081677,0.012047500000335276,0.07554862501274329
75872,-712500.0,0.0,1287500.0,189556,239900.4830089671,4,20,0.014969060033028423,0.06918966700322926,0.010576792003121227,0.06461454198870342
72864,-912500.0,0.0,1162500.0,190623,239966.50445207933,4,20,0.01660447787878608,0.06323162499757018,0.007380167007795535,0.06716449999657925
55040,3487500.0,0.0,412500.0,202176,254867.23312475882,11,286,0.04487030326155274,0.07795341599558014,0.008277375003672205,0.9730767909932183
73472,-712500.0,0.0,1187500.0,190516,239969.76956187526,4,20,0.016249099975175155,0.07010304099821951,0.010446750005939975,0.061443707993021235
75264,-912500.0,0.0,1262500.0,189931,239910.56000280718,4,20,0.014983544669734308,0.06942229099513497,0.0072339580074185506,0.06842133299505804
71072,-712500.0,0.0,1087500.0,191028,239947.91284918805,4,20,0.019672326368864963,0.07440574999782257,0.007998665998457,0.07003845799772535
74880,4487500.0,0.0,1237500.0,187767,238492.70918460973,4,20,0.0141659466141092,0.06605695799225941,0.007910917003755458,0.06688895900151692
72480,4487500.0,0.0,1137500.0,187956,238643.6141734963,4,20,0.013846505618317505,0.06337758401059546,0.011912374990060925,0.06984112500504125
71936,5887500.0,0.0,1112500.0,187264,238428.58042302288,4,20,0.013478563297674438,0.06267733400454745,0.009390667008119635,0.06936545799544547
76736,5887500.0,0.0,1312500.0,184991,238077.22975086657,4,20,0.01388849156652772,0.06792162499914411,0.011433208012022078,0.07261116700829007
74336,5887500.0,0.0,1212500.0,186704,238177.11625185414,4,20,0.013382919736232545,0.06780533399432898,0.010896499996306375,0.07070033399213571
59840,3487500.0,0.0,612500.0,194496,246662.01819671394,9,165,0.04622531335680786,0.07488695799838752,0.007885040991823189,0.5471465829905355
69632,-6712500.0,0.0,1037500.0,186231,238717.95053837312,4,20,0.014745952829371922,0.067985834000865,0.010265167002216913,0.07777387500391342
81728,-4312500.0,0.0,1537500.0,186503,238525.8075253642,4,20,0.015683522956231696,0.067519332995289,0.008235792003688402,0.06276899999647867
67232,-6712500.0,0.0,937500.0,188551,239556.10197789778,4,20,0.020803627613457762,0.07400074999895878,0.011476542000309564,0.07439383400196675
76928,-4312500.0,0.0,1337500.0,186210,238460.03232902838,4,20,0.015053289715727773,0.06417016699560918,0.008953583004768007,0.07159287499962375
79328,-4312500.0,0.0,1437500.0,186335,238492.6996118221,4,20,0.015558064012118698,0.0643842089921236,0.009607915999367833,0.07157220899534877
37024,3087500.0,0.0,-337500.0,213824,259368.75026315634,12,364,0.046022395191839593,0.08012454200070351,0.00952991699159611,1.3295514999917941
72416,2887500.0,0.0,1137500.0,189824,239288.51913092757,4,20,0.014159175308094908,0.07693379199190531,0.012971584001206793,0.0730962920060847
74816,2887500.0,0.0,1237500.0,189492,239191.41323321388,4,20,0.014144718550495441,0.07110195800487418,0.00858616600453388,0.0700325000070734
77216,2887500.0,0.0,1337500.0,188323,239153.6294913117,4,20,0.014994921127411031,0.06809345800138544,0.007695375010371208,0.07876941699942108
36992,2287500.0,0.0,-337500.0,218880,263982.89691083337,12,364,0.04963165619122004,0.07942366600036621,0.016321290997439064,1.333893667004304
76704,5087500.0,0.0,1312500.0,185707,238266.44059178422,4,20,0.014440274766846025,0.0699523330113152,0.0077705419971607625,0.07806945800257381
73696,4887500.0,0.0,1187500.0,187968,238432.04459911992,4,20,0.013742092350386315,0.07619220799824689,0.012430165996192954,0.06593349999457132
76096,4887500.0,0.0,1287500.0,185811,238332.8575180108,4,20,0.014387279934750162,0.06998212500184309,0.00789587500912603,0.07605016700108536
71904,5087500.0,0.0,1112500.0,188084,238567.24311266004,4,20,0.013801832526865988,0.06637433300784323,0.010032624995801598,0.08748150001338217
74304,5087500.0,0.0,1212500.0,187520,238346.45668695448,4,20,0.013777853923851802,0.08850695799628738,0.009774541991646402,0.08187458399333991
82624,3087500.0,0.0,1562500.0,188523,239060.1113286189,4,20,0.016040198847271023,0.06711291700776201,0.008881792004103772,0.07396491599502042
80224,3087500.0,0.0,1462500.0,188331,239061.96679040813,4,20,0.015877651713193896,0.06790875000297092,0.00735158400493674,0.06507245800457895
77824,3087500.0,0.0,1362500.0,188532,239054.33757040513,4,20,0.015288302903277477,0.06975383299868554,0.010003499992308207,0.07106945899431594
76832,-6712500.0,0.0,1337500.0,183416,237943.68537840393,4,20,0.013554624519405525,0.06817791699722875,0.008368208989850245,0.08223358399118297
74432,-6712500.0,0.0,1237500.0,184790,238022.1338558157,4,20,0.013138579001641521,0.06880008299776819,0.007294958006241359,0.0694717500009574
72032,-6712500.0,0.0,1137500.0,185399,238246.50933114093,4,20,0.013047852583764981,0.0661873749922961,0.0073932079976657405,0.0746304579952266
39424,3087500.0,0.0,-237500.0,243584,262433.7482045472,16,816,0.046847958491330235,0.08359808300156146,0.00888391699118074,2.907074624992674
40480,-512500.0,0.0,-187500.0,282432,266377.3307966131,15,680,0.04936006175020073,0.10926366700732615,0.008491707994835451,2.481031333009014
32640,-1512500.0,0.0,-512500.0,196288,253847.75748733108,10,220,0.04664503720839849,0.07422899999073707,0.007596915995236486,0.8050175420066807
35040,-1512500.0,0.0,-412500.0,211584,264121.86774061335,11,286,0.045917660648458244,0.07999766699504107,0.00806354200176429,1.0401116669963812
38784,2087500.0,0.0,-262500.0,248704,268263.21124753443,17,969,0.04833428102757626,0.08266745800210629,0.012705625005764887,3.5849620000080904
37664,4087500.0,0.0,-312500.0,212416,258069.2727502894,12,364,0.046689705561626424,0.0791203749977285,0.009583749997545965,1.3416851670044707
32192,2287500.0,0.0,-537500.0,195968,250051.57186626058,10,220,0.04753738609764625,0.07269924999854993,0.008208291008486412,0.8445861669897567
72384,2087500.0,0.0,1137500.0,190644,239683.05349002953,4,20,0.015004278107289522,0.07040687500557397,0.00817291699058842,0.06760145799489692
74784,2087500.0,0.0,1237500.0,190480,239604.19003474255,4,20,0.01424783864427948,0.07625450000341516,0.00742033300048206,0.08069412500481121
31584,2087500.0,0.0,-562500.0,195008,249063.18438055128,10,220,0.04577156142163738,0.08128516600118019,0.008095833996776491,0.7923353749938542
71872,4287500.0,0.0,1112500.0,188372,238769.66234183044,4,20,0.014060514827563972,0.07989095798984636,0.010787624996737577,0.07977216599101666
76672,4287500.0,0.0,1312500.0,186167,238526.83174428617,4,20,0.014843642840992774,0.07218333399214316,0.008394167001824826,0.06304583301243838
74272,4287500.0,0.0,1212500.0,188096,238582.10289762492,4,20,0.014038157028859122,0.06883254200511146,0.01214737500413321,0.08532466599717736
33984,2087500.0,0.0,-462500.0,200576,255046.1096295537,10,220,0.04802248361983397,0.0861412499943981,0.0121795419981936,0.8115964580065338
36384,2087500.0,0.0,-362500.0,215936,263442.67095186264,12,364,0.045516807040121614,0.08333870899514295,0.00788970799476374,1.3534412080043694
71968,6687500.0,0.0,1112500.0,185847,238356.0033574913,4,20,0.013228631901987283,0.06850500000291504,0.008042125002248213,0.07287345800432377
74368,6687500.0,0.0,1212500.0,184939,238083.1822220653,4,20,0.013040845877123074,0.06864800000039395,0.007739249995211139,0.06943470900296234
76768,6687500.0,0.0,1312500.0,183422,237974.88599862708,4,20,0.013460048072533043,0.06666929200582672,0.010050291995867155,0.07361245898937341
38080,-512500.0,0.0,-287500.0,255942,279003.47153967456,19,1330,0.04815045761803832,0.08838720800122246,0.007338625000556931,4.891838417010149
76352,-3712500.0,0.0,1312500.0,187363,238707.61355166044,4,20,0.014949375473962087,0.06651770901225973,0.007876125004258938,0.06832795799709857
73952,-3712500.0,0.0,1212500.0,188928,238754.67725872484,4,20,0.014093257776669945,0.0662335829983931,0.008997791999718174,0.06951258399931248
71552,-3712500.0,0.0,1112500.0,189120,238919.7329128164,4,20,0.014194374032818044,0.07002124999416992,0.00753754201286938,0.070036583012552
75744,-3912500.0,0.0,1287500.0,186919,238623.08640468164,4,20,0.014703947848156733,0.07135808399470989,0.011666375008644536,0.06732937500055414
73344,-3912500.0,0.0,1187500.0,188540,238695.55339729635,4,20,0.01395902876047026,0.06980920799833257,0.007582999998703599,0.0731772080034716
63264,-912500.0,0.0,762500.0,190836,241520.12860598552,5,35,0.04623331900692859,0.07581666699843481,0.007347291000769474,0.13178854100988247
63872,-712500.0,0.0,787500.0,190708,240934.64504022297,4,20,0.048806860870832976,0.06909220899979118,0.00845629200921394,0.0694554999936372
60864,-912500.0,0.0,662500.0,192244,245077.9941650785,7,84,0.049796496126753804,0.07113620900781825,0.008551624996471219,0.2981087079970166
61472,-712500.0,0.0,687500.0,192284,244019.85969648857,7,84,0.04660146857356003,0.074483375006821,0.0074992080044467,0.3183263749961043
40064,4087500.0,0.0,-212500.0,240192,258960.60361239107,16,816,0.04694741809470363,0.08740270900307223,0.009539291000692174,2.9945566250098636
74176,1887500.0,0.0,1212500.0,190696,239710.65714583168,4,20,0.014440199113538589,0.0777063330024248,0.010154624993447214,0.09049095799855422
59072,-712500.0,0.0,587500.0,195828,249496.41064197253,9,165,0.047797179753999344,0.07146291699609719,0.007501500003854744,0.6144027499976801
71776,1887500.0,0.0,1112500.0,190852,239781.62942528242,4,20,0.01587766795477688,0.08111004201055039,0.010364458998083137,0.0731344999949215
76576,1887500.0,0.0,1312500.0,190132,239637.55366761543,4,20,0.01454971391974555,0.07320720799907576,0.011155333995702676,0.08352312500937842
59360,6487500.0,0.0,587500.0,196591,248827.95828703485,9,165,0.04666063759075197,0.07367483300913591,0.009227916991221718,0.6514383330068085
73088,4687500.0,0.0,1162500.0,188276,238530.3142809924,4,20,0.013743896669155351,0.07798387500224635,0.010613040998578072,0.07705574999272358
75488,4687500.0,0.0,1262500.0,187024,238410.2675742427,4,20,0.014287396570967755,0.07699016599508468,0.0081788750103442,0.07150670798728243
54560,6487500.0,0.0,387500.0,200884,255159.13816173468,11,286,0.04629582934317153,0.07343666699307505,0.010446415995829739,1.0623567910079146
74496,-5112500.0,0.0,1237500.0,187292,238261.4961341393,4,20,0.013931233199072657,0.07308274999377318,0.008176832998287864,0.07763083299505524
76288,-5312500.0,0.0,1312500.0,186003,238156.0489482047,4,20,0.014313371922814757,0.0689384169963887,0.008111959003144875,0.07508308401156683
72096,-5112500.0,0.0,1137500.0,188212,238440.71198135611,4,20,0.013653430209505846,0.07968820800306275,0.011856665994855575,0.07962083400343545
56960,6487500.0,0.0,487500.0,197428,252790.06668057933,11,286,0.046790934569875986,0.0786622910090955,0.009500125001068227,1.0599327920062933
71488,-5312500.0,0.0,1112500.0,187797,238480.00368632682,4,20,0.013717843552386746,0.07625966701016296,0.011949334002565593,0.07078041599015705
73888,-5312500.0,0.0,1212500.0,187328,238247.02083350325,4,20,0.013692079377547956,0.077088833990274,0.011722791998181492,0.08076325000729412
80896,4887500.0,0.0,1487500.0,184811,238376.04697632007,4,20,0.01523571822823417,0.07012395799392834,0.007998041997780092,0.07066529199073557
78496,4887500.0,0.0,1387500.0,185183,238335.0004555337,4,20,0.014979530127820011,0.08199029199022334,0.008772875007707626,0.07790029099851381
79104,5087500.0,0.0,1412500.0,185140,238285.1344498885,4,20,0.014908089450421847,0.07023870799457654,0.010178291995543987,0.07562429099925794
81504,5087500.0,0.0,1512500.0,185003,238328.96390663472,4,20,0.015088432644776427,0.0774881249963073,0.008856207990902476,0.07619441700808238
37120,5487500.0,0.0,-337500.0,204288,255551.22744845535,11,286,0.04774280771175814,0.08100545799243264,0.008815082997898571,1.0648849590070313
43072,4287500.0,0.0,-87500.0,275968,246962.7361801226,17,969,0.04632860067806684,0.11050412499753293,0.0087493339960929,3.6871537910046754
75424,3087500.0,0.0,1262500.0,189236,239075.40485581945,4,20,0.01436613503766671,0.07953533298859838,0.010106375004397705,0.07279341600951739
73024,3087500.0,0.0,1162500.0,189940,239154.01462360926,4,20,0.013978804295985154,0.07161150001047645,0.00785066701064352,0.0756818329973612
72512,5287500.0,0.0,1137500.0,188072,238449.2743719742,4,20,0.013568918185260318,0.0813385829969775,0.008655291996547021,0.07326933300646488
47680,-512500.0,0.0,112500.0,298880,256650.6620702811,14,560,0.044864870362224196,0.12277012498816475,0.011550958006409928,2.050335249994532
45280,-512500.0,0.0,12500.0,312632,252863.73779469435,14,560,0.0472737773064065,0.12705450000066776,0.010581374997855164,2.1228255000023637
74912,5287500.0,0.0,1237500.0,187435,238268.15700123683,4,20,0.013831714463251415,0.07226087499293499,0.010817292000865564,0.07642616699740756
77312,5287500.0,0.0,1337500.0,186143,238210.15909729182,4,20,0.014456940191174161,0.07099362499138806,0.00917249999474734,0.08151899999938905
75680,-5512500.0,0.0,1287500.0,185646,238122.48377179683,4,20,0.014025253868344079,0.07511950000480283,0.00824595900485292,0.07899833300325554
73280,-5512500.0,0.0,1187500.0,187008,238246.84838049422,4,20,0.013491931870248717,0.07219920899660792,0.010504833000595681,0.06922787500661798
41888,4687500.0,0.0,-137500.0,258432,250101.9316021842,17,969,0.044574095821113574,0.10706174999359064,0.008180958000593819,3.626087416007067
39520,5487500.0,0.0,-237500.0,225268,255768.2258068956,14,560,0.04561857109736939,0.08344654100073967,0.007961249997606501,2.0223669999977574
44288,4687500.0,0.0,-37500.0,287296,245897.12436359958,18,1140,0.04897260530919088,0.12556474999291822,0.00991329200041946,4.194493208007771
53856,3887500.0,0.0,362500.0,206336,256378.5558435988,11,286,0.047366637180070656,0.0768217500008177,0.009918750001816079,1.0456554160045926
37440,-1512500.0,0.0,-312500.0,238400,274735.68719546596,14,560,0.04919421080957999,0.0846014999988256,0.00984991600853391,2.001884583994979
41920,5487500.0,0.0,-137500.0,250688,249355.54142140635,17,969,0.04786524383090956,0.0899767079972662,0.008321166998939589,3.3830314169899793
53248,3687500.0,0.0,337500.0,210624,257295.52705551762,12,364,0.04361880121098298,0.07863045801059343,0.008170375003828667,1.3061578329943586
50848,3687500.0,0.0,237500.0,236672,260407.9447261737,15,680,0.047828553387126604,0.0875377079937607,0.008898375002900138,2.4234739579987945
39840,-1512500.0,0.0,-212500.0,272704,266291.9588137918,17,969,0.049136512774327845,0.10745187501015607,0.007894958005636,3.4222336660022847
35232,3287500.0,0.0,-412500.0,202460,255245.93111530726,10,220,0.04998775290580216,0.07719016700866632,0.009773750003660098,0.7593002499925205
32832,3287500.0,0.0,-512500.0,196416,250730.98669988735,11,286,0.04599025645421268,0.07150187499064486,0.010605000003124587,1.0431864580023102
81536,5887500.0,0.0,1512500.0,183971,238139.45830161075,4,20,0.01443868991083327,0.06642570899566635,0.007615666996571235,0.0724576659995364
79136,5887500.0,0.0,1412500.0,184180,238093.4792984736,4,20,0.01425842903384578,0.07155325000348967,0.00906599999871105,0.07741387501300778
82848,-6312500.0,0.0,1587500.0,183663,238078.42102376156,4,20,0.014181301295024203,0.06798191599955317,0.007361124997260049,0.06932816600601654
44320,5487500.0,0.0,-37500.0,285184,244949.0208424606,19,1330,0.046655120642508124,0.10960541699023452,0.0077433339902199805,4.711611124992487
51456,3887500.0,0.0,262500.0,228160,259893.7091773592,14,560,0.04659547912355569,0.08578158399905078,0.013108416009345092,1.9805594170029508
82240,-6512500.0,0.0,1562500.0,183379,238044.64490233772,4,20,0.014074516137640746,0.06535433301178273,0.00886504199297633,0.07825583299563732
79840,-6512500.0,0.0,1462500.0,183034,237989.01119853117,4,20,0.013980655071528578,0.06662445799156558,0.009691458006273024,0.07625533400278073
80448,-6312500.0,0.0,1487500.0,183906,238022.47795739069,4,20,0.014146716523423537,0.07370654099213425,0.009738834007293917,0.07750379199569579
77440,-6512500.0,0.0,1362500.0,183505,237958.86121101954,4,20,0.013732796688467242,0.06950937501096632,0.01407262499560602,0.07568500000343192
71264,4087500.0,0.0,1087500.0,188112,238904.34410064213,4,20,0.014406207649611405,0.07641133399738465,0.009574334006174468,0.06833508401177824
78048,-6312500.0,0.0,1387500.0,183687,237983.20931777745,4,20,0.0139227558571953,0.07612945800065063,0.011528250004630536,0.07542341700172983
76064,4087500.0,0.0,1287500.0,186484,238608.93846877196,4,20,0.01466431001254157,0.07512750000751112,0.008750958004384302,0.07897175000107381
73664,4087500.0,0.0,1187500.0,188288,238682.34572550206,4,20,0.013922593350201528,0.07679270800144877,0.007760458000120707,0.08791554099298082
70080,4487500.0,0.0,1037500.0,188560,238989.82644635678,4,20,0.015377783116139934,0.0728529170010006,0.012654124991968274,0.0803127920080442
26688,-312500.0,0.0,-762500.0,190060,241517.41433945726,5,35,0.047544503132775265,0.07755154100595973,0.01123908300360199,0.12424954099697061
52672,4287500.0,0.0,312500.0,210807,257404.60267416429,12,364,0.045944108935386606,0.08499220799421892,0.011740209010895342,1.3529320000088774
67680,4487500.0,0.0,937500.0,189628,239644.19300072876,4,20,0.021129287631357345,0.07827933299995493,0.008230124993133359,0.0686638749903068
81408,2687500.0,0.0,1512500.0,189263,239224.35211141454,4,20,0.015984539893949313,0.07271125000261236,0.007479749998310581,0.07699549999961164
79008,2687500.0,0.0,1412500.0,189471,239237.4154859113,4,20,0.01554330089295058,0.07933924999088049,0.007757792001939379,0.06936466701154131
29088,-312500.0,0.0,-662500.0,193780,245416.62250758687,7,84,0.04918923178753374,0.07809016600367613,0.008002000002306886,0.2980049589968985
77248,3687500.0,0.0,1337500.0,187743,238774.82405312883,4,20,0.01516051253167464,0.0811208329978399,0.009320375000243075,0.07631787500577047
82656,3887500.0,0.0,1562500.0,187606,238745.04310530605,4,20,0.015873793323700692,0.07310300000244752,0.01092808299290482,0.0793263749947073
79648,3687500.0,0.0,1437500.0,187859,238799.43643133153,4,20,0.01577748972551308,0.08079879199794959,0.007415582993417047,0.0674999999901047
82048,3687500.0,0.0,1537500.0,187627,238819.18629960535,4,20,0.015941017498938517,0.07513279200065881,0.011627125000813976,0.08338458300568163
80256,3887500.0,0.0,1462500.0,187430,238724.4967061705,4,20,0.015795723733404272,0.07325791699986439,0.011569917012820952,0.07625466601166409
77856,3887500.0,0.0,1362500.0,187252,238692.00244354078,4,20,0.015340668238121568,0.07367320900084451,0.00796950000221841,0.07147195900324732
80928,5687500.0,0.0,1487500.0,183979,238169.16956499047,4,20,0.01457174527059692,0.06798858300317079,0.008209541003452614,0.06983662499987986
78528,5687500.0,0.0,1387500.0,184628,238125.51167092688,4,20,0.014348034317755153,0.07642258401028812,0.007486667003831826,0.08096112500061281
82272,-5712500.0,0.0,1562500.0,185332,238157.35954341796,4,20,0.014601963524984845,0.07835983400582336,0.00837533301091753,0.07509662500524428
79872,-5712500.0,0.0,1462500.0,183915,238107.45191622857,4,20,0.014527233735863634,0.07557966600870714,0.010947750008199364,0.06756579199281987
77472,-5712500.0,0.0,1362500.0,185195,238068.67540286583,4,20,0.014254786423961016,0.07234662500559352,0.010284041985869408,0.07336045800184365
86880,4487500.0,0.0,1737500.0,187064,238609.8485079437,4,20,0.01534456773860999,0.06674329200177453,0.011422416995628737,0.07819066698721144
84480,4487500.0,0.0,1637500.0,187204,238563.49263431417,4,20,0.015456644029900829,0.0724096659978386,0.010936249993392266,0.06866883399197832
89280,4487500.0,0.0,1837500.0,187247,238628.17627413457,4,20,0.01537491838006873,0.07088674999249633,0.00794858300650958,0.07389804199920036
63488,4687500.0,0.0,762500.0,192768,242460.54113812817,5,35,0.039536869854725,0.07552712500910275,0.010092042008182034,0.13041187499766238
82592,2287500.0,0.0,1562500.0,189492,239358.87749517156,4,20,0.01607085398684061,0.07996966700011399,0.010332416990422644,0.08147091600403655
61088,4687500.0,0.0,662500.0,193408,245386.20323153253,7,84,0.04653762223665342,0.07335449999663979,0.010644082998624071,0.3039324159908574
77184,2087500.0,0.0,1337500.0,189888,239539.72854852118,4,20,0.014745075493784657,0.06726183299906552,0.008930750002036802,0.07381975000316743
80192,2287500.0,0.0,1462500.0,189812,239392.60414084358,4,20,0.0157336289196105,0.07394108400330879,0.008485375001328066,0.07881875000020955
81984,2087500.0,0.0,1537500.0,189864,239430.8384514306,4,20,0.016048817500601404,0.07162712499848567,0.010070208998513408,0.06899812500341795
79584,2087500.0,0.0,1437500.0,190312,239479.4818799253,4,20,0.015565949534124084,0.0684957920020679,0.011226458009332418,0.0747065829928033
79712,5287500.0,0.0,1437500.0,184555,238241.12679460272,4,20,0.014821705232917372,0.07438695900782477,0.009964541997760534,0.071937083004741
50272,4287500.0,0.0,212500.0,238528,258290.21246533157,15,680,0.0499292749610907,0.09212770800513681,0.017041040991898626,2.4974860419897595
82112,5287500.0,0.0,1537500.0,185780,238287.23575056918,4,20,0.014944691348794139,0.06761995899432804,0.009779875006643124,0.07302995798818301
65888,4687500.0,0.0,862500.0,190056,240521.18512183378,4,20,0.0304982500056335,0.06896670900459867,0.007639917006599717,0.06747016600274947
68288,4687500.0,0.0,962500.0,189568,239410.6934140017,4,20,0.019025604557466796,0.07037441700231284,0.008069417002843693,0.0728616249980405
70688,4687500.0,0.0,1062500.0,188512,238837.81758088604,4,20,0.014677357079874049,0.07495141700201202,0.009921499993652105,0.07302708299539518
78624,-6912500.0,0.0,1412500.0,182423,237941.19109081256,4,20,0.013701667377012346,0.07832470801076852,0.008190291002392769,0.07196362501417752
81024,-6912500.0,0.0,1512500.0,183222,237988.4694657206,4,20,0.013886761605830402,0.06517266599985305,0.01061104200198315,0.0723082080075983
80512,-4712500.0,0.0,1487500.0,185491,238375.0257908417,4,20,0.015388607886246951,0.0684261249989504,0.008575375002692454,0.0718979999946896
78112,-4712500.0,0.0,1387500.0,185506,238333.5840727915,4,20,0.015122639678355605,0.06966183299664408,0.010841459006769583,0.07014820800395682
77888,4687500.0,0.0,1362500.0,186030,238390.82913756813,4,20,0.01499908490037645,0.07372266700258479,0.008501499993144535,0.06805733298824634
82688,4687500.0,0.0,1562500.0,186209,238468.3575340658,4,20,0.015412439532189135,0.07183037500362843,0.011478207990876399,0.07197716699738521
80288,4687500.0,0.0,1462500.0,185123,238431.0599310381,4,20,0.015354611967400348,0.07077808400208596,0.01181499999074731,0.07511037499352824
77088,-312500.0,0.0,1337500.0,190720,239853.76113622685,4,20,0.01512265290772888,0.07085224999173079,0.010344417009036988,0.07628391700563952
81888,-312500.0,0.0,1537500.0,191339,239663.72409968058,4,20,0.016387678672569166,0.07071508400258608,0.008163040998624638,0.06957091699587181
79488,-312500.0,0.0,1437500.0,191447,239739.12866491586,4,20,0.015705746282081996,0.07442320900736377,0.008221040989155881,0.07285258400952443
78976,1887500.0,0.0,1412500.0,190364,239561.01271061916,4,20,0.01536269677679658,0.0709061250090599,0.00845212499552872,0.07313954099663533
81376,1887500.0,0.0,1512500.0,190300,239501.15512877586,4,20,0.01595760849279272,0.07004166599654127,0.008745166007429361,0.07890454199514352
80864,4087500.0,0.0,1487500.0,186503,238653.46158160575,4,20,0.015745231950416872,0.07039308300591074,0.010424749998492189,0.07055716699687764
78464,4087500.0,0.0,1387500.0,186600,238618.0781682848,4,20,0.01542763833699145,0.07070341600046959,0.00845866699819453,0.07960991699656006
77408,-7312500.0,0.0,1362500.0,183626,237922.15476325215,4,20,0.0134837474106345,0.07812679099151865,0.009173375001410022,0.06368325000221375
82208,-7312500.0,0.0,1562500.0,183019,238009.63091072693,4,20,0.013816019902349467,0.06827554099436384,0.007415250001940876,0.07577900000615045
79808,-7312500.0,0.0,1462500.0,182626,237951.63714108587,4,20,0.013713661934887319,0.07152808298997115,0.007459291999111883,0.0650913339923136
81664,-5912500.0,0.0,1537500.0,184223,238106.9229356457,4,20,0.014449066078496931,0.06775891700817738,0.011052542002289556,0.07540941699699033
79264,-5912500.0,0.0,1437500.0,183595,238058.04887315346,4,20,0.01431882626247579,0.06610924999404233,0.007953499996801838,0.0747913749946747
76864,-5912500.0,0.0,1337500.0,184947,238029.43122979224,4,20,0.01399226328411653,0.07013466701027937,0.007791124997311272,0.06951133300026413
82944,-3912500.0,0.0,1587500.0,187535,238686.54928508788,4,20,0.015857600606078694,0.07052537500567269,0.008400457998504862,0.07558691600570455
82336,-4112500.0,0.0,1562500.0,186875,238605.06292356807,4,20,0.01577101951397533,0.06906049999815878,0.008712833005120046,0.07930158400267828
78144,-3912500.0,0.0,1387500.0,187292,238631.83378229197,4,20,0.015512510187264931,0.07328279200010002,0.011882584003615193,0.08673899999121204
79936,-4112500.0,0.0,1462500.0,186771,238578.23810156144,4,20,0.015705801819334904,0.07801229201140814,0.010556332999840379,0.07943804199749138
77536,-4112500.0,0.0,1362500.0,186765,238542.6496511581,4,20,0.01528385922564286,0.07676050000009127,0.0109957079985179,0.07509020800353028
40448,-1312500.0,0.0,-187500.0,279424,262852.4633489757,16,816,0.04733200401703656,0.11984108299657237,0.008667958012665622,3.1007897079980467
77792,2287500.0,0.0,1362500.0,189593,239437.52058850203,4,20,0.01496569308824881,0.07541345800564159,0.00883345800684765,0.07983750000130385
80800,2487500.0,0.0,1487500.0,189556,239308.41213071643,4,20,0.01587015927911553,0.06999699999869335,0.008224832999985665,0.07286862499313429
37600,2487500.0,0.0,-312500.0,228112,264886.8747872021,13,455,0.04840076919269481,0.0929719169944292,0.009741834001033567,1.746091583991074
78400,2487500.0,0.0,1387500.0,189611,239335.2311421131,4,20,0.015255124099060364,0.0725101660063956,0.010649208998074755,0.06738916700123809
83200,2487500.0,0.0,1587500.0,189210,239284.2576922486,4,20,0.01606346534148446,0.07462524999573361,0.008923291999963112,0.07039062499825377
85088,4687500.0,0.0,1662500.0,186852,238513.3775210156,4,20,0.015271828218831088,0.06975687500380445,0.011081290998845361,0.07328420800331514
89888,4687500.0,0.0,1862500.0,188480,240203.75279674088,4,20,0.0002743499266633751,0.07156220899196342,0.009137416011071764,0.07065545899968129
87488,4687500.0,0.0,1762500.0,186940,238557.02483542223,4,20,0.01521437397122292,0.06907720799790695,0.008369292001589201,0.07394104200648144
81632,-6712500.0,0.0,1537500.0,182750,238014.08276700025,4,20,0.013970539739228637,0.07063058399944566,0.009944040997652337,0.07100295799318701
79232,-6712500.0,0.0,1437500.0,182169,237961.3553450401,4,20,0.013827360457454866,0.0684576659987215,0.008387333000428043,0.07807983299426269
82304,-4912500.0,0.0,1562500.0,185759,238344.69218123762,4,20,0.015256342141256329,0.07203829199715983,0.008031707999180071,0.07303312499425374
79904,-4912500.0,0.0,1462500.0,184167,238301.58405913148,4,20,0.015193792609068038,0.06894587499846239,0.010487541003385559,0.06818612500501331
77504,-4912500.0,0.0,1362500.0,185558,238264.80220087635,4,20,0.014862195757923885,0.07153766699775588,0.010720542006311007,0.07765687500068452
38048,-1312500.0,0.0,-287500.0,248951,275819.74913000315,18,1140,0.047941550694501366,0.10459587500372436,0.009738500011735596,4.279409249997116
31488,-312500.0,0.0,-562500.0,197632,251985.2619096345,9,165,0.04841808865963797,0.07929187500849366,0.0074002500041387975,0.5940864160074852
33888,-312500.0,0.0,-462500.0,206711,262639.85795890127,10,220,0.04752985094424591,0.0827548749948619,0.008577667002100497,0.8259782499953872
36288,-312500.0,0.0,-362500.0,225143,275987.5239101741,12,364,0.046569105600024994,0.07915179099654779,0.010842792005860247,1.3614967500034254
40000,2487500.0,0.0,-212500.0,262656,261475.52829933097,18,1140,0.04970900926411042,0.11082716700911988,0.013748334007686935,4.295302083002753
39392,2287500.0,0.0,-237500.0,255040,265025.6727675382,18,1140,0.04819781122090918,0.11316137500398327,0.011136040993733332,4.230969166994328
38688,-312500.0,0.0,-262500.0,263159,277849.38821533235,19,1330,0.04635927297777889,0.11652283399598673,0.010572667000815272,4.970817749999696
53088,-312500.0,0.0,337500.0,238370,278346.4756479834,14,560,0.045200438833207,0.09052562499709893,0.008621375003713183,2.0310911249980563
78432,3287500.0,0.0,1387500.0,188459,238961.56782746088,4,20,0.015531501829563523,0.07253625000885222,0.008951333002187312,0.07773820801230613
80832,3287500.0,0.0,1487500.0,188267,238978.0260759161,4,20,0.015957893593524588,0.07245845900615677,0.00971479200234171,0.0680695420014672
77280,4487500.0,0.0,1337500.0,186294,238454.83377541212,4,20,0.01496524774669015,0.07078295799146872,0.008060583000769839,0.07337983399338555
82080,4487500.0,0.0,1537500.0,186375,238524.23345097867,4,20,0.015565785844772945,0.07274933400913142,0.007828625006368384,0.07473804199253209
79680,4487500.0,0.0,1437500.0,186087,238488.37157409117,4,20,0.015438158196557358,0.07139850000385195,0.008084124987362884,0.06863945799705107
80416,-7112500.0,0.0,1487500.0,182958,237967.59679589758,4,20,0.013795079517751753,0.06883012499019969,0.009971999999834225,0.07772812500479631
78016,-7112500.0,0.0,1387500.0,182998,237928.265157436,4,20,0.013585302047678391,0.06852270899980795,0.010277416004100814,0.07736591699358542
50688,-312500.0,0.0,237500.0,271336,274894.2413851811,17,969,0.04877849961039704,0.10510854200401809,0.00966566700662952,3.546270834005554
82816,-7112500.0,0.0,1587500.0,183031,238027.2396954028,4,20,0.013841597034402813,0.06788154199603014,0.0075902910029981285,0.08119400001305621
49152,6287500.0,0.0,162500.0,241216,251789.08090705093,17,969,0.047036599511374864,0.09482887500780635,0.011355250011547469,3.507488832998206
57888,-312500.0,0.0,537500.0,198464,253990.0536225395,9,165,0.04875452838241293,0.07753862500248943,0.010251250001601875,0.5990560000063851
46752,6287500.0,0.0,62500.0,275904,243925.03036557758,18,1140,0.04967399335477821,0.10503416700521484,0.010215792004601099,4.104639540993958
42848,-1312500.0,0.0,-87500.0,296808,250978.35228920734,13,455,0.049337177308626946,0.12539270799607038,0.007922292003058828,1.6617827500012936
28032,3287500.0,0.0,-712500.0,192256,243278.14779331678,5,35,0.04910272652904181,0.07768212500377558,0.00944520799384918,0.1282470410078531
25632,3287500.0,0.0,-812500.0,191360,241165.50692013509,4,20,0.03997857851795316,0.07976595900254324,0.009893082999042235,0.079382625001017
55488,-312500.0,0.0,437500.0,209216,265683.0135842817,10,220,0.048741776961180906,0.08260562500800006,0.009420666989171878,0.8039831670030253
82016,2887500.0,0.0,1537500.0,188907,239142.10680529036,4,20,0.016040904683537378,0.07079266700020526,0.008278249995782971,0.07471741599147208
30432,3287500.0,0.0,-612500.0,194560,246549.3434590822,9,165,0.04617677817620292,0.07883658299397212,0.009582540995324962,0.6071175830002176
48544,6087500.0,0.0,137500.0,246464,248774.8033946149,18,1140,0.042842986237992625,0.09320516600564588,0.008958416990935802,4.16437116599991
82720,5487500.0,0.0,1562500.0,185439,238251.49472208883,4,20,0.014768884444049777,0.06561166699975729,0.007525334003730677,0.06849866700940765
79616,2887500.0,0.0,1437500.0,189347,239147.82846034341,4,20,0.01575647878433374,0.07491479199961759,0.00812483399931807,0.0776607080042595
77920,5487500.0,0.0,1362500.0,185515,238162.75695771608,4,20,0.014415474646031831,0.06658666599832941,0.01090449999901466,0.07519958299235441
80320,5487500.0,0.0,1462500.0,184219,238202.59362086985,4,20,0.014701149101296386,0.06580866700096522,0.012236082999152131,0.07329308400221635
12576,6887500.0,0.0,-1362500.0,183361,237971.2197771981,4,20,0.013619287831678133,0.0658570410014363,0.008146457999828272,0.07426741700328421
10176,6887500.0,0.0,-1462500.0,182250,238002.20603090164,4,20,0.013867015536527737,0.06394100000034086,0.007662082993192598,0.0718492080050055
81696,-5112500.0,0.0,1537500.0,185588,238279.5062709115,4,20,0.015094798384138082,0.0725397499918472,0.007689999998547137,0.06772858300246298
7776,6887500.0,0.0,-1562500.0,182647,238058.0429635961,4,20,0.013970786692881331,0.07009320800716523,0.010005916992668062,0.07902241600095294
79296,-5112500.0,0.0,1437500.0,184315,238234.49389377362,4,20,0.014975001653705085,0.06543666700599715,0.009514833000139333,0.07015587500063702
76896,-5112500.0,0.0,1337500.0,185844,238205.21431630364,4,20,0.014587880297811058,0.06722366600297391,0.007403832991258241,0.07577304101141635
78688,-5312500.0,0.0,1412500.0,185012,238173.16236801975,4,20,0.014751338707198873,0.06889787499676459,0.009526709007332101,0.07398200000170618
81088,-5312500.0,0.0,1512500.0,184811,238217.55072865123,4,20,0.014928536154117114,0.07001316700188909,0.011853832998895086,0.06978587500634603
89952,6287500.0,0.0,1862500.0,188480,240203.75279674088,4,20,0.0002743499266633751,0.0699524170049699,0.00781158400059212,0.07194391600205563
84544,6087500.0,0.0,1637500.0,185579,238172.7243470409,4,20,0.01423629331846575,0.07226691600226332,0.007451333003700711,0.07419033300539013
89344,6087500.0,0.0,1837500.0,186027,238235.37894349484,4,20,0.014269535428214991,0.06917762500233948,0.008103582993499003,0.07347537500027101
86944,6087500.0,0.0,1737500.0,185887,238220.13978656253,4,20,0.01421567237622673,0.07017933299357537,0.007847917004255578,0.07188970799325034
85152,6287500.0,0.0,1662500.0,185359,238157.55597519258,4,20,0.0141085925592478,0.06748095800867304,0.008556542001315393,0.07349712500581518
87552,6287500.0,0.0,1762500.0,185728,238199.65530201694,4,20,0.014132418453916022,0.06941908299631905,0.010682415988412686,0.0807442910008831
46144,6087500.0,0.0,37500.0,283200,244179.25818923433,20,1540,0.04586164642371648,0.10988695800187998,0.009551667011692189,5.60955754200404
43136,5887500.0,0.0,-87500.0,265984,244878.51977781035,18,1140,0.04637375498701316,0.10203037499741185,0.009726290998514742,4.135690625000279
36576,6887500.0,0.0,-362500.0,202027,254807.6645011155,11,286,0.04595246190843453,0.07879262500500772,0.010417083991342224,1.083330791007029
79040,3487500.0,0.0,1412500.0,187883,238877.65802557472,4,20,0.01570153648640443,0.07249991600110661,0.008877083004335873,0.07368529100494925
81440,3487500.0,0.0,1512500.0,187883,238897.82031634654,4,20,0.015975165321862914,0.07197529199765995,0.007638874987605959,0.07320337499550078
80384,7087500.0,0.0,1462500.0,182626,237967.04317208723,4,20,0.013755505763797934,0.07472783299454022,0.008392791991354898,0.07240016700234264
38976,6887500.0,0.0,-262500.0,214080,254087.08534156147,13,455,0.04397605221407984,0.08145425000111572,0.008592999991378747,1.6894109590066364
82784,7087500.0,0.0,1562500.0,183031,238024.70121682403,4,20,0.01385852091306099,0.07020691699290182,0.007455166996805929,0.08185591700021178
77984,7087500.0,0.0,1362500.0,183882,237936.73460699213,4,20,0.013522600769798668,0.06719275000796188,0.009638208008254878,0.08048558299196884
79168,6687500.0,0.0,1412500.0,182619,237976.0497542816,4,20,0.013774073043420106,0.06866649999574292,0.010432541006593965,0.06911154199042358
81568,6687500.0,0.0,1512500.0,182791,238024.32295863604,4,20,0.013955264830955542,0.0727722079900559,0.008630083000753075,0.07688304100884125
44800,2487500.0,0.0,-12500.0,298420,247783.70981833903,15,680,0.04895249928429808,0.12078504099918064,0.008274583000456914,2.504216624991386
42400,2487500.0,0.0,-112500.0,288320,250046.13917524286,15,680,0.047259101936040535,0.10473770799580961,0.007594875001814216,2.534040874990751
44192,2287500.0,0.0,-37500.0,297984,247813.1180661529,15,680,0.04523827775832247,0.12720120800076984,0.01325637499394361,2.537714958001743
78272,-712500.0,0.0,1387500.0,189556,239782.15029516476,4,20,0.01525122690430425,0.06866175000322983,0.01019983300648164,0.06766987500304822
80672,-712500.0,0.0,1487500.0,190504,239685.5806981952,4,20,0.01596844659450399,0.07846474999678321,0.008397875004447997,0.08012250000319909
33248,-1312500.0,0.0,-487500.0,201024,256654.1713872626,10,220,0.045815870031983945,0.08149658399634063,0.009943707991624251,0.8043138750072103
35648,-1312500.0,0.0,-387500.0,217884,268382.41604461306,11,286,0.048350059472801146,0.07878358299785759,0.01062449999153614,1.0285904159973143
79072,4287500.0,0.0,1412500.0,186458,238550.04279310038,4,20,0.015465675485690196,0.07549554199795239,0.008243249991210178,0.0713375830091536
82176,6887500.0,0.0,1537500.0,183086,238021.4026996644,4,20,0.013901943719529387,0.07177579199196771,0.010553625004831702,0.0711125830130186
81472,4287500.0,0.0,1512500.0,186439,238585.76610896175,4,20,0.01567401222967405,0.07317841700569261,0.012222125005791895,0.07606533299258444
79776,6887500.0,0.0,1437500.0,182651,237968.40973400447,4,20,0.01375208549642025,0.06786904200271238,0.009233707998646423,0.0748720410047099
28800,7487500.0,0.0,-687500.0,195392,244941.9777538691,5,35,0.049836372827422315,0.07441108299826737,0.007799833008903079,0.13154941699758638
26400,7487500.0,0.0,-787500.0,192000,242118.35176777153,4,20,0.04351840188162291,0.07104545799666084,0.007617208000738174,0.07702883299498353
28192,7287500.0,0.0,-712500.0,194880,244149.63099153354,5,35,0.045230014813045526,0.07447633300034795,0.010408500005723909,0.13042345800204203
25792,7287500.0,0.0,-812500.0,191744,241545.94665663358,4,20,0.03862532830331205,0.07419516700610984,0.008272374994703569,0.07362320901302155
86528,-4312500.0,0.0,1737500.0,186859,238608.84171626583,4,20,0.015451577164789424,0.07117679099610541,0.007416125008603558,0.07939383300254121
30592,7287500.0,0.0,-612500.0,196852,247627.9557916538,8,120,0.04944488336842923,0.0771672499977285,0.00812816600955557,0.4296407499932684
84128,-4312500.0,0.0,1637500.0,186820,238562.61137052148,4,20,0.015574869336991917,0.07531354199454654,0.0079442919959547,0.06486220798979048
41376,6887500.0,0.0,-162500.0,240384,251102.47611403742,16,816,0.04991445101747439,0.09374895899964031,0.011204042006283998,2.989816332992632
88928,-4312500.0,0.0,1837500.0,187068,238626.47702953775,4,20,0.015479744105168058,0.07946249999804422,0.007718624998233281,0.07805537499370985
26208,2687500.0,0.0,-787500.0,191624,241518.84132317136,4,20,0.04558467547949599,0.07374716699996497,0.008222166987252422,0.07782670900633093
28608,2687500.0,0.0,-687500.0,192884,243868.16957266704,7,84,0.043397703154314744,0.07411400000273716,0.008516292000422254,0.3175361250032438
37184,7087500.0,0.0,-337500.0,202996,254373.34448134786,11,286,0.04563022671625638,0.07721324999874923,0.008426041997154243,1.0748922920029145
42432,3287500.0,0.0,-112500.0,280064,249466.53388752864,16,816,0.04612314911896972,0.10923250000632834,0.00817395799094811,3.031286708006519
39584,7087500.0,0.0,-237500.0,219392,253124.61941763532,13,455,0.04665609225764131,0.0749387500109151,0.007604291997267865,1.6832950000098208
89408,-7312500.0,0.0,1862500.0,188480,240203.75279674088,4,20,0.0002743499266633751,0.08851520800089929,0.009828249996644445,0.07336141700216103
84608,-7312500.0,0.0,1662500.0,183759,238070.22386474692,4,20,0.013740320970226464,0.06952124999952503,0.008361666987184435,0.0743580410053255
44832,3287500.0,0.0,-12500.0,293120,247490.64045431826,17,969,0.046496088406707096,0.11273241598973982,0.008702083010575734,3.5964058749959804
87008,-7312500.0,0.0,1762500.0,184708,238110.53804541266,4,20,0.013797143667304114,0.06962054199539125,0.010215125003014691,0.07113783399108797
59328,5687500.0,0.0,587500.0,196084,248626.30838188852,9,165,0.04752013503386317,0.07306224999774713,0.008510957995895296,0.6314875419921009
54528,5687500.0,0.0,387500.0,200896,255258.64473624402,11,286,0.04571357367423526,0.08134183299262077,0.010421708997455426,1.0508563749899622
43776,6887500.0,0.0,-62500.0,275008,243249.1810961087,19,1330,0.046043763987551015,0.10501883301185444,0.009167417010758072,4.967889624997042
43648,3687500.0,0.0,-62500.0,288128,246875.7804099328,16,816,0.047199312853848936,0.10842025000602007,0.008319291999214329,3.0536197920009727
56928,5687500.0,0.0,487500.0,197483,252630.53286903704,11,286,0.04732243392688389,0.07452799999737181,0.008090499992249534,1.0511025419982616
43040,3487500.0,0.0,-87500.0,283840,247661.4916167697,16,816,0.04595122355305698,0.11613720799505245,0.00965029199142009,3.032410208004876
36864,-912500.0,0.0,-337500.0,234164,276095.121705034,13,455,0.0474997587026614,0.09041399999114219,0.009179208005662076,1.6799445420037955
52160,6487500.0,0.0,287500.0,208896,254582.96090602048,12,364,0.04755743862717136,0.07774291600799188,0.008652541000628844,1.3695069170062197
89312,5287500.0,0.0,1837500.0,186676,238398.83828834066,4,20,0.01482297259278835,0.07319862500298768,0.009133416999247856,0.07707500000833534
86912,5287500.0,0.0,1737500.0,186676,238379.7908297256,4,20,0.014782319301649962,0.06705395800236147,0.0087370419932995,0.0719033329951344
47328,5687500.0,0.0,87500.0,266944,245211.57649553052,18,1140,0.04630798172842403,0.12881199999537785,0.01023608299146872,4.2243116249883315
84512,5287500.0,0.0,1637500.0,186527,238338.72404064648,4,20,0.014846701472093788,0.06863550000707619,0.011192082994966768,0.06795937499555293
43008,2687500.0,0.0,-87500.0,289280,248316.47141806837,15,680,0.047471282673690135,0.10952437500236556,0.008630791999166831,2.4875613750045886
53952,6287500.0,0.0,362500.0,201845,255675.10375959126,11,286,0.04700459687016948,0.08237975000520237,0.010332874997402541,1.0376083750015823
47360,6487500.0,0.0,87500.0,262976,244124.35486775276,18,1140,0.04723555200881145,0.10236241700476967,0.010271457998896949,4.191900624995469
49760,6487500.0,0.0,187500.0,235024,252767.1598077565,16,816,0.04578849261638157,0.08983804201125167,0.009810417002881877,2.974542665993795
83520,-4512500.0,0.0,1612500.0,187320,238487.48548591862,4,20,0.015497953539663064,0.07063512499735225,0.009541791005176492,0.07529095900827087
85920,-4512500.0,0.0,1712500.0,187081,238534.09273990168,4,20,0.015348656237622172,0.07492749999801163,0.012663500005146489,0.0715788329980569
50944,6087500.0,0.0,237500.0,220788,254576.7843653504,14,560,0.04552258186330153,0.08617208299983758,0.00806633400497958,2.071071458994993
88320,-4512500.0,0.0,1812500.0,186912,238562.02798778776,4,20,0.015376435039687322,0.07080358298844658,0.00891958299325779,0.07260854200285394
53344,6087500.0,0.0,337500.0,202859,255418.14267677712,11,286,0.0476773064676731,0.08661412500077859,0.013266750000184402,1.0870494580012746
51552,6287500.0,0.0,262500.0,215680,255102.12648738828,13,455,0.04615542765209405,0.08223745798750315,0.009591540991095826,1.6829611669963924
27296,-112500.0,0.0,-737500.0,190528,242226.82405193965,6,56,0.04678913953679697,0.07000074999814387,0.008392208008444868,0.20759804200497456
29696,-112500.0,0.0,-637500.0,193780,246770.04106178586,8,120,0.04706355910681142,0.07648112499737181,0.010929875003057532,0.4434896250022575
38656,-1112500.0,0.0,-262500.0,259648,274998.7124519268,20,1540,0.04761443532668629,0.10014687498915009,0.00952974999381695,5.662778750003781
58752,6287500.0,0.0,562500.0,197200,249825.21792095088,10,220,0.04664454876997327,0.07271295800455846,0.007888833992183208,0.7806089160003467
58144,6087500.0,0.0,537500.0,197056,250780.33623577768,10,220,0.04835676900195943,0.07690324999566656,0.010356958009651862,0.7918180840060813
55744,6087500.0,0.0,437500.0,198899,254304.62703547717,11,286,0.0468492275293925,0.0787215830059722,0.008887582996976562,1.0687921670032665
56352,6287500.0,0.0,462500.0,198324,253716.59767757758,11,286,0.0471966760602832,0.07388462500239257,0.011317625001538545,1.0660146250011167
65344,6087500.0,0.0,837500.0,190464,241024.1207298227,4,20,0.034321398280505226,0.07546633400488645,0.00844912500178907,0.07099587500852067
62944,6087500.0,0.0,737500.0,193216,243397.8725453546,5,35,0.04206391128593444,0.0752232500090031,0.01015854200522881,0.12654312499216758
60544,6087500.0,0.0,637500.0,195136,246771.9067431536,7,84,0.04904949224296537,0.08014341599482577,0.010335124999983236,0.313506625010632
61152,6287500.0,0.0,662500.0,195008,245880.61980932206,7,84,0.0448389935880955,0.07862841700261924,0.008808459009742364,0.3161766249977518
63552,6287500.0,0.0,762500.0,192247,242741.1567913115,4,20,0.04914399033673842,0.074429540996789,0.011182791989995167,0.0721474999882048
88160,6487500.0,0.0,1787500.0,185360,238179.56901425158,4,20,0.014056996052941452,0.07341733400244266,0.009787625007447787,0.07131374999880791
85760,6487500.0,0.0,1687500.0,184876,238145.30435951662,4,20,0.013990138104250358,0.0723720000096364,0.008336625003721565,0.07317041700298432
83360,6487500.0,0.0,1587500.0,183607,238089.79952078473,4,20,0.014071313077945945,0.06930304199340753,0.009347250001155771,0.07270787499146536
88224,-6912500.0,0.0,1812500.0,184398,238120.77130347383,4,20,0.01392777879483643,0.07255091700062621,0.008246333003626205,0.07425920899549965
85824,-6912500.0,0.0,1712500.0,184286,238102.99446870506,4,20,0.013830210513392324,0.06725966600060929,0.010446499989484437,0.0725262919877423
83424,-6912500.0,0.0,1612500.0,183414,238048.3194140194,4,20,0.013874161854005142,0.0676814999897033,0.00912354199681431,0.07570724999823142
89504,-4912500.0,0.0,1862500.0,188480,240203.75279674088,4,20,0.0002743499266633751,0.07139929199183825,0.008554250001907349,0.07543241701205261
87104,-4912500.0,0.0,1762500.0,186404,238432.58743499787,4,20,0.015068764299743671,0.06981008399452548,0.009598458011168987,0.07240279200777877
38240,3487500.0,0.0,-287500.0,224768,260418.54290773487,13,455,0.04823800418568406,0.09027499999501742,0.011081333999754861,1.6724777500057826
84704,-4912500.0,0.0,1662500.0,186156,238390.80668416768,4,20,0.015118515156759696,0.07682487499550916,0.009089250001125038,0.0753814589988906
69536,5887500.0,0.0,1012500.0,187392,238930.3242715402,4,20,0.01588272178070069,0.06648054199467879,0.00913383399893064,0.07145883300108835
67136,5887500.0,0.0,912500.0,188912,239860.4871182183,4,20,0.023523560276633566,0.0705005419877125,0.00976879199151881,0.06897779100108892
64160,6487500.0,0.0,787500.0,191095,242125.25825379512,4,20,0.04378549602952201,0.07566908300213981,0.007653542008483782,0.07434370799455792
38848,3687500.0,0.0,-262500.0,230784,260990.2169204767,14,560,0.048352175077413406,0.08615925000049174,0.00833362499543,2.079752292003832
61760,6487500.0,0.0,687500.0,194816,245025.85177878692,6,56,0.04775392563934864,0.07814495799539145,0.007823374995496124,0.19602387500344776
86272,4287500.0,0.0,1712500.0,186649,238663.3913618761,4,20,0.015457333381990838,0.07115112499741372,0.00956933299312368,0.07823666700278409
83872,4287500.0,0.0,1612500.0,186628,238617.1567976519,4,20,0.015611918164826677,0.07379241699527483,0.010533916007261723,0.07382604200392962
88672,4287500.0,0.0,1812500.0,187065,238691.5885213744,4,20,0.015479518878464717,0.0713758749916451,0.008879582994268276,0.07177070800389629
71360,6487500.0,0.0,1087500.0,186368,238474.31192982986,4,20,0.013585570739595812,0.07117858299170621,0.00831870899128262,0.07505741699424107
68960,6487500.0,0.0,987500.0,186871,239090.57214974068,4,20,0.017032453973856002,0.06946774999960326,0.010718290999648161,0.06962145899888128
66560,6487500.0,0.0,887500.0,189367,240206.98668075987,4,20,0.026510227610820856,0.069143750006333,0.01021045800007414,0.08091045799665153
87616,-7112500.0,0.0,1787500.0,184716,238117.55300370228,4,20,0.013855405667333417,0.06921720800164621,0.009373000008054078,0.07118820800678805
85216,-7112500.0,0.0,1687500.0,183839,238084.9208160912,4,20,0.013777378483979485,0.0672206669987645,0.0084764589992119,0.0728687499940861
87744,-3912500.0,0.0,1787500.0,187511,238764.8671377152,4,20,0.015649845919775602,0.07072387500375044,0.010311209000064991,0.08012312499340624
84736,-4112500.0,0.0,1662500.0,187021,238642.4695562062,4,20,0.015631253585977653,0.07378574999165721,0.008120208003674634,0.0742094589950284
89536,-4112500.0,0.0,1862500.0,188480,240203.75279674088,4,20,0.0002743499266633751,0.0712130839965539,0.00888016699173022,0.07650991699483711
87136,-4112500.0,0.0,1762500.0,187123,238687.63934792083,4,20,0.015539666057335717,0.07093200000235811,0.008859374996973202,0.07825020900054369
83328,5687500.0,0.0,1587500.0,185527,238222.15568853784,4,20,0.014592864795569687,0.06841195799643174,0.009710416998132132,0.07378595900081564
88128,5687500.0,0.0,1787500.0,186335,238306.32269795056,4,20,0.014514364838735461,0.07286070799455047,0.009081958996830508,0.07126466699992307
41248,3687500.0,0.0,-162500.0,260032,253807.61046196954,17,969,0.047323769389571634,0.09910029100137763,0.011146457996801473,3.5972497499897145
85728,5687500.0,0.0,1687500.0,186327,238268.46094330287,4,20,0.014484203643947422,0.06858212500810623,0.01038433299981989,0.07279437499528285
40640,3487500.0,0.0,-187500.0,253952,256678.67152239566,17,969,0.04636851347381254,0.09861833300965372,0.007971957995323464,3.601442458006204
38208,2687500.0,0.0,-287500.0,232768,264601.9996345382,14,560,0.04881868298464416,0.089006583992159,0.010053874997538514,2.10364012500213
84384,2087500.0,0.0,1637500.0,189843,239399.57320781535,4,20,0.016128324665486256,0.07340483300504275,0.010656624988769181,0.07127816700085532
89184,2087500.0,0.0,1837500.0,189395,239373.7045559825,4,20,0.015922251557514953,0.07653779101383407,0.010446249987580813,0.07756550000340212
33408,2687500.0,0.0,-487500.0,197364,252142.11782309494,10,220,0.04993075533012933,0.07086312500177883,0.011490666991448961,0.8062714160041651
87392,2287500.0,0.0,1762500.0,189156,239345.02615359263,4,20,0.015938875373057174,0.07681870799569879,0.00830991700058803,0.07629004199407063
86784,2087500.0,0.0,1737500.0,189535,239397.61515316367,4,20,0.01599544914725626,0.0751462499902118,0.011856582990731113,0.07587749999947846
31008,2687500.0,0.0,-587500.0,195124,247492.1796777082,10,220,0.04503588978496285,0.07233370900212321,0.008275707994471304,0.8361467499926221
82752,6287500.0,0.0,1562500.0,183803,238101.10610679755,4,20,0.01419841930616792,0.06922391700209118,0.009972999992896803,0.07665737500065006
79744,6087500.0,0.0,1437500.0,183475,238067.27869952406,4,20,0.014177089479976803,0.06680975000199396,0.007522250001784414,0.07280437499866821
80352,6287500.0,0.0,1462500.0,183534,238045.7835306831,4,20,0.014111227453301452,0.0680034999968484,0.008201749995350838,0.0797222499968484
35808,2687500.0,0.0,-387500.0,208256,257747.705273948,11,286,0.046229623996108984,0.07462941699486692,0.007521125007770024,1.0548034160019597
82144,6087500.0,0.0,1537500.0,184043,238117.61093082183,4,20,0.014308052005639943,0.0675478750054026,0.00932208399171941,0.07586941600311548
83392,7287500.0,0.0,1587500.0,183019,238031.67485496635,4,20,0.013804385337350992,0.0654694999975618,0.010684124994440936,0.06928983300167602
77952,6287500.0,0.0,1362500.0,184315,238013.78379364905,4,20,0.013844333432810293,0.0687827919900883,0.008443250000709668,0.07366929200361483
84000,7487500.0,0.0,1612500.0,183531,238041.50392717306,4,20,0.013778777932569077,0.06693366600666195,0.0091187079960946,0.06932125000457745
85792,7287500.0,0.0,1687500.0,184083,238089.91011301303,4,20,0.01374337637634305,0.0672058750060387,0.007510834009735845,0.07815554201079067
88800,7487500.0,0.0,1812500.0,185092,238112.65268357476,4,20,0.013847965336242557,0.0721964590047719,0.011441291993833147,0.06610325000656303
86400,7487500.0,0.0,1712500.0,184720,238096.42995043274,4,20,0.013740799007198552,0.06906995800090954,0.013947250001365319,0.06941454201296438
88192,7287500.0,0.0,1787500.0,184980,238121.44386110123,4,20,0.01382253915631308,0.06977787498908583,0.010228249986539595,0.07425479199446272
83936,5887500.0,0.0,1612500.0,185771,238194.9134228713,4,20,0.014413243347822327,0.06874445799621753,0.009989208003389649,0.06642712499888148
88736,5887500.0,0.0,1812500.0,186347,238269.76420255264,4,20,0.01439846526932939,0.06967625000106636,0.009046708990354091,0.07503741599794012
86336,5887500.0,0.0,1712500.0,186063,238243.43515174917,4,20,0.014328245098413581,0.07509849999041762,0.014095624996116385,0.07416450000891928
85952,-3712500.0,0.0,1712500.0,187661,238814.29910369075,4,20,0.015745391566883458,0.0746356250019744,0.010200707998592407,0.1211129170114873
88352,-3712500.0,0.0,1812500.0,187824,238836.24957801323,4,20,0.01573858084469993,0.07062637500348501,0.00849870800448116,0.1338563330064062
85344,-3912500.0,0.0,1687500.0,187393,238726.73592596166,4,20,0.01570450813845479,0.12596508298884146,0.008553417006623931,0.06876408300013281
83552,-3712500.0,0.0,1612500.0,187627,238771.40640893238,4,20,0.015898967630401994,0.11697304199333303,0.008242541996878572,0.07518158300081268
63296,-112500.0,0.0,762500.0,190464,241467.94993593552,5,35,0.047896686807797975,0.07175470900256187,0.00868804099445697,0.11484391700651031
80960,6487500.0,0.0,1487500.0,183470,238032.22827593007,4,20,0.014033020030711305,0.0779445000080159,0.01143966699601151,0.07410820899531245
78560,6487500.0,0.0,1387500.0,183391,237991.04300383685,4,20,0.013809314438012062,0.0728463749983348,0.007625624988577329,0.07624224999744911
83840,3487500.0,0.0,1612500.0,187819,238908.73941595532,4,20,0.01596435694984267,0.07227779099775944,0.007414250008878298,0.07918412500293925
89248,3687500.0,0.0,1837500.0,187901,238897.02562127766,4,20,0.01573643185134441,0.06346345800557174,0.007671125000342727,0.07343958299316
86240,3487500.0,0.0,1712500.0,188274,238947.41309109353,4,20,0.015812152839756198,0.06870062500820495,0.00952241699269507,0.07975391599757131
60896,-112500.0,0.0,662500.0,193344,245373.62092115098,7,84,0.049267254273386775,0.0783549580082763,0.012231999993673526,0.30800845799967647
86848,3687500.0,0.0,1737500.0,187645,238884.58967091824,4,20,0.015724308860926416,0.06943695800146088,0.008008082993910648,0.07812966700294055
88640,3487500.0,0.0,1812500.0,188327,238966.43914278742,4,20,0.015800250471490886,0.07015254099678714,0.00851029199839104,0.07256029199925251
84448,3687500.0,0.0,1637500.0,187371,238840.9818930135,4,20,0.015862828423444546,0.06995391599775758,0.010548332997132093,0.07918520900420845
83296,4887500.0,0.0,1587500.0,185832,238419.22477142577,4,20,0.015236247855999321,0.07084975000179838,0.00799774999904912,0.07504033400618937
58496,-112500.0,0.0,562500.0,197696,251947.5487094587,9,165,0.04849052855321955,0.12788237500353716,0.010139791993424296,0.5946687079995172
85696,4887500.0,0.0,1687500.0,186540,238465.4215486341,4,20,0.015095659025555897,0.06812187501054723,0.0075745420035673305,0.06857158399361651
88096,4887500.0,0.0,1787500.0,186488,238502.52886073373,4,20,0.015085003880304674,0.07541179200052284,0.008521208001184277,0.07170479200431146
86304,5087500.0,0.0,1712500.0,186308,238422.31283398802,4,20,0.014919187125689338,0.07010712499322835,0.012120708008296788,0.07126354200590868
83904,5087500.0,0.0,1612500.0,186052,238377.2992990088,4,20,0.01503073057938468,0.0737765830126591,0.010471290996065363,0.06853604200296104
88704,5087500.0,0.0,1812500.0,186516,238449.87584940495,4,20,0.01495973411431826,0.06963929199264385,0.008729833003599197,0.08602379199874122
86432,-6712500.0,0.0,1737500.0,184335,238120.76396648833,4,20,0.013925234287313282,0.07001845800550655,0.008116875003906898,0.07708124999771826
84032,-6712500.0,0.0,1637500.0,183914,238072.67572223174,4,20,0.013922496029619534,0.07274858400342055,0.011868834000779316,0.07523108400346246
88832,-6712500.0,0.0,1837500.0,184535,238131.23578067444,4,20,0.013988578717018363,0.06886495900107548,0.010856792010599747,0.07398516700777691
26656,-1112500.0,0.0,-762500.0,192052,241581.1392912281,5,35,0.04580614143243882,0.07233125000493601,0.010733916002209298,0.13825879199430346
59968,6687500.0,0.0,612500.0,196471,247864.09841090607,8,120,0.049715682590356504,0.07607508399814833,0.008269416008261032,0.43133170799410436
40608,2687500.0,0.0,-187500.0,267184,257332.0721269955,18,1140,0.04646284447776399,0.10180979200231377,0.011055082999519072,4.286113915994065
27264,-912500.0,0.0,-737500.0,190724,242221.48518089426,5,35,0.04993212673641713,0.071555916001671,0.00822204198630061,0.12963624999974854
29056,-1112500.0,0.0,-662500.0,192500,245020.37092967238,8,120,0.04624853592785432,0.08102874999167398,0.00956970801053103,0.4463556249975227
57568,6687500.0,0.0,512500.0,197111,251911.17259390056,10,220,0.04905350579994226,0.07407237499137409,0.014178458004607819,0.8303846249909839
29664,-912500.0,0.0,-637500.0,193448,246364.50870807644,8,120,0.04758901730664662,0.0737474170018686,0.008747707994189113,0.4636473330028821
89088,-312500.0,0.0,1837500.0,189659,239513.6543363011,4,20,0.016477619022040285,0.0743253749969881,0.008002083006431349,0.07403045799583197
86688,-312500.0,0.0,1737500.0,189543,239545.18010391176,4,20,0.0166125224922377,0.07856262499990407,0.008266042001196183,0.07395983400056139
55168,6687500.0,0.0,412500.0,200360,254986.42943224998,11,286,0.046648606905261986,0.07676445799006615,0.009473375001107343,1.0550371249992168
84288,-312500.0,0.0,1637500.0,189739,239591.4868619182,4,20,0.01672970490157642,0.07671312500315253,0.007895540999015793,0.07635954199940898
84416,2887500.0,0.0,1637500.0,188445,239143.85299340755,4,20,0.01603858320496323,0.07831612500012852,0.008330042008310556,0.07751383299182635
89216,2887500.0,0.0,1837500.0,188660,239166.20764297608,4,20,0.015872482235857775,0.07331433400395326,0.008229667000705376,0.06845316600811202
86816,2887500.0,0.0,1737500.0,188596,239169.71882679992,4,20,0.015897084760448325,0.07656254200264812,0.008512459011399187,0.06835870799841359
86976,6887500.0,0.0,1737500.0,184470,238130.8742549677,4,20,0.013862131556785489,0.07059566699899733,0.009738082997500896,0.08228450000751764
84576,6887500.0,0.0,1637500.0,183394,238081.979960165,4,20,0.013852102779007867,0.07773362498846836,0.009927833001711406,0.08336858300026506
89376,6887500.0,0.0,1837500.0,184619,238140.1237668816,4,20,0.013926191032932229,0.0720958750025602,0.008280124995508231,0.08077650000632275
87712,-4712500.0,0.0,1787500.0,187004,238497.32587780067,4,20,0.015224547425665915,0.07130124999093823,0.010288417004630901,0.07053633400937542
82912,-4712500.0,0.0,1587500.0,186448,238413.62414934853,4,20,0.015391502685032733,0.07202812499599531,0.010415041993837804,0.07208912499481812
85312,-4712500.0,0.0,1687500.0,186704,238459.57671525935,4,20,0.015240980040293754,0.07658591600193176,0.008856708998791873,0.0789780829945812
32096,-112500.0,0.0,-537500.0,198111,254231.33897140683,9,165,0.04876894457912494,0.08251229199231602,0.0090256249968661,0.6127783749980154
34496,-112500.0,0.0,-437500.0,209472,265942.62536150333,10,220,0.04867271077183473,0.08439950000320096,0.008356874997843988,0.8235420410055667
48000,7487500.0,0.0,112500.0,255452,245536.24165078936,16,816,0.04985728986481417,0.09922958300739992,0.011665958008961752,3.0666555409989087
47968,6687500.0,0.0,112500.0,255232,246095.8449118786,18,1140,0.045810622737939975,0.09931883300305344,0.01134679101232905,4.253421999994316
47392,7287500.0,0.0,87500.0,262912,243364.24878552876,17,969,0.04457779333375692,0.1075325419951696,0.00913237500935793,3.6626816659991164
26240,3487500.0,0.0,-787500.0,191744,241617.82234207628,4,20,0.04545264452144647,0.0748411669919733,0.008950791991082951,0.0772425830073189
28640,3487500.0,0.0,-687500.0,192704,244036.89417582328,7,84,0.04316827071251579,0.07372870900144335,0.01180341700091958,0.3043309170025168
31040,3487500.0,0.0,-587500.0,195136,247541.19442741323,10,220,0.046002093875990045,0.0715853750007227,0.009708833007607609,0.8021994999871822
45600,7487500.0,0.0,12500.0,287808,244268.3412375541,19,1330,0.04364514420627109,0.12264812500507105,0.009236917001544498,4.913706874998752
45568,6687500.0,0.0,12500.0,287552,244927.0535261541,20,1540,0.04890954926392485,0.11209833298926242,0.008995750002213754,5.701359500002582
48896,-112500.0,0.0,162500.0,288064,263916.0110419153,15,680,0.045304658914778265,0.10969045899400953,0.009856792006758042,2.47410600000876
50976,6887500.0,0.0,237500.0,219776,253426.84257404853,13,455,0.04822857221728792,0.08236858400050551,0.009687915997346863,1.6588607910089195
53376,6887500.0,0.0,337500.0,202676,254957.24196368523,11,286,0.04660031428284507,0.0820699589967262,0.01161724999838043,1.0571819169999799
61184,7087500.0,0.0,662500.0,196404,245978.7743806707,7,84,0.04427597433125793,0.08053991699125618,0.01106979200267233,0.3063457910029683
63584,7087500.0,0.0,762500.0,192962,242813.02026055462,4,20,0.048634336408720245,0.07385887501004618,0.007368625010713004,0.073243792008725
84672,-5712500.0,0.0,1662500.0,186087,238206.29826614942,4,20,0.014490489235401563,0.06933774999924935,0.007685249991482124,0.07643375000043306
87072,-5712500.0,0.0,1762500.0,186591,238248.35770847916,4,20,0.014487408794612364,0.08143725000263657,0.008480542004690506,0.07957891600381117
52192,7287500.0,0.0,287500.0,209140,253856.33377511564,11,286,0.0490687372356717,0.08073087500815745,0.009878084005322307,1.0659857090067817
52800,7487500.0,0.0,312500.0,205504,254684.74781796013,11,286,0.0466892279997556,0.08061366599577013,0.011901499994564801,1.0532202500035055
89472,-5712500.0,0.0,1862500.0,188480,240203.75279674088,4,20,0.0002743499266633751,0.0700484170083655,0.010787375009385869,0.07367024999985006
71392,7287500.0,0.0,1087500.0,187072,238451.77508443757,4,20,0.013434927956941735,0.06869404199824203,0.008814167013042606,0.07685266699991189
76800,7487500.0,0.0,1312500.0,183867,237930.25611098137,4,20,0.013320635287949287,0.06937183300033212,0.010791125008836389,0.07723366700520273
74400,7487500.0,0.0,1212500.0,185387,238050.37105497697,4,20,0.012914186930349828,0.07575358400936238,0.007863666003686376,0.06947504098934587
76192,7287500.0,0.0,1287500.0,184288,237951.11653046674,4,20,0.013232128340599128,0.06941887500579469,0.008429749999777414,0.07356958401214797
72000,7487500.0,0.0,1112500.0,186432,238345.3811739827,4,20,0.013108645461961617,0.06523591699078679,0.008309625001857057,0.07206037499418017
73792,7287500.0,0.0,1187500.0,184960,238111.29515847444,4,20,0.012856835772650631,0.06828983301238623,0.00804929100559093,0.0774137080006767
79200,7487500.0,0.0,1412500.0,182678,237933.62343086855,4,20,0.013597215632998316,0.06448541700956412,0.00787849999323953,0.07186554199142847
81600,7487500.0,0.0,1512500.0,183118,237980.0556862703,4,20,0.013788724915181157,0.0654155000083847,0.008621417000540532,0.08380804100306705
80992,7287500.0,0.0,1487500.0,182907,237970.28639369432,4,20,0.013753445757379862,0.06893283298995811,0.00799925001047086,0.0793123749899678
50400,7487500.0,0.0,212500.0,228416,253337.64223397285,14,560,0.04650649396696778,0.08643062500050291,0.010933208002825268,2.08111933300097
78592,7287500.0,0.0,1387500.0,182678,237930.8545252562,4,20,0.013549394892876876,0.06961445799970534,0.009815583005547523,0.0768321250070585
86176,1887500.0,0.0,1712500.0,189672,239440.7706020492,4,20,0.016069584661702965,0.06704279199766461,0.009149667006568052,0.07597229200473521
83776,1887500.0,0.0,1612500.0,189919,239455.08215601865,4,20,0.01615913483306197,0.07299362499907147,0.00924937499803491,0.08027045799826737
49792,7287500.0,0.0,187500.0,233216,251970.656706471,15,680,0.04395087936271599,0.09028316699550487,0.012097957995138131,2.503780375001952
88576,1887500.0,0.0,1812500.0,189691,239411.53813986157,4,20,0.015961956106200357,0.07046674999583047,0.00974170801055152,0.07466612500138581
51296,-112500.0,0.0,262500.0,263487,277942.83317443106,19,1330,0.046030050979643466,0.10210370800632518,0.009096207999391481,4.925381624998408
87424,3087500.0,0.0,1762500.0,188711,239105.96093169093,4,20,0.01585048628171556,0.0686310000019148,0.011745208001229912,0.0684958329948131
85024,3087500.0,0.0,1662500.0,188325,239076.16932027202,4,20,0.015969631431775173,0.07386858398967888,0.00837554200552404,0.077561208003317
89824,3087500.0,0.0,1862500.0,188480,240203.75279674088,4,20,0.0002743499266633751,0.07345475000329316,0.007443249996867962,0.06582633299694862
83968,6687500.0,0.0,1612500.0,183266,238084.19984704125,4,20,0.013945923853227828,0.06612229099846445,0.010814833993208595,0.06625800000620075
86368,6687500.0,0.0,1712500.0,184455,238137.71277562398,4,20,0.013894081473630448,0.07464633299969137,0.00971387499885168,0.07288516599510331
86464,-5912500.0,0.0,1737500.0,186427,238205.37919421858,4,20,0.014342831593702554,0.06965262499579694,0.010549458005698398,0.0711404589965241
88768,6687500.0,0.0,1812500.0,184519,238157.2409971918,4,20,0.013989644578749391,0.06966599999577738,0.015258332990924828,0.07236999999440741
84064,-5912500.0,0.0,1637500.0,186015,238159.4001190999,4,20,0.014378383836126205,0.06885562499519438,0.012215834009111859,0.07594779200735502
88864,-5912500.0,0.0,1837500.0,186411,238222.17555119956,4,20,0.014394441221393887,0.06793262499559205,0.007811834002495743,0.06743291699967813
85280,-5512500.0,0.0,1687500.0,186335,238256.1892923156,4,20,0.01463271534370148,0.07024470900068991,0.012418833008268848,0.0662903749907855
87680,-5512500.0,0.0,1787500.0,186228,238292.90908303464,4,20,0.01465359489488193,0.07753033300105017,0.010916583007201552,0.07193945899780374
82880,-5512500.0,0.0,1587500.0,185721,238210.1340613991,4,20,0.014751033774608326,0.07105395800317638,0.008582374997786246,0.06487112501054071
32064,-912500.0,0.0,-537500.0,198336,253190.68235782214,9,165,0.049293051325206026,0.07361312500142958,0.008701917002326809,0.6099505000020145
31456,-1112500.0,0.0,-562500.0,196267,250901.38826227078,9,165,0.04996380708485406,0.08020262500212993,0.014249832995119505,0.6257788329967298
34464,-912500.0,0.0,-437500.0,210304,263907.8623915327,10,220,0.04772591235032315,0.0808748330018716,0.008225333003792912,0.8091355420037871
33856,-1112500.0,0.0,-462500.0,204992,260202.8064401098,10,220,0.046761761989858035,0.07849004199670162,0.012305416996241547,0.8234758340113331
34592,2287500.0,0.0,-437500.0,202816,255885.34825614296,10,220,0.04802291146165259,0.07486708299256861,0.009042500008945353,0.827344457997242
36256,-1112500.0,0.0,-362500.0,224768,272742.5338509693,12,364,0.04670370738643275,0.0833105420024367,0.010061790992040187,1.3697643339983188
35200,2487500.0,0.0,-412500.0,205239,257100.87169332104,10,220,0.049603236652613375,0.07840841700090095,0.011708874997566454,0.8159733339998638
32800,2487500.0,0.0,-512500.0,196928,251203.73811224406,10,220,0.049439027175371505,0.07993208299740218,0.00869758299086243,0.8354186250071507
85056,3887500.0,0.0,1662500.0,187399,238777.78396858624,4,20,0.015743612244907303,0.06971325000631623,0.009836416997131892,0.0798087909934111
31648,3687500.0,0.0,-562500.0,195655,248637.29951245774,10,220,0.04745492981319159,0.0772743330016965,0.008432292001089081,0.8090462499967543
89856,3887500.0,0.0,1862500.0,188480,240203.75279674088,4,20,0.0002743499266633751,0.07110058299440425,0.009850540998741053,0.07298970800184179
36448,3687500.0,0.0,-362500.0,207168,256883.82309001754,11,286,0.047759179732692454,0.08002012499491684,0.00919608399271965,1.044850457998109
87456,3887500.0,0.0,1762500.0,187768,238822.58365788634,4,20,0.01564459403011708,0.0765636669966625,0.008700665988726541,0.06523974999436177
35840,3487500.0,0.0,-387500.0,204224,255827.04201939463,11,286,0.04519823553644878,0.0750279999920167,0.010809667001012713,1.0832350840064464
87584,7087500.0,0.0,1762500.0,184671,238125.93690123872,4,20,0.013832529891447119,0.07416866598941851,0.007999916997505352,0.07088574999943376
89984,7087500.0,0.0,1862500.0,188480,240203.75279674088,4,20,0.0002743499266633751,0.07717845799925271,0.010911958001088351,0.06825070800550748
85184,7087500.0,0.0,1662500.0,183726,238084.95611935793,4,20,0.013775926513668506,0.0697552089986857,0.007442082991474308,0.058345875004306436
33440,3487500.0,0.0,-487500.0,197818,251706.81076579654,11,286,0.04570370567481623,0.07729475000815,0.00858804200834129,0.9174687500053551
34048,3687500.0,0.0,-462500.0,198764,252862.85891804652,11,286,0.045375260329378324,0.07624845799000468,0.011289166999631561,0.8381024580012308
